major,college,catalog_year,requirement_group,course_code,course_title,credits,notes
Agribusiness Major with Agribusiness Management Option,College of Agriculture & Life Sciences,2026-2027,Degree Core Requirements,AAEC 2434,Foundations of Agribusiness 1,3,
Agribusiness Major with Agribusiness Management Option,College of Agriculture & Life Sciences,2026-2027,Degree Core Requirements,AAEC 3454,Small Business Management and Entrepreneurship 1,3,
Agribusiness Major with Agribusiness Management Option,College of Agriculture & Life Sciences,2026-2027,Degree Core Requirements,AAEC 3504,Agricultural Marketing Channels: From Farm to Plate 1,3,
Agribusiness Major with Agribusiness Management Option,College of Agriculture & Life Sciences,2026-2027,Degree Core Requirements,AAEC 3604,Agricultural Law,3,
Agribusiness Major with Agribusiness Management Option,College of Agriculture & Life Sciences,2026-2027,Degree Core Requirements,AAEC 4424,Ag Financial Management 1,3,
Agribusiness Major with Agribusiness Management Option,College of Agriculture & Life Sciences,2026-2027,Degree Core Requirements,AAEC 3024,Monetary and Global Issues in Applied Economics 1,3,
Agribusiness Major with Agribusiness Management Option,College of Agriculture & Life Sciences,2026-2027,Degree Core Requirements,ACIS 2115,Principles of Accounting,3,
Agribusiness Major with Agribusiness Management Option,College of Agriculture & Life Sciences,2026-2027,Major Requirements,ALS 1234,CALS First Year Seminar,1,
Agribusiness Major with Agribusiness Management Option,College of Agriculture & Life Sciences,2026-2027,Major Requirements,AAEC 3014,Analytical Methods in Applied Economics 1,3,
Agribusiness Major with Agribusiness Management Option,College of Agriculture & Life Sciences,2026-2027,Major Requirements,AAEC 3424,Value-Based Management in Agribusiness 1,3,
Agribusiness Major with Agribusiness Management Option,College of Agriculture & Life Sciences,2026-2027,Major Requirements,ENGL 3774,Business Writing 1,3,
Agribusiness Major with Agribusiness Management Option,College of Agriculture & Life Sciences,2026-2027,Major Requirements,AAEC 3900,Bridge Experience,0,
Agribusiness Major with Agribusiness Management Option,College of Agriculture & Life Sciences,2026-2027,Major Option Core Courses,AAEC 3004,Agricultural Production and Consumption Economics 1,3,
Agribusiness Major with Agribusiness Management Option,College of Agriculture & Life Sciences,2026-2027,Major Option Core Courses,AAEC 3015,Internship in Agricultural and Applied Economics,1,
Agribusiness Major with Agribusiness Management Option,College of Agriculture & Life Sciences,2026-2027,Major Option Core Courses,AAEC 4514,Advanced Agribusiness Marketing 1,3,
Agribusiness Major with Agribusiness Management Option,College of Agriculture & Life Sciences,2026-2027,Pathways Concept 1 - Discourse,ENGL 1105,First-Year Writing (1F),3,
Agribusiness Major with Agribusiness Management Option,College of Agriculture & Life Sciences,2026-2027,Pathways Concept 1 - Discourse,ENGL 1106,First-Year Writing (1F),3,
Agribusiness Major with Agribusiness Management Option,College of Agriculture & Life Sciences,2026-2027,Pathways Concept 1 - Discourse,COMM 2004,Public Speaking (1A),3,
Agribusiness Major with Agribusiness Management Option,College of Agriculture & Life Sciences,2026-2027,Pathways Concept 3 - Reasoning in the Social Sciences,AAEC 1005,Economics of the Food and Fiber System,3,
Agribusiness Major with Agribusiness Management Option,College of Agriculture & Life Sciences,2026-2027,Pathways Concept 3 - Reasoning in the Social Sciences,AAEC 1006,Economics of the Food and Fiber System,3,
Agribusiness Major with Agribusiness Management Option,College of Agriculture & Life Sciences,2026-2027,Pathways Concept 5 - Quantitative and Computational Thinking,MATH 1025,Elementary Calculus (5F) 2,3,
Agribusiness Major with Agribusiness Management Option,College of Agriculture & Life Sciences,2026-2027,Pathways Concept 5 - Quantitative and Computational Thinking,AAEC 2014,Decision Analytics for the Life Sciences 2,3,
Agribusiness Major with Agribusiness Management Option,College of Agriculture & Life Sciences,2026-2027,Pathways Concept 5 - Quantitative and Computational Thinking,STAT 3615,Biological Statistics (5A) 1,3,
Agribusiness Major with Veterinary Business Management Option,College of Agriculture & Life Sciences,2026-2027,Degree Core Requirements,AAEC 2434,Foundations of Agribusiness 1,3,
Agribusiness Major with Veterinary Business Management Option,College of Agriculture & Life Sciences,2026-2027,Degree Core Requirements,AAEC 3454,Small Business Management and Entrepreneurship 1,3,
Agribusiness Major with Veterinary Business Management Option,College of Agriculture & Life Sciences,2026-2027,Degree Core Requirements,AAEC 3504,Agricultural Marketing Channels: From Farm to Plate 1,3,
Agribusiness Major with Veterinary Business Management Option,College of Agriculture & Life Sciences,2026-2027,Degree Core Requirements,AAEC 3604,Agricultural Law,3,
Agribusiness Major with Veterinary Business Management Option,College of Agriculture & Life Sciences,2026-2027,Degree Core Requirements,AAEC 4424,Ag Financial Management 1,3,
Agribusiness Major with Veterinary Business Management Option,College of Agriculture & Life Sciences,2026-2027,Degree Core Requirements,AAEC 3024,Monetary and Global Issues in Applied Economics 1,3,
Agribusiness Major with Veterinary Business Management Option,College of Agriculture & Life Sciences,2026-2027,Degree Core Requirements,ACIS 2115,Principles of Accounting,3,
Agribusiness Major with Veterinary Business Management Option,College of Agriculture & Life Sciences,2026-2027,Major Requirements,ALS 1234,CALS First Year Seminar,1,
Agribusiness Major with Veterinary Business Management Option,College of Agriculture & Life Sciences,2026-2027,Major Requirements,AAEC 3014,Analytical Methods in Applied Economics 1,3,
Agribusiness Major with Veterinary Business Management Option,College of Agriculture & Life Sciences,2026-2027,Major Requirements,AAEC 3424,Value-Based Management in Agribusiness 1,3,
Agribusiness Major with Veterinary Business Management Option,College of Agriculture & Life Sciences,2026-2027,Major Requirements,ENGL 3774,Business Writing 1,3,
Agribusiness Major with Veterinary Business Management Option,College of Agriculture & Life Sciences,2026-2027,Major Requirements,AAEC 3900,Bridge Experience,0,
Agribusiness Major with Veterinary Business Management Option,College of Agriculture & Life Sciences,2026-2027,Major Option Core Courses,BCHM 2024,Concepts of Biochemistry 1,3,
Agribusiness Major with Veterinary Business Management Option,College of Agriculture & Life Sciences,2026-2027,Major Option Core Courses,BIOL 1115,Principles of Biology Laboratory 1,1,
Agribusiness Major with Veterinary Business Management Option,College of Agriculture & Life Sciences,2026-2027,Major Option Core Courses,BIOL 1116,Principles of Biology Laboratory,1,
Agribusiness Major with Veterinary Business Management Option,College of Agriculture & Life Sciences,2026-2027,Major Option Core Courses,BIOL 2604,General Microbiology 1,3,
Agribusiness Major with Veterinary Business Management Option,College of Agriculture & Life Sciences,2026-2027,Major Option Core Courses,BIOL 2614,General Microbiology Laboratory 1,1-2,
Agribusiness Major with Veterinary Business Management Option,College of Agriculture & Life Sciences,2026-2027,Major Option Core Courses,PHYS 2205,General Physics 1,3,
Agribusiness Major with Veterinary Business Management Option,College of Agriculture & Life Sciences,2026-2027,Major Option Core Courses,PHYS 2206,General Physics 1,3,
Agribusiness Major with Veterinary Business Management Option,College of Agriculture & Life Sciences,2026-2027,Major Option Core Courses,PHYS 2215,General Physics Laboratory 1,1,
Agribusiness Major with Veterinary Business Management Option,College of Agriculture & Life Sciences,2026-2027,Major Option Core Courses,PHYS 2216,General Physics Laboratory 1,1,
Agribusiness Major with Veterinary Business Management Option,College of Agriculture & Life Sciences,2026-2027,Major Option Core Courses,CHEM 1035,General Chemistry,3,
Agribusiness Major with Veterinary Business Management Option,College of Agriculture & Life Sciences,2026-2027,Major Option Core Courses,CHEM 1036,General Chemistry,3,
Agribusiness Major with Veterinary Business Management Option,College of Agriculture & Life Sciences,2026-2027,Major Option Core Courses,CHEM 1045,General Chemistry Laboratory,1,
Agribusiness Major with Veterinary Business Management Option,College of Agriculture & Life Sciences,2026-2027,Major Option Core Courses,CHEM 1046,General Chemistry Laboratory,1,
Agribusiness Major with Veterinary Business Management Option,College of Agriculture & Life Sciences,2026-2027,Major Option Core Courses,CHEM 2535,Organic Chemistry 1,3,
Agribusiness Major with Veterinary Business Management Option,College of Agriculture & Life Sciences,2026-2027,Major Option Core Courses,CHEM 2536,Organic Chemistry 1,3,
Agribusiness Major with Veterinary Business Management Option,College of Agriculture & Life Sciences,2026-2027,Major Option Core Courses,CHEM 2545,Organic Chemistry Laboratory 1,1,
Agribusiness Major with Veterinary Business Management Option,College of Agriculture & Life Sciences,2026-2027,Major Option Core Courses,CHEM 2546,Organic Chemistry Laboratory 1,1,
Agribusiness Major with Veterinary Business Management Option,College of Agriculture & Life Sciences,2026-2027,Major Option Core Courses,HNFE 2204,Medical Terminology 1,3,
Agribusiness Major with Veterinary Business Management Option,College of Agriculture & Life Sciences,2026-2027,Pathways Concept 1 - Discourse,ENGL 1105,First-Year Writing,3,
Agribusiness Major with Veterinary Business Management Option,College of Agriculture & Life Sciences,2026-2027,Pathways Concept 1 - Discourse,ENGL 1106,First-Year Writing,3,
Agribusiness Major with Veterinary Business Management Option,College of Agriculture & Life Sciences,2026-2027,Pathways Concept 1 - Discourse,COMM 2004,Public Speaking,3,
Agribusiness Major with Veterinary Business Management Option,College of Agriculture & Life Sciences,2026-2027,Pathways Concept 3 - Reasoning in the Social Sciences,AAEC 1005,Economics of the Food and Fiber System,3,
Agribusiness Major with Veterinary Business Management Option,College of Agriculture & Life Sciences,2026-2027,Pathways Concept 3 - Reasoning in the Social Sciences,AAEC 1006,Economics of the Food and Fiber System,3,
Agribusiness Major with Veterinary Business Management Option,College of Agriculture & Life Sciences,2026-2027,Pathways Concept 4 - Reasoning in the Natural Sciences,BIOL 1105,Principles of Biology,3,
Agribusiness Major with Veterinary Business Management Option,College of Agriculture & Life Sciences,2026-2027,Pathways Concept 4 - Reasoning in the Natural Sciences,BIOL 1106,Principles of Biology,3,
Agribusiness Major with Veterinary Business Management Option,College of Agriculture & Life Sciences,2026-2027,Pathways Concept 5 - Quantitative and Computational Thinking,MATH 1025,Elementary Calculus,3,
Agribusiness Major with Veterinary Business Management Option,College of Agriculture & Life Sciences,2026-2027,Pathways Concept 5 - Quantitative and Computational Thinking,AAEC 2014,Decision Analytics for the Life Sciences 2,3,
Agribusiness Major with Veterinary Business Management Option,College of Agriculture & Life Sciences,2026-2027,Pathways Concept 5 - Quantitative and Computational Thinking,STAT 3615,Biological Statistics,3,
Community Economic Development Major,College of Agriculture & Life Sciences,2026-2027,Degree Core Requirements,AAEC 2434,Foundations of Agribusiness 1,3,
Community Economic Development Major,College of Agriculture & Life Sciences,2026-2027,Degree Core Requirements,AAEC 3004,Agricultural Production and Consumption Economics 1,3,
Community Economic Development Major,College of Agriculture & Life Sciences,2026-2027,Degree Core Requirements,AAEC 3024,Monetary and Global Issues in Applied Economics 1,3,
Community Economic Development Major,College of Agriculture & Life Sciences,2026-2027,Degree Core Requirements,AAEC 3014,Analytical Methods in Applied Economics 1,3,
Community Economic Development Major,College of Agriculture & Life Sciences,2026-2027,Degree Core Requirements,AAEC 3015,Internship in Agricultural and Applied Economics,1,
Community Economic Development Major,College of Agriculture & Life Sciences,2026-2027,Degree Core Requirements,ACIS 2115,Principles of Accounting,3,
Community Economic Development Major,College of Agriculture & Life Sciences,2026-2027,Degree Core Requirements,ENGL 3774,Business Writing 1,3,
Community Economic Development Major,College of Agriculture & Life Sciences,2026-2027,Major Requirements,ALS 1234,CALS First Year Seminar,1,
Community Economic Development Major,College of Agriculture & Life Sciences,2026-2027,Major Requirements,AAEC 3604,Agricultural Law,3,
Community Economic Development Major,College of Agriculture & Life Sciences,2026-2027,Major Requirements,AAEC 3324,Environment and Sustainable Development Economics 1,3,
Community Economic Development Major,College of Agriculture & Life Sciences,2026-2027,Major Requirements,AAEC 4324,Rural and Regional Development Policy 1,3,
Community Economic Development Major,College of Agriculture & Life Sciences,2026-2027,Major Requirements,AAEC 3424,Value-Based Management in Agribusiness 1,3,
Community Economic Development Major,College of Agriculture & Life Sciences,2026-2027,Select two of the following:,AAEC 3900,Bridge Experience,0,
Community Economic Development Major,College of Agriculture & Life Sciences,2026-2027,Pathways Concept 1 - Discourse,ENGL 1105,First-Year Writing (1F),3,
Community Economic Development Major,College of Agriculture & Life Sciences,2026-2027,Pathways Concept 1 - Discourse,ENGL 1106,First-Year Writing (1F),3,
Community Economic Development Major,College of Agriculture & Life Sciences,2026-2027,Pathways Concept 1 - Discourse,COMM 2004,Public Speaking (1A),3,
Community Economic Development Major,College of Agriculture & Life Sciences,2026-2027,Pathways Concept 3 - Reasoning in the Social Sciences,AAEC 1005,Economics of the Food and Fiber System,3,
Community Economic Development Major,College of Agriculture & Life Sciences,2026-2027,Pathways Concept 3 - Reasoning in the Social Sciences,AAEC 1006,Economics of the Food and Fiber System,3,
Community Economic Development Major,College of Agriculture & Life Sciences,2026-2027,Pathways Concept 5 - Quantitative and Computational Thinking,MATH 1025,Elementary Calculus (5F) 2,3,
Community Economic Development Major,College of Agriculture & Life Sciences,2026-2027,Pathways Concept 5 - Quantitative and Computational Thinking,AAEC 2014,Decision Analytics for the Life Sciences,3-4,
Community Economic Development Major,College of Agriculture & Life Sciences,2026-2027,Pathways Concept 5 - Quantitative and Computational Thinking,STAT 3615,Biological Statistics (5A) 1,3,
"Environmental Economics, Management, and Policy Major",College of Agriculture & Life Sciences,2026-2027,Degree Core Requirements,AAEC 2434,Foundations of Agribusiness 1,3,
"Environmental Economics, Management, and Policy Major",College of Agriculture & Life Sciences,2026-2027,Degree Core Requirements,AAEC 3004,Agricultural Production and Consumption Economics 1,3,
"Environmental Economics, Management, and Policy Major",College of Agriculture & Life Sciences,2026-2027,Degree Core Requirements,AAEC 3024,Monetary and Global Issues in Applied Economics 1,3,
"Environmental Economics, Management, and Policy Major",College of Agriculture & Life Sciences,2026-2027,Degree Core Requirements,AAEC 3015,Internship in Agricultural and Applied Economics,1,
"Environmental Economics, Management, and Policy Major",College of Agriculture & Life Sciences,2026-2027,Degree Core Requirements,AAEC 3014,Analytical Methods in Applied Economics 1,3,
"Environmental Economics, Management, and Policy Major",College of Agriculture & Life Sciences,2026-2027,Degree Core Requirements,ACIS 2115,Principles of Accounting,3,
"Environmental Economics, Management, and Policy Major",College of Agriculture & Life Sciences,2026-2027,Degree Core Requirements,ENGL 3774,Business Writing 1,3,
"Environmental Economics, Management, and Policy Major",College of Agriculture & Life Sciences,2026-2027,Major Requirements,ALS 1234,CALS First Year Seminar,1,
"Environmental Economics, Management, and Policy Major",College of Agriculture & Life Sciences,2026-2027,Major Requirements,AAEC 3314,Environmental Law,3,
"Environmental Economics, Management, and Policy Major",College of Agriculture & Life Sciences,2026-2027,Major Requirements,AAEC 3324,Environment and Sustainable Development Economics 1,3,
"Environmental Economics, Management, and Policy Major",College of Agriculture & Life Sciences,2026-2027,Major Requirements,AAEC 4314,Environmental Economic Analysis and Management 1,3,
"Environmental Economics, Management, and Policy Major",College of Agriculture & Life Sciences,2026-2027,Major Requirements,AAEC 4324,Rural and Regional Development Policy 1,3,
"Environmental Economics, Management, and Policy Major",College of Agriculture & Life Sciences,2026-2027,Major Requirements,ENSC 1015,Foundations of Environmental Science,3,
"Environmental Economics, Management, and Policy Major",College of Agriculture & Life Sciences,2026-2027,Major Requirements,AAEC 3424,Value-Based Management in Agribusiness 1,3,
"Environmental Economics, Management, and Policy Major",College of Agriculture & Life Sciences,2026-2027,Major Requirements,AAEC 3900,Bridge Experience,0,
"Environmental Economics, Management, and Policy Major",College of Agriculture & Life Sciences,2026-2027,Pathways Concept 1 - Discourse,ENGL 1105,First-Year Writing (1F),3,
"Environmental Economics, Management, and Policy Major",College of Agriculture & Life Sciences,2026-2027,Pathways Concept 1 - Discourse,ENGL 1106,First-Year Writing (1F),3,
"Environmental Economics, Management, and Policy Major",College of Agriculture & Life Sciences,2026-2027,Pathways Concept 1 - Discourse,COMM 2004,Public Speaking (1A),3,
"Environmental Economics, Management, and Policy Major",College of Agriculture & Life Sciences,2026-2027,Pathways Concept 3 - Reasoning in the Social Sciences,AAEC 1005,Economics of the Food and Fiber System,3,
"Environmental Economics, Management, and Policy Major",College of Agriculture & Life Sciences,2026-2027,Pathways Concept 3 - Reasoning in the Social Sciences,AAEC 1006,Economics of the Food and Fiber System,3,
"Environmental Economics, Management, and Policy Major",College of Agriculture & Life Sciences,2026-2027,Pathways Concept 5 - Quantitative and Computational Thinking,MATH 1025,Elementary Calculus (5F) 2,3,
"Environmental Economics, Management, and Policy Major",College of Agriculture & Life Sciences,2026-2027,Pathways Concept 5 - Quantitative and Computational Thinking,AAEC 2014,Decision Analytics for the Life Sciences,3,
"Environmental Economics, Management, and Policy Major",College of Agriculture & Life Sciences,2026-2027,Pathways Concept 5 - Quantitative and Computational Thinking,STAT 3615,Biological Statistics (5A) 1,3,
Food and Health Systems Economics Major,College of Agriculture & Life Sciences,2026-2027,Degree Core Requirements,AAEC 2434,Foundations of Agribusiness 1,3,
Food and Health Systems Economics Major,College of Agriculture & Life Sciences,2026-2027,Degree Core Requirements,AAEC 3004,Agricultural Production and Consumption Economics 1,3,
Food and Health Systems Economics Major,College of Agriculture & Life Sciences,2026-2027,Degree Core Requirements,AAEC 3024,Monetary and Global Issues in Applied Economics 1,3,
Food and Health Systems Economics Major,College of Agriculture & Life Sciences,2026-2027,Degree Core Requirements,AAEC 3014,Analytical Methods in Applied Economics 1,3,
Food and Health Systems Economics Major,College of Agriculture & Life Sciences,2026-2027,Degree Core Requirements,AAEC 3015,Internship in Agricultural and Applied Economics,1,
Food and Health Systems Economics Major,College of Agriculture & Life Sciences,2026-2027,Degree Core Requirements,ACIS 2115,Principles of Accounting,3,
Food and Health Systems Economics Major,College of Agriculture & Life Sciences,2026-2027,Degree Core Requirements,ENGL 3774,Business Writing 1,3,
Food and Health Systems Economics Major,College of Agriculture & Life Sciences,2026-2027,Major Requirements,ALS 1234,CALS First Year Seminar,1,
Food and Health Systems Economics Major,College of Agriculture & Life Sciences,2026-2027,Major Requirements,APSC 1454,Introduction to Animal and Poultry Science 1,3,
Food and Health Systems Economics Major,College of Agriculture & Life Sciences,2026-2027,Major Requirements,AAEC 3504,Agricultural Marketing Channels: From Farm to Plate 1,3,
Food and Health Systems Economics Major,College of Agriculture & Life Sciences,2026-2027,Major Requirements,AAEC 4504,Agricultural Price and Market Analysis 1,3,
Food and Health Systems Economics Major,College of Agriculture & Life Sciences,2026-2027,Major Requirements,AAEC 4814,Food and Health Economics 1,3,
Food and Health Systems Economics Major,College of Agriculture & Life Sciences,2026-2027,Major Requirements,SPES 2244,World Crops: Food and Culture 1,3,
Food and Health Systems Economics Major,College of Agriculture & Life Sciences,2026-2027,Major Requirements,ECON 4214,Economics of Health Care 1,3,
Food and Health Systems Economics Major,College of Agriculture & Life Sciences,2026-2027,Major Requirements,AAEC 3424,Value-Based Management in Agribusiness 1,3,
Food and Health Systems Economics Major,College of Agriculture & Life Sciences,2026-2027,Major Requirements,FST 2014,Introduction to Food Science,2,
Food and Health Systems Economics Major,College of Agriculture & Life Sciences,2026-2027,Major Requirements,HNFE 1004,"Foods, Nutrition And Exercise",3,
Food and Health Systems Economics Major,College of Agriculture & Life Sciences,2026-2027,Major Requirements,PHS 2004,Introduction to Public Health,3,
Food and Health Systems Economics Major,College of Agriculture & Life Sciences,2026-2027,Major Requirements,AAEC 3900,Bridge Experience,0,
Food and Health Systems Economics Major,College of Agriculture & Life Sciences,2026-2027,Pathways Concept 1 - Discourse,ENGL 1105,First-Year Writing (1F),3,
Food and Health Systems Economics Major,College of Agriculture & Life Sciences,2026-2027,Pathways Concept 1 - Discourse,ENGL 1106,First-Year Writing (1F),3,
Food and Health Systems Economics Major,College of Agriculture & Life Sciences,2026-2027,Pathways Concept 1 - Discourse,COMM 2004,Public Speaking (1A),3,
Food and Health Systems Economics Major,College of Agriculture & Life Sciences,2026-2027,Pathways Concept 3 - Reasoning in the Social Sciences,AAEC 1005,Economics of the Food and Fiber System,3,
Food and Health Systems Economics Major,College of Agriculture & Life Sciences,2026-2027,Pathways Concept 3 - Reasoning in the Social Sciences,AAEC 1006,Economics of the Food and Fiber System,3,
Food and Health Systems Economics Major,College of Agriculture & Life Sciences,2026-2027,Pathways Concept 5 - Quantitative and Computational Thinking,MATH 1025,Elementary Calculus (5F) 3,3,
Food and Health Systems Economics Major,College of Agriculture & Life Sciences,2026-2027,Pathways Concept 5 - Quantitative and Computational Thinking,AAEC 2014,Decision Analytics for the Life Sciences,3,
Food and Health Systems Economics Major,College of Agriculture & Life Sciences,2026-2027,Pathways Concept 5 - Quantitative and Computational Thinking,STAT 3615,Biological Statistics (5A) 1,3,
International Trade and Development Major,College of Agriculture & Life Sciences,2026-2027,Degree Core Requirements,AAEC 2434,Foundations of Agribusiness 1,3,
International Trade and Development Major,College of Agriculture & Life Sciences,2026-2027,Degree Core Requirements,AAEC 3004,Agricultural Production and Consumption Economics 1,3,
International Trade and Development Major,College of Agriculture & Life Sciences,2026-2027,Degree Core Requirements,AAEC 3024,Monetary and Global Issues in Applied Economics 1,3,
International Trade and Development Major,College of Agriculture & Life Sciences,2026-2027,Degree Core Requirements,AAEC 3015,Internship in Agricultural and Applied Economics,1,
International Trade and Development Major,College of Agriculture & Life Sciences,2026-2027,Degree Core Requirements,AAEC 3014,Analytical Methods in Applied Economics 1,3,
International Trade and Development Major,College of Agriculture & Life Sciences,2026-2027,Degree Core Requirements,ACIS 2115,Principles of Accounting,3,
International Trade and Development Major,College of Agriculture & Life Sciences,2026-2027,Degree Core Requirements,ENGL 3774,Business Writing 1,3,
International Trade and Development Major,College of Agriculture & Life Sciences,2026-2027,Major Requirements,ALS 1234,CALS First Year Seminar,1,
International Trade and Development Major,College of Agriculture & Life Sciences,2026-2027,Major Requirements,AAEC 3204,International Agricultural Development and Trade 1,3,
International Trade and Development Major,College of Agriculture & Life Sciences,2026-2027,Major Requirements,AAEC 3324,Environment and Sustainable Development Economics 1,3,
International Trade and Development Major,College of Agriculture & Life Sciences,2026-2027,Major Requirements,AAEC 4324,Rural and Regional Development Policy 1,3,
International Trade and Development Major,College of Agriculture & Life Sciences,2026-2027,Major Requirements,AAEC 3424,Value-Based Management in Agribusiness 1,3,
International Trade and Development Major,College of Agriculture & Life Sciences,2026-2027,Major Requirements,IS 2054,Introduction to World Politics,3,
International Trade and Development Major,College of Agriculture & Life Sciences,2026-2027,Major Requirements,IS 2064,The Global Economy and World Politics,3,
International Trade and Development Major,College of Agriculture & Life Sciences,2026-2027,Major Requirements,AAEC 3900,Bridge Experience,0,
International Trade and Development Major,College of Agriculture & Life Sciences,2026-2027,Pathways Concept 1 - Discourse,ENGL 1105,First-Year Writing (1F),3,
International Trade and Development Major,College of Agriculture & Life Sciences,2026-2027,Pathways Concept 1 - Discourse,ENGL 1106,First-Year Writing (1F),3,
International Trade and Development Major,College of Agriculture & Life Sciences,2026-2027,Pathways Concept 1 - Discourse,COMM 2004,Public Speaking (1A),3,
International Trade and Development Major,College of Agriculture & Life Sciences,2026-2027,Pathways Concept 3 - Reasoning in the Social Sciences,AAEC 1005,Economics of the Food and Fiber System,3,
International Trade and Development Major,College of Agriculture & Life Sciences,2026-2027,Pathways Concept 3 - Reasoning in the Social Sciences,AAEC 1006,Economics of the Food and Fiber System,3,
International Trade and Development Major,College of Agriculture & Life Sciences,2026-2027,Pathways Concept 5 - Quantitative and Computational Thinking,MATH 1025,Elementary Calculus (5F) 2,3,
International Trade and Development Major,College of Agriculture & Life Sciences,2026-2027,Pathways Concept 5 - Quantitative and Computational Thinking,AAEC 2014,Decision Analytics for the Life Sciences,3-4,
International Trade and Development Major,College of Agriculture & Life Sciences,2026-2027,Pathways Concept 5 - Quantitative and Computational Thinking,STAT 3615,Biological Statistics (5A) 1,3,
Agricultural and Extension Education Major,College of Agriculture & Life Sciences,2026-2027,Degree Core Requirements,ALCE 3004,Educational Programs in Agricultural and Life Sciences +,3,
Agricultural and Extension Education Major,College of Agriculture & Life Sciences,2026-2027,Degree Core Requirements,ALCE 3624,Communicating Ag and Life Sciences in Writing + *,3,
Agricultural and Extension Education Major,College of Agriculture & Life Sciences,2026-2027,Degree Core Requirements,ALCE 3634,Communicating Ag and Life Sciences in Speaking + *,3,
Agricultural and Extension Education Major,College of Agriculture & Life Sciences,2026-2027,Degree Core Requirements,ALCE 4014,Introduction to Cooperative Extension,3,
Agricultural and Extension Education Major,College of Agriculture & Life Sciences,2026-2027,Degree Core Requirements,ALCE 4044,Agricultural Sciences Seminar + *,3,
Agricultural and Extension Education Major,College of Agriculture & Life Sciences,2026-2027,Degree Core Requirements,ALS 1234,CALS First Year Seminar,1,
Agricultural and Extension Education Major,College of Agriculture & Life Sciences,2026-2027,Degree Core Requirements,LDRS 1414,Citizen Leadership +,3,
Agricultural and Extension Education Major,College of Agriculture & Life Sciences,2026-2027,Disciplinary Core Courses,ALCE 2094,Introduction to Metal Fabrication,1,
Agricultural and Extension Education Major,College of Agriculture & Life Sciences,2026-2027,Disciplinary Core Courses,ALCE 2484,Engine and Power Train Technology,3,
Agricultural and Extension Education Major,College of Agriculture & Life Sciences,2026-2027,Disciplinary Core Courses,ALCE 2964,Field Study +,3,
Agricultural and Extension Education Major,College of Agriculture & Life Sciences,2026-2027,Disciplinary Core Courses,ALCE 4024,Managing Agricultural Supervised Occupational Experience Project +,2,
Agricultural and Extension Education Major,College of Agriculture & Life Sciences,2026-2027,Disciplinary Core Courses,ALCE 4034,Methods of Planning Education Programs for Agriculture,3,
Agricultural and Extension Education Major,College of Agriculture & Life Sciences,2026-2027,Disciplinary Core Courses,ALCE 4064,Ag Mechanical Lab Management +,3,
Agricultural and Extension Education Major,College of Agriculture & Life Sciences,2026-2027,Disciplinary Core Courses,ALCE 4234,Curriculum for Agriculture and Life Science Education + *,3,
Agricultural and Extension Education Major,College of Agriculture & Life Sciences,2026-2027,Disciplinary Core Courses,ALCE 4244,Teaching and Training Methods in Agricultural and Life Sciences + *,3,
Agricultural and Extension Education Major,College of Agriculture & Life Sciences,2026-2027,Disciplinary Core Courses,ALCE 4754,Internship in Education +,3,
Agricultural and Extension Education Major,College of Agriculture & Life Sciences,2026-2027,Disciplinary Core Courses,ALCE 4884,Youth Program Management +,3,
Agricultural and Extension Education Major,College of Agriculture & Life Sciences,2026-2027,Disciplinary Core Courses,EDCI 3144,Education of Exceptional Learners,3,
Agricultural and Extension Education Major,College of Agriculture & Life Sciences,2026-2027,Disciplinary Core Courses,ALCE 3900,Bridge Experience,0,
Community Leadership and Development Major,College of Agriculture & Life Sciences,2026-2027,Degree Core Requirements,ALCE 3004,Educational Programs in Agricultural and Life Sciences 1,3,
Community Leadership and Development Major,College of Agriculture & Life Sciences,2026-2027,Degree Core Requirements,ALCE 3624,Communicating Ag and Life Sciences in Writing 1,3,
Community Leadership and Development Major,College of Agriculture & Life Sciences,2026-2027,Degree Core Requirements,ALCE 3634,Communicating Ag and Life Sciences in Speaking 1,3,
Community Leadership and Development Major,College of Agriculture & Life Sciences,2026-2027,Degree Core Requirements,ALCE 4014,Introduction to Cooperative Extension,3,
Community Leadership and Development Major,College of Agriculture & Life Sciences,2026-2027,Degree Core Requirements,ALCE 4044,Agricultural Sciences Seminar 1,3,
Community Leadership and Development Major,College of Agriculture & Life Sciences,2026-2027,Degree Core Requirements,ALS 1234,CALS First Year Seminar,1,
Community Leadership and Development Major,College of Agriculture & Life Sciences,2026-2027,Degree Core Requirements,LDRS 1414,Citizen Leadership 1,3,
Community Leadership and Development Major,College of Agriculture & Life Sciences,2026-2027,A. Disciplinary Core Courses,ALCE 4304,Community Education and Development 1,3,
Community Leadership and Development Major,College of Agriculture & Life Sciences,2026-2027,A. Disciplinary Core Courses,ALCE 3014,Leadership Effectiveness for Professionals in Agricultural Organizations,3,
Community Leadership and Development Major,College of Agriculture & Life Sciences,2026-2027,A. Disciplinary Core Courses,ALS 2204,Sustainable Food Systems,3,
Community Leadership and Development Major,College of Agriculture & Life Sciences,2026-2027,A. Disciplinary Core Courses,LDRS 2014,Principles of Peer Leadership,3,
Community Leadership and Development Major,College of Agriculture & Life Sciences,2026-2027,A. Disciplinary Core Courses,LDRS 3104,"The Dynamics of Leadership 1,2",3,
Community Leadership and Development Major,College of Agriculture & Life Sciences,2026-2027,A. Disciplinary Core Courses,LDRS 3304,"Elements of Team Leadership 1,2",3,
Community Leadership and Development Major,College of Agriculture & Life Sciences,2026-2027,A. Disciplinary Core Courses,ALCE 3900,Bridge Experience,0,
Community Leadership and Development Major,College of Agriculture & Life Sciences,2026-2027,Pathways Concept 1 - Discourse,ENGL 1105,First-Year Writing (1F),3,
Community Leadership and Development Major,College of Agriculture & Life Sciences,2026-2027,Pathways Concept 1 - Discourse,ENGL 1106,First-Year Writing (1F),3,
Community Leadership and Development Major,College of Agriculture & Life Sciences,2026-2027,Pathways Concept 1 - Discourse,ALCE 2414,"Exploring Human Experience in Ag & Life Sci (1A) 1,2",3,
Community Leadership and Development Major,College of Agriculture & Life Sciences,2026-2027,Pathways Concept 3 - Reasoning in the Social Sciences,AAEC 1005,Economics of the Food and Fiber System,3,
Community Leadership and Development Major,College of Agriculture & Life Sciences,2026-2027,Pathways Concept 3 - Reasoning in the Social Sciences,AAEC 1006,Economics of the Food and Fiber System,3,
Life Sciences Communication Major,College of Agriculture & Life Sciences,2026-2027,Degree Core Requirements,ALCE 3004,Educational Programs in Agricultural and Life Sciences +,3,
Life Sciences Communication Major,College of Agriculture & Life Sciences,2026-2027,Degree Core Requirements,ALCE 3624,Communicating Ag and Life Sciences in Writing +*,3,
Life Sciences Communication Major,College of Agriculture & Life Sciences,2026-2027,Degree Core Requirements,ALCE 3634,Communicating Ag and Life Sciences in Speaking +*,3,
Life Sciences Communication Major,College of Agriculture & Life Sciences,2026-2027,Degree Core Requirements,ALCE 4014,Introduction to Cooperative Extension,3,
Life Sciences Communication Major,College of Agriculture & Life Sciences,2026-2027,Degree Core Requirements,ALCE 4044,Agricultural Sciences Seminar +*,3,
Life Sciences Communication Major,College of Agriculture & Life Sciences,2026-2027,Degree Core Requirements,ALS 1234,CALS First Year Seminar,1,
Life Sciences Communication Major,College of Agriculture & Life Sciences,2026-2027,Degree Core Requirements,LDRS 1414,Citizen Leadership +,3,
Life Sciences Communication Major,College of Agriculture & Life Sciences,2026-2027,Disciplinary Core Courses,ALCE 3814,Life Sciences Communication & Public Engagement,3,
Life Sciences Communication Major,College of Agriculture & Life Sciences,2026-2027,Disciplinary Core Courses,ALCE 3844,Intercultural Life Sciences Communication,3,
Life Sciences Communication Major,College of Agriculture & Life Sciences,2026-2027,Disciplinary Core Courses,ALCE 3854,Brand Development for the Life Sciences,3,
Life Sciences Communication Major,College of Agriculture & Life Sciences,2026-2027,Disciplinary Core Courses,ALCE 3900,Bridge Experience,0,
Life Sciences Communication Major,College of Agriculture & Life Sciences,2026-2027,Disciplinary Core Courses,ALCE 4834,Life Sciences Communication Capstone,3,
Life Sciences Communication Major,College of Agriculture & Life Sciences,2026-2027,Disciplinary Core Courses,COMM 1014,Introduction to Communication,3,
Life Sciences Communication Major,College of Agriculture & Life Sciences,2026-2027,Disciplinary Core Courses,COMM 2024,Media Writing,3,
Life Sciences Communication Major,College of Agriculture & Life Sciences,2026-2027,Disciplinary Core Courses,COMM 2124,Introduction to Communication Research,3,
Life Sciences Communication Major,College of Agriculture & Life Sciences,2026-2027,Disciplinary Core Courses,COMM 4024,Communication Law,3,
Life Sciences Communication Major,College of Agriculture & Life Sciences,2026-2027,Controlled Electives (9 credits),ALCE 4814,Life Sciences Field Photography,3,
Life Sciences Communication Major,College of Agriculture & Life Sciences,2026-2027,Controlled Electives (9 credits),ALCE 4824,Crisis Communication in the Life Sciences,3,
Animal and Poultry Sciences Major with Behavior and Welfare Option,College of Agriculture & Life Sciences,2026-2027,Many courses in this list have prerequisites. Click on each course for its description and any co- or prerequisites.,CHEM 1035,General Chemistry,3,
Animal and Poultry Sciences Major with Behavior and Welfare Option,College of Agriculture & Life Sciences,2026-2027,Many courses in this list have prerequisites. Click on each course for its description and any co- or prerequisites.,CHEM 1036,General Chemistry,3,
Animal and Poultry Sciences Major with Behavior and Welfare Option,College of Agriculture & Life Sciences,2026-2027,Many courses in this list have prerequisites. Click on each course for its description and any co- or prerequisites.,CHEM 1045,General Chemistry Laboratory,1,
Animal and Poultry Sciences Major with Behavior and Welfare Option,College of Agriculture & Life Sciences,2026-2027,Many courses in this list have prerequisites. Click on each course for its description and any co- or prerequisites.,CHEM 1046,General Chemistry Laboratory,1,
Animal and Poultry Sciences Major with Behavior and Welfare Option,College of Agriculture & Life Sciences,2026-2027,Many courses in this list have prerequisites. Click on each course for its description and any co- or prerequisites.,APSC 1454,Introduction to Animal and Poultry Science ( C) 1,3,
Animal and Poultry Sciences Major with Behavior and Welfare Option,College of Agriculture & Life Sciences,2026-2027,Many courses in this list have prerequisites. Click on each course for its description and any co- or prerequisites.,APSC 1464,Animal and Poultry Science Laboratory 1,1,
Animal and Poultry Sciences Major with Behavior and Welfare Option,College of Agriculture & Life Sciences,2026-2027,Many courses in this list have prerequisites. Click on each course for its description and any co- or prerequisites.,APSC 1504,Animal and Poultry Sciences First Year Experience 1,1,
Animal and Poultry Sciences Major with Behavior and Welfare Option,College of Agriculture & Life Sciences,2026-2027,Many courses in this list have prerequisites. Click on each course for its description and any co- or prerequisites.,APSC 2004,Animal and Poultry Sciences Seminar 1,1,
Animal and Poultry Sciences Major with Behavior and Welfare Option,College of Agriculture & Life Sciences,2026-2027,Many courses in this list have prerequisites. Click on each course for its description and any co- or prerequisites.,ALS 2304,Comparative Animal Physiology and Anatomy 1,4,
Animal and Poultry Sciences Major with Behavior and Welfare Option,College of Agriculture & Life Sciences,2026-2027,Many courses in this list have prerequisites. Click on each course for its description and any co- or prerequisites.,ALS 3204,Animal Nutrition and Feeding 1,3,
Animal and Poultry Sciences Major with Behavior and Welfare Option,College of Agriculture & Life Sciences,2026-2027,Students must have completed 60 credits prior to attempting Experiential Learning.,APSC 3900,Bridge Experience,0,
Animal and Poultry Sciences Major with Behavior and Welfare Option,College of Agriculture & Life Sciences,2026-2027,Complete all four courses,ALS 2504,Animals in Society,3,
Animal and Poultry Sciences Major with Behavior and Welfare Option,College of Agriculture & Life Sciences,2026-2027,Complete all four courses,APSC 2574,Domesticated Animal Behavior,3,
Animal and Poultry Sciences Major with Behavior and Welfare Option,College of Agriculture & Life Sciences,2026-2027,Complete all four courses,APSC 3334,Animal Welfare and Bioethics,3,
Animal and Poultry Sciences Major with Behavior and Welfare Option,College of Agriculture & Life Sciences,2026-2027,Complete all four courses,ALS 4574,Social Behavior of Birds and Mammals,3,
Animal and Poultry Sciences Major with Behavior and Welfare Option,College of Agriculture & Life Sciences,2026-2027,Pathways Concept 1 - Discourse,ENGL 1105,First-Year Writing (1F),3,
Animal and Poultry Sciences Major with Behavior and Welfare Option,College of Agriculture & Life Sciences,2026-2027,Pathways Concept 1 - Discourse,ENGL 1106,First-Year Writing (1F),3,
Animal and Poultry Sciences Major with Behavior and Welfare Option,College of Agriculture & Life Sciences,2026-2027,Pathways Concept 1 - Discourse,APSC 4004,Contemporary Issues in the Animal Sciences (1A) 1,3,
Animal and Poultry Sciences Major with Behavior and Welfare Option,College of Agriculture & Life Sciences,2026-2027,Pathways Concept 3 - Reasoning in the Social Sciences,AAEC 1005,Economics of the Food and Fiber System,3,
Animal and Poultry Sciences Major with Behavior and Welfare Option,College of Agriculture & Life Sciences,2026-2027,Pathways Concept 4 - Reasoning in the Natural Sciences,BIOL 1105,Principles of Biology,3,
Animal and Poultry Sciences Major with Behavior and Welfare Option,College of Agriculture & Life Sciences,2026-2027,Pathways Concept 4 - Reasoning in the Natural Sciences,BIOL 1106,Principles of Biology,3,
Animal and Poultry Sciences Major with Behavior and Welfare Option,College of Agriculture & Life Sciences,2026-2027,Pathways Concept 4 - Reasoning in the Natural Sciences,BIOL 1115,Principles of Biology Laboratory,1,
Animal and Poultry Sciences Major with Behavior and Welfare Option,College of Agriculture & Life Sciences,2026-2027,Pathways Concept 4 - Reasoning in the Natural Sciences,BIOL 1116,Principles of Biology Laboratory,1,
Animal and Poultry Sciences Major with Behavior and Welfare Option,College of Agriculture & Life Sciences,2026-2027,Pathways Concept 5 - Quantitative and Computational Thinking,MATH 1014,Precalculus with Transcendental Functions (5F),3,
Animal and Poultry Sciences Major with Behavior and Welfare Option,College of Agriculture & Life Sciences,2026-2027,Pathways Concept 5 - Quantitative and Computational Thinking,STAT 2004,Introductory Statistics (5F),3,
Animal and Poultry Sciences Major with Behavior and Welfare Option,College of Agriculture & Life Sciences,2026-2027,Pathways Concept 5 - Quantitative and Computational Thinking,ALS 3104,Animal Breeding and Genetics (5A) 1,3,
Animal and Poultry Sciences Major,College of Agriculture & Life Sciences,2026-2027,Many courses in this list have prerequisites. Click on each course for its description and any co- or prerequisites.,CHEM 1035,General Chemistry,3,
Animal and Poultry Sciences Major,College of Agriculture & Life Sciences,2026-2027,Many courses in this list have prerequisites. Click on each course for its description and any co- or prerequisites.,CHEM 1036,General Chemistry,3,
Animal and Poultry Sciences Major,College of Agriculture & Life Sciences,2026-2027,Many courses in this list have prerequisites. Click on each course for its description and any co- or prerequisites.,CHEM 1045,General Chemistry Laboratory,1,
Animal and Poultry Sciences Major,College of Agriculture & Life Sciences,2026-2027,Many courses in this list have prerequisites. Click on each course for its description and any co- or prerequisites.,CHEM 1046,General Chemistry Laboratory,1,
Animal and Poultry Sciences Major,College of Agriculture & Life Sciences,2026-2027,Many courses in this list have prerequisites. Click on each course for its description and any co- or prerequisites.,APSC 1454,Introduction to Animal and Poultry Science ( C) 1,3,
Animal and Poultry Sciences Major,College of Agriculture & Life Sciences,2026-2027,Many courses in this list have prerequisites. Click on each course for its description and any co- or prerequisites.,APSC 1464,Animal and Poultry Science Laboratory 1,1,
Animal and Poultry Sciences Major,College of Agriculture & Life Sciences,2026-2027,Many courses in this list have prerequisites. Click on each course for its description and any co- or prerequisites.,APSC 1504,Animal and Poultry Sciences First Year Experience 1,1,
Animal and Poultry Sciences Major,College of Agriculture & Life Sciences,2026-2027,Many courses in this list have prerequisites. Click on each course for its description and any co- or prerequisites.,APSC 2004,Animal and Poultry Sciences Seminar 1,1,
Animal and Poultry Sciences Major,College of Agriculture & Life Sciences,2026-2027,Many courses in this list have prerequisites. Click on each course for its description and any co- or prerequisites.,ALS 2304,Comparative Animal Physiology and Anatomy 1,4,
Animal and Poultry Sciences Major,College of Agriculture & Life Sciences,2026-2027,Many courses in this list have prerequisites. Click on each course for its description and any co- or prerequisites.,ALS 3204,Animal Nutrition and Feeding 1,3,
Animal and Poultry Sciences Major,College of Agriculture & Life Sciences,2026-2027,Experiential Learning Requirement,APSC 3900,Bridge Experience,0,
Animal and Poultry Sciences Major,College of Agriculture & Life Sciences,2026-2027,Pathways Concept 1 - Discourse,ENGL 1105,First-Year Writing (1F),3,
Animal and Poultry Sciences Major,College of Agriculture & Life Sciences,2026-2027,Pathways Concept 1 - Discourse,ENGL 1106,First-Year Writing (1F),3,
Animal and Poultry Sciences Major,College of Agriculture & Life Sciences,2026-2027,Pathways Concept 1 - Discourse,APSC 4004,Contemporary Issues in the Animal Sciences (1A) 1,3,
Animal and Poultry Sciences Major,College of Agriculture & Life Sciences,2026-2027,Pathways Concept 3 - Reasoning in the Social Sciences,AAEC 1005,Economics of the Food and Fiber System,3,
Animal and Poultry Sciences Major,College of Agriculture & Life Sciences,2026-2027,Pathways Concept 4 - Reasoning in the Natural Sciences,BIOL 1105,Principles of Biology,3,
Animal and Poultry Sciences Major,College of Agriculture & Life Sciences,2026-2027,Pathways Concept 4 - Reasoning in the Natural Sciences,BIOL 1106,Principles of Biology,3,
Animal and Poultry Sciences Major,College of Agriculture & Life Sciences,2026-2027,Pathways Concept 4 - Reasoning in the Natural Sciences,BIOL 1115,Principles of Biology Laboratory,1,
Animal and Poultry Sciences Major,College of Agriculture & Life Sciences,2026-2027,Pathways Concept 4 - Reasoning in the Natural Sciences,BIOL 1116,Principles of Biology Laboratory,1,
Animal and Poultry Sciences Major,College of Agriculture & Life Sciences,2026-2027,Pathways Concept 5 - Quantitative and Computational Thinking,MATH 1014,Precalculus with Transcendental Functions (5F),3,
Animal and Poultry Sciences Major,College of Agriculture & Life Sciences,2026-2027,Pathways Concept 5 - Quantitative and Computational Thinking,STAT 2004,Introductory Statistics (5F),3,
Animal and Poultry Sciences Major,College of Agriculture & Life Sciences,2026-2027,Pathways Concept 5 - Quantitative and Computational Thinking,ALS 3104,Animal Breeding and Genetics (5A) 1,3,
Animal and Poultry Sciences Major with Prevet Option,College of Agriculture & Life Sciences,2026-2027,Many courses in this list have prerequisites. Click on each course for its description and any co- or prerequisites.,CHEM 1035,General Chemistry,3,
Animal and Poultry Sciences Major with Prevet Option,College of Agriculture & Life Sciences,2026-2027,Many courses in this list have prerequisites. Click on each course for its description and any co- or prerequisites.,CHEM 1036,General Chemistry,3,
Animal and Poultry Sciences Major with Prevet Option,College of Agriculture & Life Sciences,2026-2027,Many courses in this list have prerequisites. Click on each course for its description and any co- or prerequisites.,CHEM 1045,General Chemistry Laboratory,1,
Animal and Poultry Sciences Major with Prevet Option,College of Agriculture & Life Sciences,2026-2027,Many courses in this list have prerequisites. Click on each course for its description and any co- or prerequisites.,CHEM 1046,General Chemistry Laboratory,1,
Animal and Poultry Sciences Major with Prevet Option,College of Agriculture & Life Sciences,2026-2027,Many courses in this list have prerequisites. Click on each course for its description and any co- or prerequisites.,APSC 1454,Introduction to Animal and Poultry Science ( C) 1,3,
Animal and Poultry Sciences Major with Prevet Option,College of Agriculture & Life Sciences,2026-2027,Many courses in this list have prerequisites. Click on each course for its description and any co- or prerequisites.,APSC 1464,Animal and Poultry Science Laboratory 1,1,
Animal and Poultry Sciences Major with Prevet Option,College of Agriculture & Life Sciences,2026-2027,Many courses in this list have prerequisites. Click on each course for its description and any co- or prerequisites.,APSC 1504,Animal and Poultry Sciences First Year Experience 1,1,
Animal and Poultry Sciences Major with Prevet Option,College of Agriculture & Life Sciences,2026-2027,Many courses in this list have prerequisites. Click on each course for its description and any co- or prerequisites.,APSC 2004,Animal and Poultry Sciences Seminar 1,1,
Animal and Poultry Sciences Major with Prevet Option,College of Agriculture & Life Sciences,2026-2027,Many courses in this list have prerequisites. Click on each course for its description and any co- or prerequisites.,ALS 2304,Comparative Animal Physiology and Anatomy 1,4,
Animal and Poultry Sciences Major with Prevet Option,College of Agriculture & Life Sciences,2026-2027,Many courses in this list have prerequisites. Click on each course for its description and any co- or prerequisites.,ALS 3204,Animal Nutrition and Feeding 1,3,
Animal and Poultry Sciences Major with Prevet Option,College of Agriculture & Life Sciences,2026-2027,Students must have completed 60 credits prior to attempting Experiential Learning.,APSC 3900,Bridge Experience,0,
Animal and Poultry Sciences Major with Prevet Option,College of Agriculture & Life Sciences,2026-2027,Consult individual schools of veterinary medicine requirements when choosing courses,CHEM 2514,Survey of Organic Chemistry,3,
Animal and Poultry Sciences Major with Prevet Option,College of Agriculture & Life Sciences,2026-2027,Consult individual schools of veterinary medicine requirements when choosing courses,BCHM 2024,Concepts of Biochemistry,3,
Animal and Poultry Sciences Major with Prevet Option,College of Agriculture & Life Sciences,2026-2027,Consult individual schools of veterinary medicine requirements when choosing courses,APSC 3434,Host Microbe Interactions (Cannot double count APSC 3434 for Major Requirements and for Option Requirement),3,
Animal and Poultry Sciences Major with Prevet Option,College of Agriculture & Life Sciences,2026-2027,Pathways Concept 1 - Discourse,ENGL 1105,First-Year Writing (1F),3,
Animal and Poultry Sciences Major with Prevet Option,College of Agriculture & Life Sciences,2026-2027,Pathways Concept 1 - Discourse,ENGL 1106,First-Year Writing (1F),3,
Animal and Poultry Sciences Major with Prevet Option,College of Agriculture & Life Sciences,2026-2027,Pathways Concept 1 - Discourse,APSC 4004,Contemporary Issues in the Animal Sciences (1A) 1,3,
Animal and Poultry Sciences Major with Prevet Option,College of Agriculture & Life Sciences,2026-2027,Pathways Concept 3 - Reasoning in the Social Sciences,AAEC 1005,Economics of the Food and Fiber System,3,
Animal and Poultry Sciences Major with Prevet Option,College of Agriculture & Life Sciences,2026-2027,Pathways Concept 4 - Reasoning in the Natural Sciences,BIOL 1105,Principles of Biology,3,
Animal and Poultry Sciences Major with Prevet Option,College of Agriculture & Life Sciences,2026-2027,Pathways Concept 4 - Reasoning in the Natural Sciences,BIOL 1106,Principles of Biology,3,
Animal and Poultry Sciences Major with Prevet Option,College of Agriculture & Life Sciences,2026-2027,Pathways Concept 4 - Reasoning in the Natural Sciences,BIOL 1115,Principles of Biology Laboratory,1,
Animal and Poultry Sciences Major with Prevet Option,College of Agriculture & Life Sciences,2026-2027,Pathways Concept 4 - Reasoning in the Natural Sciences,BIOL 1116,Principles of Biology Laboratory,1,
Animal and Poultry Sciences Major with Prevet Option,College of Agriculture & Life Sciences,2026-2027,Pathways Concept 5 - Quantitative and Computational Thinking,MATH 1014,Precalculus with Transcendental Functions (5F),3,
Animal and Poultry Sciences Major with Prevet Option,College of Agriculture & Life Sciences,2026-2027,Pathways Concept 5 - Quantitative and Computational Thinking,STAT 2004,Introductory Statistics (5F),3,
Animal and Poultry Sciences Major with Prevet Option,College of Agriculture & Life Sciences,2026-2027,Pathways Concept 5 - Quantitative and Computational Thinking,ALS 3104,Animal Breeding and Genetics (5A) 1,3,
Dairy Science Major with Dairy Business Management Option,College of Agriculture & Life Sciences,2026-2027,Many courses in this list have prerequisites. Click on each course for its description and any co- or prerequisites.,CHEM 1015,Chemistry in Context and Chemistry in Context,6,
Dairy Science Major with Dairy Business Management Option,College of Agriculture & Life Sciences,2026-2027,Many courses in this list have prerequisites. Click on each course for its description and any co- or prerequisites.,ALS 2304,Comparative Animal Physiology and Anatomy 1,4,
Dairy Science Major with Dairy Business Management Option,College of Agriculture & Life Sciences,2026-2027,Many courses in this list have prerequisites. Click on each course for its description and any co- or prerequisites.,ALS 3204,Animal Nutrition and Feeding 1,3,
Dairy Science Major with Dairy Business Management Option,College of Agriculture & Life Sciences,2026-2027,Many courses in this list have prerequisites. Click on each course for its description and any co- or prerequisites.,ALS 3304,Physiology of Reproduction 1,3,
Dairy Science Major with Dairy Business Management Option,College of Agriculture & Life Sciences,2026-2027,Many courses in this list have prerequisites. Click on each course for its description and any co- or prerequisites.,DASC 2474,Dairy Science and Industry 1,3,
Dairy Science Major with Dairy Business Management Option,College of Agriculture & Life Sciences,2026-2027,Many courses in this list have prerequisites. Click on each course for its description and any co- or prerequisites.,DASC 2664,Professional Discourse and Career Development 1,1,
Dairy Science Major with Dairy Business Management Option,College of Agriculture & Life Sciences,2026-2027,Many courses in this list have prerequisites. Click on each course for its description and any co- or prerequisites.,DASC 3474,Dairy Information Systems 1,3,
Dairy Science Major with Dairy Business Management Option,College of Agriculture & Life Sciences,2026-2027,Many courses in this list have prerequisites. Click on each course for its description and any co- or prerequisites.,DASC 4374,Physiology of Lactation 1,3,
Dairy Science Major with Dairy Business Management Option,College of Agriculture & Life Sciences,2026-2027,Many courses in this list have prerequisites. Click on each course for its description and any co- or prerequisites.,DASC 4664,Translating Dairy Science 1,1,
Dairy Science Major with Dairy Business Management Option,College of Agriculture & Life Sciences,2026-2027,Courses used for Pathways or Degree Core Requirements cannot double count as Option Dairy Requirements.,DASC 4475,Dairy Enterprise Management 1,3,
Dairy Science Major with Dairy Business Management Option,College of Agriculture & Life Sciences,2026-2027,Courses used for Pathways or Degree Core Requirements cannot double count as Option Dairy Requirements.,DASC 4476,Dairy Enterprise Management 1,3,
Dairy Science Major with Dairy Business Management Option,College of Agriculture & Life Sciences,2026-2027,Pathways Concept 1 - Discourse,ENGL 1105,First-Year Writing ( Pathway 1f ),3,
Dairy Science Major with Dairy Business Management Option,College of Agriculture & Life Sciences,2026-2027,Pathways Concept 1 - Discourse,ENGL 1106,First-Year Writing ( Pathway 1f ),3,
Dairy Science Major with Dairy Business Management Option,College of Agriculture & Life Sciences,2026-2027,Pathways Concept 3 - Reasoning in the Social Sciences,AAEC 1005,Economics of the Food and Fiber System,3,
Dairy Science Major with Dairy Business Management Option,College of Agriculture & Life Sciences,2026-2027,Pathways Concept 3 - Reasoning in the Social Sciences,AAEC 1006,Economics of the Food and Fiber System,3,
Dairy Science Major with Dairy Business Management Option,College of Agriculture & Life Sciences,2026-2027,Pathways Concept 4 - Reasoning in the Natural Sciences,BIOL 1105,Principles of Biology and Principles of Biology Laboratory,4,
Dairy Science Major with Dairy Business Management Option,College of Agriculture & Life Sciences,2026-2027,Pathways Concept 4 - Reasoning in the Natural Sciences,BIOL 1106,Principles of Biology and Principles of Biology Laboratory,4,
Dairy Science Major with Dairy Business Management Option,College of Agriculture & Life Sciences,2026-2027,Select one of the following:,ALS 3104,Animal Breeding and Genetics ( Pathway 5a ) 1,3,
Dairy Science Major with Science/Prevet Option,College of Agriculture & Life Sciences,2026-2027,Many courses in this list have prerequisites. Click on each course for its description and any co- or prerequisites.,CHEM 1015,Chemistry in Context and Chemistry in Context,6,
Dairy Science Major with Science/Prevet Option,College of Agriculture & Life Sciences,2026-2027,Many courses in this list have prerequisites. Click on each course for its description and any co- or prerequisites.,ALS 2304,Comparative Animal Physiology and Anatomy 1,4,
Dairy Science Major with Science/Prevet Option,College of Agriculture & Life Sciences,2026-2027,Many courses in this list have prerequisites. Click on each course for its description and any co- or prerequisites.,ALS 3204,Animal Nutrition and Feeding 1,3,
Dairy Science Major with Science/Prevet Option,College of Agriculture & Life Sciences,2026-2027,Many courses in this list have prerequisites. Click on each course for its description and any co- or prerequisites.,ALS 3304,Physiology of Reproduction 1,3,
Dairy Science Major with Science/Prevet Option,College of Agriculture & Life Sciences,2026-2027,Many courses in this list have prerequisites. Click on each course for its description and any co- or prerequisites.,DASC 2474,Dairy Science and Industry 1,3,
Dairy Science Major with Science/Prevet Option,College of Agriculture & Life Sciences,2026-2027,Many courses in this list have prerequisites. Click on each course for its description and any co- or prerequisites.,DASC 2664,Professional Discourse and Career Development 1,1,
Dairy Science Major with Science/Prevet Option,College of Agriculture & Life Sciences,2026-2027,Many courses in this list have prerequisites. Click on each course for its description and any co- or prerequisites.,DASC 3474,Dairy Information Systems 1,3,
Dairy Science Major with Science/Prevet Option,College of Agriculture & Life Sciences,2026-2027,Many courses in this list have prerequisites. Click on each course for its description and any co- or prerequisites.,DASC 4374,Physiology of Lactation 1,3,
Dairy Science Major with Science/Prevet Option,College of Agriculture & Life Sciences,2026-2027,Many courses in this list have prerequisites. Click on each course for its description and any co- or prerequisites.,DASC 4664,Translating Dairy Science 1,1,
Dairy Science Major with Science/Prevet Option,College of Agriculture & Life Sciences,2026-2027,Pathways Concept 1 - Discourse,ENGL 1105,First-Year Writing (1F),3,
Dairy Science Major with Science/Prevet Option,College of Agriculture & Life Sciences,2026-2027,Pathways Concept 1 - Discourse,ENGL 1106,First-Year Writing (1F),3,
Dairy Science Major with Science/Prevet Option,College of Agriculture & Life Sciences,2026-2027,Pathways Concept 3 - Reasoning in the Social Sciences,AAEC 1005,Economics of the Food and Fiber System,3,
Dairy Science Major with Science/Prevet Option,College of Agriculture & Life Sciences,2026-2027,Pathways Concept 3 - Reasoning in the Social Sciences,AAEC 1006,Economics of the Food and Fiber System,3,
Dairy Science Major with Science/Prevet Option,College of Agriculture & Life Sciences,2026-2027,Pathways Concept 4 - Reasoning in the Natural Sciences,BIOL 1105,Principles of Biology and Principles of Biology Laboratory,4,
Dairy Science Major with Science/Prevet Option,College of Agriculture & Life Sciences,2026-2027,Pathways Concept 4 - Reasoning in the Natural Sciences,BIOL 1106,Principles of Biology and Principles of Biology Laboratory,4,
Dairy Science Major with Science/Prevet Option,College of Agriculture & Life Sciences,2026-2027,Select one of the following:,ALS 3104,Animal Breeding and Genetics (5A) 1,3,
Dairy Science Major with Dual Emphasis Option,College of Agriculture & Life Sciences,2026-2027,Many courses in this list have prerequisites. Click on each course for its description and any co- or pre-requisites.,CHEM 1015,Chemistry in Context and Chemistry in Context,6,
Dairy Science Major with Dual Emphasis Option,College of Agriculture & Life Sciences,2026-2027,Many courses in this list have prerequisites. Click on each course for its description and any co- or pre-requisites.,ALS 2304,Comparative Animal Physiology and Anatomy 1,4,
Dairy Science Major with Dual Emphasis Option,College of Agriculture & Life Sciences,2026-2027,Many courses in this list have prerequisites. Click on each course for its description and any co- or pre-requisites.,ALS 3204,Animal Nutrition and Feeding 1,3,
Dairy Science Major with Dual Emphasis Option,College of Agriculture & Life Sciences,2026-2027,Many courses in this list have prerequisites. Click on each course for its description and any co- or pre-requisites.,ALS 3304,Physiology of Reproduction 1,3,
Dairy Science Major with Dual Emphasis Option,College of Agriculture & Life Sciences,2026-2027,Many courses in this list have prerequisites. Click on each course for its description and any co- or pre-requisites.,DASC 2474,Dairy Science and Industry 1,3,
Dairy Science Major with Dual Emphasis Option,College of Agriculture & Life Sciences,2026-2027,Many courses in this list have prerequisites. Click on each course for its description and any co- or pre-requisites.,DASC 2664,Professional Discourse and Career Development 1,1,
Dairy Science Major with Dual Emphasis Option,College of Agriculture & Life Sciences,2026-2027,Many courses in this list have prerequisites. Click on each course for its description and any co- or pre-requisites.,DASC 3474,Dairy Information Systems 1,3,
Dairy Science Major with Dual Emphasis Option,College of Agriculture & Life Sciences,2026-2027,Many courses in this list have prerequisites. Click on each course for its description and any co- or pre-requisites.,DASC 4374,Physiology of Lactation 1,3,
Dairy Science Major with Dual Emphasis Option,College of Agriculture & Life Sciences,2026-2027,Many courses in this list have prerequisites. Click on each course for its description and any co- or pre-requisites.,DASC 4664,Translating Dairy Science 1,1,
Dairy Science Major with Dual Emphasis Option,College of Agriculture & Life Sciences,2026-2027,Pathways Concept 1 - Discourse,ENGL 1105,First-Year Writing ( Pathway 1f ),3,
Dairy Science Major with Dual Emphasis Option,College of Agriculture & Life Sciences,2026-2027,Pathways Concept 1 - Discourse,ENGL 1106,First-Year Writing ( Pathway 1f ),3,
Dairy Science Major with Dual Emphasis Option,College of Agriculture & Life Sciences,2026-2027,Pathways Concept 3 - Reasoning in the Social Sciences,AAEC 1005,Economics of the Food and Fiber System,3,
Dairy Science Major with Dual Emphasis Option,College of Agriculture & Life Sciences,2026-2027,Pathways Concept 3 - Reasoning in the Social Sciences,AAEC 1006,Economics of the Food and Fiber System,3,
Dairy Science Major with Dual Emphasis Option,College of Agriculture & Life Sciences,2026-2027,Pathways Concept 4 - Reasoning in the Natural Sciences,BIOL 1105,Principles of Biology and Principles of Biology Laboratory,4,
Dairy Science Major with Dual Emphasis Option,College of Agriculture & Life Sciences,2026-2027,Pathways Concept 4 - Reasoning in the Natural Sciences,BIOL 1106,Principles of Biology and Principles of Biology Laboratory,4,
Dairy Science Major with Dual Emphasis Option,College of Agriculture & Life Sciences,2026-2027,Pathways Concept 5 - Quantitative and Computational Thinking,MATH 1014,Precalculus with Transcendental Functions,3,
Dairy Science Major with Dual Emphasis Option,College of Agriculture & Life Sciences,2026-2027,Pathways Concept 5 - Quantitative and Computational Thinking,STAT 2004,Introductory Statistics ( Pathway 5f ),3,
Dairy Science Major with Dual Emphasis Option,College of Agriculture & Life Sciences,2026-2027,Pathways Concept 5 - Quantitative and Computational Thinking,ALS 3104,Animal Breeding and Genetics ( Pathway 5a ) 1,3,
Biochemistry Major,College of Agriculture & Life Sciences,2026-2027,Degree Core Requirements,BCHM 1014,Biochemistry First Year Experience,1,
Biochemistry Major,College of Agriculture & Life Sciences,2026-2027,Degree Core Requirements,BCHM 2354,Biochemical Techniques,3,
Biochemistry Major,College of Agriculture & Life Sciences,2026-2027,Degree Core Requirements,BCHM 2364,Biochemical Techniques Laboratory,1,
Biochemistry Major,College of Agriculture & Life Sciences,2026-2027,Degree Core Requirements,BCHM 4115,General Biochemistry,4,
Biochemistry Major,College of Agriculture & Life Sciences,2026-2027,Degree Core Requirements,BCHM 4116,General Biochemistry,3,
Biochemistry Major,College of Agriculture & Life Sciences,2026-2027,Degree Core Requirements,BCHM 4124,Laboratory Problems in Biochemistry and Molecular Biology,6,
Biochemistry Major,College of Agriculture & Life Sciences,2026-2027,Degree Core Requirements,BIOL 2004,Genetics,3,
Biochemistry Major,College of Agriculture & Life Sciences,2026-2027,Major Requirements,BCHM 1024,Introductory Experience in Biochemistry Research Skills,1,
Biochemistry Major,College of Agriculture & Life Sciences,2026-2027,Major Requirements,BCHM 4074,Career Orientation,1,
Biochemistry Major,College of Agriculture & Life Sciences,2026-2027,Major Requirements,BIOL 1105,Principles of Biology,3,
Biochemistry Major,College of Agriculture & Life Sciences,2026-2027,Major Requirements,BIOL 1106,Principles of Biology,3,
Biochemistry Major,College of Agriculture & Life Sciences,2026-2027,Major Requirements,BIOL 1115,Principles of Biology Laboratory,1,
Biochemistry Major,College of Agriculture & Life Sciences,2026-2027,Major Requirements,BIOL 1116,Principles of Biology Laboratory,1,
Biochemistry Major,College of Agriculture & Life Sciences,2026-2027,Major Requirements,BIOL 2604,General Microbiology,3,
Biochemistry Major,College of Agriculture & Life Sciences,2026-2027,Major Requirements,CHEM 1035,General Chemistry,3,
Biochemistry Major,College of Agriculture & Life Sciences,2026-2027,Major Requirements,CHEM 1036,General Chemistry,3,
Biochemistry Major,College of Agriculture & Life Sciences,2026-2027,Major Requirements,CHEM 1045,General Chemistry Laboratory,1,
Biochemistry Major,College of Agriculture & Life Sciences,2026-2027,Major Requirements,CHEM 1046,General Chemistry Laboratory,1,
Biochemistry Major,College of Agriculture & Life Sciences,2026-2027,Major Requirements,CHEM 2535,Organic Chemistry,3,
Biochemistry Major,College of Agriculture & Life Sciences,2026-2027,Major Requirements,CHEM 2536,Organic Chemistry,3,
Biochemistry Major,College of Agriculture & Life Sciences,2026-2027,Major Requirements,CHEM 2545,Organic Chemistry Laboratory,1,
Biochemistry Major,College of Agriculture & Life Sciences,2026-2027,Major Requirements,CHEM 2546,Organic Chemistry Laboratory,1,
Biochemistry Major,College of Agriculture & Life Sciences,2026-2027,Major Requirements,MATH 1025,Elementary Calculus,3,
Biochemistry Major,College of Agriculture & Life Sciences,2026-2027,Major Requirements,MATH 1026,Elementary Calculus,3,
Biochemistry Major,College of Agriculture & Life Sciences,2026-2027,Major Requirements,PHYS 2205,General Physics,3,
Biochemistry Major,College of Agriculture & Life Sciences,2026-2027,Major Requirements,PHYS 2206,General Physics,3,
Biochemistry Major,College of Agriculture & Life Sciences,2026-2027,Major Requirements,PHYS 2215,General Physics Laboratory,1,
Biochemistry Major,College of Agriculture & Life Sciences,2026-2027,Major Requirements,PHYS 2216,General Physics Laboratory,1,
Biochemistry Major,College of Agriculture & Life Sciences,2026-2027,Major Requirements,STAT 3615,Biological Statistics,3,
Biochemistry Major,College of Agriculture & Life Sciences,2026-2027,Pathways Concept 1 - Discourse,ENGL 1105,First-Year Writing (1F),3,
Biochemistry Major,College of Agriculture & Life Sciences,2026-2027,Pathways Concept 1 - Discourse,ENGL 1106,First-Year Writing (1F),3,
Food Science and Technology Major with Food Business Option,College of Agriculture & Life Sciences,2026-2027,Degree Core Requirements,ALS 1234,CALS First Year Seminar,1,
Food Science and Technology Major with Food Business Option,College of Agriculture & Life Sciences,2026-2027,Degree Core Requirements,BCHM 2024,Concepts of Biochemistry,3,
Food Science and Technology Major with Food Business Option,College of Agriculture & Life Sciences,2026-2027,Degree Core Requirements,BIOL 1105,Principles of Biology,3,
Food Science and Technology Major with Food Business Option,College of Agriculture & Life Sciences,2026-2027,Degree Core Requirements,BIOL 1106,Principles of Biology,3,
Food Science and Technology Major with Food Business Option,College of Agriculture & Life Sciences,2026-2027,Degree Core Requirements,BIOL 2604,General Microbiology,3,
Food Science and Technology Major with Food Business Option,College of Agriculture & Life Sciences,2026-2027,Degree Core Requirements,BIOL 2614,General Microbiology Laboratory,2,
Food Science and Technology Major with Food Business Option,College of Agriculture & Life Sciences,2026-2027,Degree Core Requirements,FST 2004,Exploring Food Science Careers,1,
Food Science and Technology Major with Food Business Option,College of Agriculture & Life Sciences,2026-2027,Degree Core Requirements,FST 2014,Introduction to Food Science,2,
Food Science and Technology Major with Food Business Option,College of Agriculture & Life Sciences,2026-2027,Degree Core Requirements,FST 3324,Food Processing and Engineering I,3,
Food Science and Technology Major with Food Business Option,College of Agriculture & Life Sciences,2026-2027,Degree Core Requirements,FST 3514,Food Analysis,4,
Food Science and Technology Major with Food Business Option,College of Agriculture & Life Sciences,2026-2027,Degree Core Requirements,FST 3604,Food Microbiology,3,
Food Science and Technology Major with Food Business Option,College of Agriculture & Life Sciences,2026-2027,Degree Core Requirements,FST 3614,Food Microbiology Lab,1,
Food Science and Technology Major with Food Business Option,College of Agriculture & Life Sciences,2026-2027,Degree Core Requirements,FST 3900,Bridge Experience,0,
Food Science and Technology Major with Food Business Option,College of Agriculture & Life Sciences,2026-2027,Degree Core Requirements,FST 4004,Food Science Experiential Learning Reflection,1,
Food Science and Technology Major with Food Business Option,College of Agriculture & Life Sciences,2026-2027,Degree Core Requirements,FST 4014,Concepts of Food Product Development,3,
Food Science and Technology Major with Food Business Option,College of Agriculture & Life Sciences,2026-2027,Degree Core Requirements,FST 4314,Food Processing Laboratory,1,
Food Science and Technology Major with Food Business Option,College of Agriculture & Life Sciences,2026-2027,Degree Core Requirements,FST 4504,Food Chemistry,3,
Food Science and Technology Major with Food Business Option,College of Agriculture & Life Sciences,2026-2027,Degree Core Requirements,FST 4534,Food Chemistry Lab,1,
Food Science and Technology Major with Food Business Option,College of Agriculture & Life Sciences,2026-2027,Degree Core Requirements,FST 4524,Food Safety and Quality Assurance,3,
Food Science and Technology Major with Food Business Option,College of Agriculture & Life Sciences,2026-2027,Option Required Courses,ACIS 2115,Principles of Accounting,3,
Food Science and Technology Major with Food Business Option,College of Agriculture & Life Sciences,2026-2027,Option Required Courses,ACIS 2116,Principles of Accounting,3,
Food Science and Technology Major with Food Business Option,College of Agriculture & Life Sciences,2026-2027,Option Required Courses,BIT 3414,Operations and Supply Chain Management,3,
Food Science and Technology Major with Food Business Option,College of Agriculture & Life Sciences,2026-2027,Option Required Courses,CHEM 2514,Survey of Organic Chemistry,3,
Food Science and Technology Major with Food Business Option,College of Agriculture & Life Sciences,2026-2027,Option Required Courses,FIN 3104,Introduction to Finance,3,
Food Science and Technology Major with Food Business Option,College of Agriculture & Life Sciences,2026-2027,Option Required Courses,MGT 3304,Management Theory and Leadership Practice,3,
Food Science and Technology Major with Food Business Option,College of Agriculture & Life Sciences,2026-2027,Option Required Courses,MKTG 3104,Marketing Management,3,
Food Science and Technology Major with Food Business Option,College of Agriculture & Life Sciences,2026-2027,Pathways Concept 1 - Discourse,ENGL 1105,First-Year Writing (1F),3,
Food Science and Technology Major with Food Business Option,College of Agriculture & Life Sciences,2026-2027,Pathways Concept 1 - Discourse,ENGL 1106,First-Year Writing (1F),3,
Food Science and Technology Major with Food Business Option,College of Agriculture & Life Sciences,2026-2027,Pathways Concept 1 - Discourse,ENGL 3764,Technical Writing (1A),3,
Food Science and Technology Major with Food Business Option,College of Agriculture & Life Sciences,2026-2027,Pathways Concept 4 - Reasoning in the Natural Sciences,CHEM 1035,General Chemistry,3,
Food Science and Technology Major with Food Business Option,College of Agriculture & Life Sciences,2026-2027,Pathways Concept 4 - Reasoning in the Natural Sciences,CHEM 1036,General Chemistry,3,
Food Science and Technology Major with Food Business Option,College of Agriculture & Life Sciences,2026-2027,Pathways Concept 4 - Reasoning in the Natural Sciences,CHEM 1045,General Chemistry Laboratory,1,
Food Science and Technology Major with Food Business Option,College of Agriculture & Life Sciences,2026-2027,Pathways Concept 4 - Reasoning in the Natural Sciences,CHEM 1046,General Chemistry Laboratory,1,
Food Science and Technology Major with Food Business Option,College of Agriculture & Life Sciences,2026-2027,Pathways Concept 5 - Quantitative and Computational Thinking,MATH 1524,Business Calculus (5A),4,
Food Science and Technology Major with Food Business Option,College of Agriculture & Life Sciences,2026-2027,Pathways Concept 5 - Quantitative and Computational Thinking,BIT 2405,"Introduction to Business Statistics, Analytics, and Modeling (5F)",3,
Food Science and Technology Major with Food Business Option,College of Agriculture & Life Sciences,2026-2027,Pathways Concept 5 - Quantitative and Computational Thinking,BIT 2406,"Introduction to Business Statistics, Analytics, and Modeling (5F)",3,
Food Science and Technology Major with Food and Health Option,College of Agriculture & Life Sciences,2026-2027,Degree Core Requirements,ALS 1234,CALS First Year Seminar,1,
Food Science and Technology Major with Food and Health Option,College of Agriculture & Life Sciences,2026-2027,Degree Core Requirements,BCHM 2024,Concepts of Biochemistry,3,
Food Science and Technology Major with Food and Health Option,College of Agriculture & Life Sciences,2026-2027,Degree Core Requirements,BIOL 1105,Principles of Biology,3,
Food Science and Technology Major with Food and Health Option,College of Agriculture & Life Sciences,2026-2027,Degree Core Requirements,BIOL 1106,Principles of Biology,3,
Food Science and Technology Major with Food and Health Option,College of Agriculture & Life Sciences,2026-2027,Degree Core Requirements,BIOL 2604,General Microbiology,3,
Food Science and Technology Major with Food and Health Option,College of Agriculture & Life Sciences,2026-2027,Degree Core Requirements,BIOL 2614,General Microbiology Laboratory,2,
Food Science and Technology Major with Food and Health Option,College of Agriculture & Life Sciences,2026-2027,Degree Core Requirements,FST 2004,Exploring Food Science Careers,1,
Food Science and Technology Major with Food and Health Option,College of Agriculture & Life Sciences,2026-2027,Degree Core Requirements,FST 2014,Introduction to Food Science,2,
Food Science and Technology Major with Food and Health Option,College of Agriculture & Life Sciences,2026-2027,Degree Core Requirements,FST 3324,Food Processing and Engineering I,3,
Food Science and Technology Major with Food and Health Option,College of Agriculture & Life Sciences,2026-2027,Degree Core Requirements,FST 3514,Food Analysis,4,
Food Science and Technology Major with Food and Health Option,College of Agriculture & Life Sciences,2026-2027,Degree Core Requirements,FST 3604,Food Microbiology,3,
Food Science and Technology Major with Food and Health Option,College of Agriculture & Life Sciences,2026-2027,Degree Core Requirements,FST 3614,Food Microbiology Lab,1,
Food Science and Technology Major with Food and Health Option,College of Agriculture & Life Sciences,2026-2027,Degree Core Requirements,FST 3900,Bridge Experience,0,
Food Science and Technology Major with Food and Health Option,College of Agriculture & Life Sciences,2026-2027,Degree Core Requirements,FST 4004,Food Science Experiential Learning Reflection,1,
Food Science and Technology Major with Food and Health Option,College of Agriculture & Life Sciences,2026-2027,Degree Core Requirements,FST 4014,Concepts of Food Product Development,3,
Food Science and Technology Major with Food and Health Option,College of Agriculture & Life Sciences,2026-2027,Degree Core Requirements,FST 4314,Food Processing Laboratory,1,
Food Science and Technology Major with Food and Health Option,College of Agriculture & Life Sciences,2026-2027,Degree Core Requirements,FST 4504,Food Chemistry,3,
Food Science and Technology Major with Food and Health Option,College of Agriculture & Life Sciences,2026-2027,Degree Core Requirements,FST 4534,Food Chemistry Lab,1,
Food Science and Technology Major with Food and Health Option,College of Agriculture & Life Sciences,2026-2027,Degree Core Requirements,FST 4524,Food Safety and Quality Assurance,3,
Food Science and Technology Major with Food and Health Option,College of Agriculture & Life Sciences,2026-2027,Option Required Courses,HNFE 1004,"Foods, Nutrition And Exercise",3,
Food Science and Technology Major with Food and Health Option,College of Agriculture & Life Sciences,2026-2027,Option Required Courses,HNFE 2014,Nutrition Across the Life Span,3,
Food Science and Technology Major with Food and Health Option,College of Agriculture & Life Sciences,2026-2027,Option Required Courses,PHYS 2205,General Physics,3,
Food Science and Technology Major with Food and Health Option,College of Agriculture & Life Sciences,2026-2027,Option Required Courses,PHYS 2206,General Physics,3,
Food Science and Technology Major with Food and Health Option,College of Agriculture & Life Sciences,2026-2027,Option Required Courses,CHEM 2535,Organic Chemistry and Organic Chemistry,3-6,
Food Science and Technology Major with Food and Health Option,College of Agriculture & Life Sciences,2026-2027,Pathways Concept 1 - Discourse,ENGL 1105,First-Year Writing (1F),3,
Food Science and Technology Major with Food and Health Option,College of Agriculture & Life Sciences,2026-2027,Pathways Concept 1 - Discourse,ENGL 1106,First-Year Writing (1F),3,
Food Science and Technology Major with Food and Health Option,College of Agriculture & Life Sciences,2026-2027,Pathways Concept 1 - Discourse,ENGL 3764,Technical Writing (1A),3,
Food Science and Technology Major with Food and Health Option,College of Agriculture & Life Sciences,2026-2027,Pathways Concept 4 - Reasoning in the Natural Sciences,CHEM 1035,General Chemistry,3,
Food Science and Technology Major with Food and Health Option,College of Agriculture & Life Sciences,2026-2027,Pathways Concept 4 - Reasoning in the Natural Sciences,CHEM 1036,General Chemistry,3,
Food Science and Technology Major with Food and Health Option,College of Agriculture & Life Sciences,2026-2027,Pathways Concept 4 - Reasoning in the Natural Sciences,CHEM 1045,General Chemistry Laboratory,1,
Food Science and Technology Major with Food and Health Option,College of Agriculture & Life Sciences,2026-2027,Pathways Concept 4 - Reasoning in the Natural Sciences,CHEM 1046,General Chemistry Laboratory,1,
Food Science and Technology Major with Food and Health Option,College of Agriculture & Life Sciences,2026-2027,Pathways Concept 5 - Quantitative and Computational Thinking,MATH 1025,Elementary Calculus (5F),3,
Food Science and Technology Major with Food and Health Option,College of Agriculture & Life Sciences,2026-2027,Pathways Concept 5 - Quantitative and Computational Thinking,MATH 1026,Elementary Calculus (5F),3,
Food Science and Technology Major with Food and Health Option,College of Agriculture & Life Sciences,2026-2027,Pathways Concept 5 - Quantitative and Computational Thinking,STAT 3615,Biological Statistics (5A),3,
Food Science and Technology Major with Science Option,College of Agriculture & Life Sciences,2026-2027,Degree Core Requirements,ALS 1234,CALS First Year Seminar,1,
Food Science and Technology Major with Science Option,College of Agriculture & Life Sciences,2026-2027,Degree Core Requirements,BCHM 2024,Concepts of Biochemistry,3,
Food Science and Technology Major with Science Option,College of Agriculture & Life Sciences,2026-2027,Degree Core Requirements,BIOL 1105,Principles of Biology,3,
Food Science and Technology Major with Science Option,College of Agriculture & Life Sciences,2026-2027,Degree Core Requirements,BIOL 1106,Principles of Biology,3,
Food Science and Technology Major with Science Option,College of Agriculture & Life Sciences,2026-2027,Degree Core Requirements,BIOL 2604,General Microbiology,3,
Food Science and Technology Major with Science Option,College of Agriculture & Life Sciences,2026-2027,Degree Core Requirements,BIOL 2614,General Microbiology Laboratory,2,
Food Science and Technology Major with Science Option,College of Agriculture & Life Sciences,2026-2027,Degree Core Requirements,FST 2004,Exploring Food Science Careers,1,
Food Science and Technology Major with Science Option,College of Agriculture & Life Sciences,2026-2027,Degree Core Requirements,FST 2014,Introduction to Food Science,2,
Food Science and Technology Major with Science Option,College of Agriculture & Life Sciences,2026-2027,Degree Core Requirements,FST 3514,Food Analysis,4,
Food Science and Technology Major with Science Option,College of Agriculture & Life Sciences,2026-2027,Degree Core Requirements,FST 3324,Food Processing and Engineering I,3,
Food Science and Technology Major with Science Option,College of Agriculture & Life Sciences,2026-2027,Degree Core Requirements,FST 3604,Food Microbiology,3,
Food Science and Technology Major with Science Option,College of Agriculture & Life Sciences,2026-2027,Degree Core Requirements,FST 3614,Food Microbiology Lab,1,
Food Science and Technology Major with Science Option,College of Agriculture & Life Sciences,2026-2027,Degree Core Requirements,FST 3900,Bridge Experience,0,
Food Science and Technology Major with Science Option,College of Agriculture & Life Sciences,2026-2027,Degree Core Requirements,FST 4004,Food Science Experiential Learning Reflection,1,
Food Science and Technology Major with Science Option,College of Agriculture & Life Sciences,2026-2027,Degree Core Requirements,FST 4014,Concepts of Food Product Development,3,
Food Science and Technology Major with Science Option,College of Agriculture & Life Sciences,2026-2027,Degree Core Requirements,FST 4314,Food Processing Laboratory,1,
Food Science and Technology Major with Science Option,College of Agriculture & Life Sciences,2026-2027,Degree Core Requirements,FST 4504,Food Chemistry,3,
Food Science and Technology Major with Science Option,College of Agriculture & Life Sciences,2026-2027,Degree Core Requirements,FST 4534,Food Chemistry Lab,1,
Food Science and Technology Major with Science Option,College of Agriculture & Life Sciences,2026-2027,Degree Core Requirements,FST 4524,Food Safety and Quality Assurance,3,
Food Science and Technology Major with Science Option,College of Agriculture & Life Sciences,2026-2027,Option Required Courses,CHEM 2535,Organic Chemistry,3,
Food Science and Technology Major with Science Option,College of Agriculture & Life Sciences,2026-2027,Option Required Courses,CHEM 2536,Organic Chemistry,3,
Food Science and Technology Major with Science Option,College of Agriculture & Life Sciences,2026-2027,Option Required Courses,CHEM 2545,Organic Chemistry Laboratory,1,
Food Science and Technology Major with Science Option,College of Agriculture & Life Sciences,2026-2027,Option Required Courses,FST 3024,Principles of Sensory Evaluation,3,
Food Science and Technology Major with Science Option,College of Agriculture & Life Sciences,2026-2027,Option Required Courses,FST 4324,Food Processing and Engineering II,3,
Food Science and Technology Major with Science Option,College of Agriculture & Life Sciences,2026-2027,Option Required Courses,HNFE 1004,"Foods, Nutrition And Exercise",3,
Food Science and Technology Major with Science Option,College of Agriculture & Life Sciences,2026-2027,Option Required Courses,PHYS 2205,General Physics,3,
Food Science and Technology Major with Science Option,College of Agriculture & Life Sciences,2026-2027,Pathways Concept 1 - Discourse,ENGL 1105,First-Year Writing (1F),3,
Food Science and Technology Major with Science Option,College of Agriculture & Life Sciences,2026-2027,Pathways Concept 1 - Discourse,ENGL 1106,First-Year Writing (1F),3,
Food Science and Technology Major with Science Option,College of Agriculture & Life Sciences,2026-2027,Pathways Concept 1 - Discourse,ENGL 3764,Technical Writing (1A),3,
Food Science and Technology Major with Science Option,College of Agriculture & Life Sciences,2026-2027,Pathways Concept 4 - Reasoning in the Natural Sciences,CHEM 1035,General Chemistry,3,
Food Science and Technology Major with Science Option,College of Agriculture & Life Sciences,2026-2027,Pathways Concept 4 - Reasoning in the Natural Sciences,CHEM 1036,General Chemistry,3,
Food Science and Technology Major with Science Option,College of Agriculture & Life Sciences,2026-2027,Pathways Concept 4 - Reasoning in the Natural Sciences,CHEM 1045,General Chemistry Laboratory,1,
Food Science and Technology Major with Science Option,College of Agriculture & Life Sciences,2026-2027,Pathways Concept 4 - Reasoning in the Natural Sciences,CHEM 1046,General Chemistry Laboratory,1,
Food Science and Technology Major with Science Option,College of Agriculture & Life Sciences,2026-2027,Pathways Concept 5 - Quantitative and Computational Thinking,MATH 1025,Elementary Calculus (5F),3,
Food Science and Technology Major with Science Option,College of Agriculture & Life Sciences,2026-2027,Pathways Concept 5 - Quantitative and Computational Thinking,MATH 1026,Elementary Calculus (5F),3,
Food Science and Technology Major with Science Option,College of Agriculture & Life Sciences,2026-2027,Pathways Concept 5 - Quantitative and Computational Thinking,STAT 3615,Biological Statistics (5A),3,
Nutrition and Dietetics Major,College of Agriculture & Life Sciences,2026-2027,Degree Core Requirements,HNFE 1114,Orientation to HNFE (not included in in-major GPA),1,
Nutrition and Dietetics Major,College of Agriculture & Life Sciences,2026-2027,Degree Core Requirements,HNFE 1004,"Foods, Nutrition And Exercise (C)",3,
Nutrition and Dietetics Major,College of Agriculture & Life Sciences,2026-2027,Degree Core Requirements,BIOL 1105,Principles of Biology,3,
Nutrition and Dietetics Major,College of Agriculture & Life Sciences,2026-2027,Degree Core Requirements,BIOL 1115,Principles of Biology Laboratory,1,
Nutrition and Dietetics Major,College of Agriculture & Life Sciences,2026-2027,Degree Core Requirements,BIOL 1106,Principles of Biology,3,
Nutrition and Dietetics Major,College of Agriculture & Life Sciences,2026-2027,Degree Core Requirements,BIOL 1116,Principles of Biology Laboratory,1,
Nutrition and Dietetics Major,College of Agriculture & Life Sciences,2026-2027,Degree Core Requirements,HNFE 2014,Nutrition Across the Life Span,3,
Nutrition and Dietetics Major,College of Agriculture & Life Sciences,2026-2027,Degree Core Requirements,HNFE 2484,Evidence-Based Practice in Health Science,1,
Nutrition and Dietetics Major,College of Agriculture & Life Sciences,2026-2027,Degree Core Requirements,BMSP 2135,Human Anatomy & Physiology,3,
Nutrition and Dietetics Major,College of Agriculture & Life Sciences,2026-2027,Degree Core Requirements,BMSP 2136,Human Anatomy and Physiology,3,
Nutrition and Dietetics Major,College of Agriculture & Life Sciences,2026-2027,Degree Core Requirements,HNFE 2804,Exercise and Health,3,
Nutrition and Dietetics Major,College of Agriculture & Life Sciences,2026-2027,Degree Core Requirements,CHEM 2514,Survey of Organic Chemistry (C-),3,
Nutrition and Dietetics Major,College of Agriculture & Life Sciences,2026-2027,Degree Core Requirements,BCHM 2024,Concepts of Biochemistry,3,
Nutrition and Dietetics Major,College of Agriculture & Life Sciences,2026-2027,Degree Core Requirements,HNFE 3034,Methods of Human Health Assessment,2,
Nutrition and Dietetics Major,College of Agriculture & Life Sciences,2026-2027,Degree Core Requirements,HNFE 4604,Macronutrient Metabolism,3,
Nutrition and Dietetics Major,College of Agriculture & Life Sciences,2026-2027,Degree Core Requirements,HNFE 4704,Micronutrient Metabolism,3,
Nutrition and Dietetics Major,College of Agriculture & Life Sciences,2026-2027,Major Requirements,HNFE 2004,Professional Dietetics,1,
Nutrition and Dietetics Major,College of Agriculture & Life Sciences,2026-2027,Major Requirements,FST 2014,Introduction to Food Science,2,
Nutrition and Dietetics Major,College of Agriculture & Life Sciences,2026-2027,Major Requirements,HNFE 3024,Science of Food Prep Lab,2,
Nutrition and Dietetics Major,College of Agriculture & Life Sciences,2026-2027,Major Requirements,BIOL 2604,General Microbiology,3,
Nutrition and Dietetics Major,College of Agriculture & Life Sciences,2026-2027,Major Requirements,BIOL 2614,General Microbiology Laboratory,2,
Nutrition and Dietetics Major,College of Agriculture & Life Sciences,2026-2027,Major Requirements,HNFE 3114,Foodservice and Meal Management,4,
Nutrition and Dietetics Major,College of Agriculture & Life Sciences,2026-2027,Major Requirements,HNFE 3224,Communicating with Food,3,
Nutrition and Dietetics Major,College of Agriculture & Life Sciences,2026-2027,Major Requirements,HNFE 4644,Health Counseling,3,
Nutrition and Dietetics Major,College of Agriculture & Life Sciences,2026-2027,Major Requirements,MGT 3304,Management Theory and Leadership Practice,3,
Nutrition and Dietetics Major,College of Agriculture & Life Sciences,2026-2027,Major Requirements,AAEC 4814,Food and Health Economics,3,
Nutrition and Dietetics Major,College of Agriculture & Life Sciences,2026-2027,Major Requirements,HNFE 4624,Community Nutrition,3,
Nutrition and Dietetics Major,College of Agriculture & Life Sciences,2026-2027,Major Requirements,HNFE 4125,Medical Nutrition Therapy,3,
Nutrition and Dietetics Major,College of Agriculture & Life Sciences,2026-2027,Major Requirements,HNFE 4126,Medical Nutrition Therapy,3,
Nutrition and Dietetics Major,College of Agriculture & Life Sciences,2026-2027,Pathways Concept 1 - Discourse,ENGL 1105,First-Year Writing (1F),3,
Nutrition and Dietetics Major,College of Agriculture & Life Sciences,2026-2027,Pathways Concept 1 - Discourse,ENGL 1106,First-Year Writing (1F),3,
Nutrition and Dietetics Major,College of Agriculture & Life Sciences,2026-2027,Pathways Concept 1 - Discourse,COMM 2004,Public Speaking (1A),3,
Nutrition and Dietetics Major,College of Agriculture & Life Sciences,2026-2027,Pathways Concept 3 - Reasoning in the Social Sciences,PSYC 1004,Introductory Psychology,3,
Nutrition and Dietetics Major,College of Agriculture & Life Sciences,2026-2027,Pathways Concept 4 - Reasoning in the Natural Sciences,CHEM 1035,General Chemistry (C-) 1,3,
Nutrition and Dietetics Major,College of Agriculture & Life Sciences,2026-2027,Pathways Concept 4 - Reasoning in the Natural Sciences,CHEM 1045,General Chemistry Laboratory 1,1,
Nutrition and Dietetics Major,College of Agriculture & Life Sciences,2026-2027,Pathways Concept 4 - Reasoning in the Natural Sciences,CHEM 1036,General Chemistry (C-) 1,3,
Nutrition and Dietetics Major,College of Agriculture & Life Sciences,2026-2027,Pathways Concept 4 - Reasoning in the Natural Sciences,CHEM 1046,General Chemistry Laboratory 1,1,
Nutrition and Dietetics Major,College of Agriculture & Life Sciences,2026-2027,Pathways Concept 5 - Quantitative and Computational Thinking,MATH 1025,Elementary Calculus (5F),3,
Nutrition and Dietetics Major,College of Agriculture & Life Sciences,2026-2027,Pathways Concept 5 - Quantitative and Computational Thinking,STAT 3615,Biological Statistics (5A),3,
Exercise and Health Sciences Major,College of Agriculture & Life Sciences,2026-2027,Degree Core Requirements,HNFE 1114,Orientation to HNFE ((not included in in-major GPA)),1,
Exercise and Health Sciences Major,College of Agriculture & Life Sciences,2026-2027,Degree Core Requirements,HNFE 1004,"Foods, Nutrition And Exercise (C)",3,
Exercise and Health Sciences Major,College of Agriculture & Life Sciences,2026-2027,Degree Core Requirements,BIOL 1105,Principles of Biology,3,
Exercise and Health Sciences Major,College of Agriculture & Life Sciences,2026-2027,Degree Core Requirements,BIOL 1115,Principles of Biology Laboratory,1,
Exercise and Health Sciences Major,College of Agriculture & Life Sciences,2026-2027,Degree Core Requirements,BIOL 1106,Principles of Biology,3,
Exercise and Health Sciences Major,College of Agriculture & Life Sciences,2026-2027,Degree Core Requirements,BIOL 1116,Principles of Biology Laboratory,1,
Exercise and Health Sciences Major,College of Agriculture & Life Sciences,2026-2027,Degree Core Requirements,HNFE 2014,Nutrition Across the Life Span,3,
Exercise and Health Sciences Major,College of Agriculture & Life Sciences,2026-2027,Degree Core Requirements,HNFE 2484,Evidence-Based Practice in Health Science,1,
Exercise and Health Sciences Major,College of Agriculture & Life Sciences,2026-2027,Degree Core Requirements,BMSP 2135,Human Anatomy & Physiology,3,
Exercise and Health Sciences Major,College of Agriculture & Life Sciences,2026-2027,Degree Core Requirements,BMSP 2136,Human Anatomy and Physiology,3,
Exercise and Health Sciences Major,College of Agriculture & Life Sciences,2026-2027,Degree Core Requirements,HNFE 2804,Exercise and Health,3,
Exercise and Health Sciences Major,College of Agriculture & Life Sciences,2026-2027,Degree Core Requirements,CHEM 2514,Survey of Organic Chemistry (C-),3,
Exercise and Health Sciences Major,College of Agriculture & Life Sciences,2026-2027,Degree Core Requirements,BCHM 2024,Concepts of Biochemistry,3,
Exercise and Health Sciences Major,College of Agriculture & Life Sciences,2026-2027,Degree Core Requirements,HNFE 3034,Methods of Human Health Assessment,2,
Exercise and Health Sciences Major,College of Agriculture & Life Sciences,2026-2027,Degree Core Requirements,HNFE 4604,Macronutrient Metabolism,3,
Exercise and Health Sciences Major,College of Agriculture & Life Sciences,2026-2027,Degree Core Requirements,HNFE 4704,Micronutrient Metabolism,3,
Exercise and Health Sciences Major,College of Agriculture & Life Sciences,2026-2027,Group A: all courses required,BMSP 2145,Human Anatomy and Physiology Laboratory,1,
Exercise and Health Sciences Major,College of Agriculture & Life Sciences,2026-2027,Group A: all courses required,BMSP 2146,Human Anatomy and Physiology Laboratory,1,
Exercise and Health Sciences Major,College of Agriculture & Life Sciences,2026-2027,Group A: all courses required,HNFE 3804,Exercise Physiology,3,
Exercise and Health Sciences Major,College of Agriculture & Life Sciences,2026-2027,Pathways Concept 1 - Discourse,ENGL 1105,First-Year Writing (1F),3,
Exercise and Health Sciences Major,College of Agriculture & Life Sciences,2026-2027,Pathways Concept 1 - Discourse,ENGL 1106,First-Year Writing (1F),3,
Exercise and Health Sciences Major,College of Agriculture & Life Sciences,2026-2027,Pathways Concept 1 - Discourse,COMM 2004,Public Speaking (1A),3,
Exercise and Health Sciences Major,College of Agriculture & Life Sciences,2026-2027,Pathways Concept 3 - Reasoning in the Social Sciences,PSYC 1004,Introductory Psychology,3,
Exercise and Health Sciences Major,College of Agriculture & Life Sciences,2026-2027,Pathways Concept 4 - Reasoning in the Natural Sciences,CHEM 1035,General Chemistry (C-) 1,3,
Exercise and Health Sciences Major,College of Agriculture & Life Sciences,2026-2027,Pathways Concept 4 - Reasoning in the Natural Sciences,CHEM 1045,General Chemistry Laboratory 1,1,
Exercise and Health Sciences Major,College of Agriculture & Life Sciences,2026-2027,Pathways Concept 4 - Reasoning in the Natural Sciences,CHEM 1036,General Chemistry (C-) 1,3,
Exercise and Health Sciences Major,College of Agriculture & Life Sciences,2026-2027,Pathways Concept 4 - Reasoning in the Natural Sciences,CHEM 1046,General Chemistry Laboratory 1,1,
Exercise and Health Sciences Major,College of Agriculture & Life Sciences,2026-2027,Pathways Concept 5 - Quantitative and Computational Thinking,MATH 1025,Elementary Calculus (5F),3,
Exercise and Health Sciences Major,College of Agriculture & Life Sciences,2026-2027,Pathways Concept 5 - Quantitative and Computational Thinking,STAT 3615,Biological Statistics (5A),3,
Crop and Soil Sciences Major,College of Agriculture & Life Sciences,2026-2027,Degree Core Requirements,ALS 1234,CALS First Year Seminar,1,
Crop and Soil Sciences Major,College of Agriculture & Life Sciences,2026-2027,Degree Core Requirements,ALCE 3634,Communicating Ag and Life Sciences in Speaking,3,
Crop and Soil Sciences Major,College of Agriculture & Life Sciences,2026-2027,Degree Core Requirements,BIOL 1105,Principles of Biology,3,
Crop and Soil Sciences Major,College of Agriculture & Life Sciences,2026-2027,Degree Core Requirements,BIOL 1106,Principles of Biology,3,
Crop and Soil Sciences Major,College of Agriculture & Life Sciences,2026-2027,Degree Core Requirements,ENSC 1015,Foundations of Environmental Science,3,
Crop and Soil Sciences Major,College of Agriculture & Life Sciences,2026-2027,Degree Core Requirements,HORT/BIOL 2304,Plant Biology,3,
Crop and Soil Sciences Major,College of Agriculture & Life Sciences,2026-2027,Degree Core Requirements,PPWS 2104,"Plants, Genes, and People",3,
Crop and Soil Sciences Major,College of Agriculture & Life Sciences,2026-2027,Degree Core Requirements,PPWS 4104,Plant Pathology,4,
Crop and Soil Sciences Major,College of Agriculture & Life Sciences,2026-2027,Crop and Soil Sciences Major Requirements,AAEC 2434,Foundations of Agribusiness,3,
Crop and Soil Sciences Major,College of Agriculture & Life Sciences,2026-2027,Crop and Soil Sciences Major Requirements,CHEM 1045,General Chemistry Laboratory,1,
Crop and Soil Sciences Major,College of Agriculture & Life Sciences,2026-2027,Crop and Soil Sciences Major Requirements,CHEM 1046,General Chemistry Laboratory,1,
Crop and Soil Sciences Major,College of Agriculture & Life Sciences,2026-2027,Crop and Soil Sciences Major Requirements,CSES 2444,Agronomic Crops,3,
Crop and Soil Sciences Major,College of Agriculture & Life Sciences,2026-2027,Crop and Soil Sciences Major Requirements,CSES 3114/GEOS 3614,Soils,3,
Crop and Soil Sciences Major,College of Agriculture & Life Sciences,2026-2027,Crop and Soil Sciences Major Requirements,CSES 3124/GEOS 3624,Soils Laboratory,1,
Crop and Soil Sciences Major,College of Agriculture & Life Sciences,2026-2027,Crop and Soil Sciences Major Requirements,CSES 4144,Plant Breeding and Genetics,3,
Crop and Soil Sciences Major,College of Agriculture & Life Sciences,2026-2027,Crop and Soil Sciences Major Requirements,CSES 4214,Soil Fertility and Management,3,
Crop and Soil Sciences Major,College of Agriculture & Life Sciences,2026-2027,Crop and Soil Sciences Major Requirements,ENT 4254,Insect Pest Management,3,
Crop and Soil Sciences Major,College of Agriculture & Life Sciences,2026-2027,Professional Development Requirements,SPES 2014,Professional Development Skills,1,
Crop and Soil Sciences Major,College of Agriculture & Life Sciences,2026-2027,Professional Development Requirements,SPES 3900,Bridge Experience,0,
Crop and Soil Sciences Major,College of Agriculture & Life Sciences,2026-2027,Professional Development Requirements,SPES 4014,Career Development and Planning,1,
Crop and Soil Sciences Major,College of Agriculture & Life Sciences,2026-2027,Pathways Concept 1 - Discourse,ENGL 1105,First-Year Writing (1F),3,
Crop and Soil Sciences Major,College of Agriculture & Life Sciences,2026-2027,Pathways Concept 1 - Discourse,ENGL 1106,First-Year Writing (1F),3,
Crop and Soil Sciences Major,College of Agriculture & Life Sciences,2026-2027,Pathways Concept 3 - Reasoning in the Social Sciences,AAEC 1005,Economics of the Food and Fiber System,3,
Crop and Soil Sciences Major,College of Agriculture & Life Sciences,2026-2027,Pathways Concept 4 - Reasoning in the Natural Sciences,CHEM 1035,General Chemistry,3,
Crop and Soil Sciences Major,College of Agriculture & Life Sciences,2026-2027,Pathways Concept 4 - Reasoning in the Natural Sciences,CHEM 1036,General Chemistry,3,
Crop and Soil Sciences Major,College of Agriculture & Life Sciences,2026-2027,Pathways Concept 5 - Quantitative and Computational Thinking,MATH 1014,Precalculus with Transcendental Functions (5F),3,
Ecological Restoration Major,College of Agriculture & Life Sciences,2026-2027,Degree Core Requirements,ALS 1234,CALS First Year Seminar,1,
Ecological Restoration Major,College of Agriculture & Life Sciences,2026-2027,Degree Core Requirements,BIOL 1105,Principles of Biology,3,
Ecological Restoration Major,College of Agriculture & Life Sciences,2026-2027,Degree Core Requirements,BIOL 1106,Principles of Biology,3,
Ecological Restoration Major,College of Agriculture & Life Sciences,2026-2027,Degree Core Requirements,CSES 3114,Soils,3,
Ecological Restoration Major,College of Agriculture & Life Sciences,2026-2027,Degree Core Requirements,CSES 3124,Soils Laboratory,1,
Ecological Restoration Major,College of Agriculture & Life Sciences,2026-2027,Degree Core Requirements,ENSC 3604,Fundamentals of Environmental Science,3,
Ecological Restoration Major,College of Agriculture & Life Sciences,2026-2027,Degree Core Requirements,GEOS 1004,"Earth Science: Our Past, Present, and Future",3,
Ecological Restoration Major,College of Agriculture & Life Sciences,2026-2027,Major Requirements,BIOL/HORT 2304,Plant Biology,3,
Ecological Restoration Major,College of Agriculture & Life Sciences,2026-2027,Major Requirements,BIOL 2804,Ecology,3,
Ecological Restoration Major,College of Agriculture & Life Sciences,2026-2027,Major Requirements,BIOL 3204,Plant Taxonomy,3,
Ecological Restoration Major,College of Agriculture & Life Sciences,2026-2027,Major Requirements,ENSC 3644,Plant Materials for Environmental Restoration,3,
Ecological Restoration Major,College of Agriculture & Life Sciences,2026-2027,Major Requirements,ENSC 4244,Ecological Restoration,3,
Ecological Restoration Major,College of Agriculture & Life Sciences,2026-2027,Major Requirements,ENSC 4774,Reclamation of Drastically Disturbed Lands (even years),3,
Ecological Restoration Major,College of Agriculture & Life Sciences,2026-2027,Major Requirements,PPWS 4604,Biological Invasions,3,
Ecological Restoration Major,College of Agriculture & Life Sciences,2026-2027,Professional Development Requirements,SPES 2014,Professional Development Skills,1,
Ecological Restoration Major,College of Agriculture & Life Sciences,2026-2027,Professional Development Requirements,SPES 3900,Bridge Experience,0,
Ecological Restoration Major,College of Agriculture & Life Sciences,2026-2027,Professional Development Requirements,SPES 4014,Career Development and Planning,1,
Ecological Restoration Major,College of Agriculture & Life Sciences,2026-2027,Pathways Concept 1 - Discourse,ENGL 1105,First-Year Writing (1F),3,
Ecological Restoration Major,College of Agriculture & Life Sciences,2026-2027,Pathways Concept 1 - Discourse,ENGL 1106,First-Year Writing (1F),3,
Ecological Restoration Major,College of Agriculture & Life Sciences,2026-2027,Pathways Concept 3 - Reasoning in the Social Sciences,AAEC 1005,Economics of the Food and Fiber System,3,
Ecological Restoration Major,College of Agriculture & Life Sciences,2026-2027,Pathways Concept 4 - Reasoning in the Natural Sciences,CHEM 1035,General Chemistry and General Chemistry Laboratory,4,
Ecological Restoration Major,College of Agriculture & Life Sciences,2026-2027,Pathways Concept 4 - Reasoning in the Natural Sciences,CHEM 1036,General Chemistry and General Chemistry Laboratory,4,
Ecological Restoration Major,College of Agriculture & Life Sciences,2026-2027,Pathways Concept 5 - Quantitative and Computational Thinking,MATH 1025,Elementary Calculus (5F),3,
Ecological Restoration Major,College of Agriculture & Life Sciences,2026-2027,Pathways Concept 5 - Quantitative and Computational Thinking,MATH 1026,Elementary Calculus (5F),3,
Ecological Restoration Major,College of Agriculture & Life Sciences,2026-2027,Pathways Concept 5 - Quantitative and Computational Thinking,STAT 3615,Biological Statistics (5A),3,
Environmental Horticulture Major,College of Agriculture & Life Sciences,2026-2027,Plant Science Degree Core Requirements,ALS 1234,CALS First Year Seminar,1,
Environmental Horticulture Major,College of Agriculture & Life Sciences,2026-2027,Plant Science Degree Core Requirements,ALCE 3634,Communicating Ag and Life Sciences in Speaking,3,
Environmental Horticulture Major,College of Agriculture & Life Sciences,2026-2027,Plant Science Degree Core Requirements,BIOL 1105,Principles of Biology,3,
Environmental Horticulture Major,College of Agriculture & Life Sciences,2026-2027,Plant Science Degree Core Requirements,BIOL 1106,Principles of Biology,3,
Environmental Horticulture Major,College of Agriculture & Life Sciences,2026-2027,Plant Science Degree Core Requirements,ENSC 1015,Foundations of Environmental Science,3,
Environmental Horticulture Major,College of Agriculture & Life Sciences,2026-2027,Plant Science Degree Core Requirements,HORT/BIOL 2304,Plant Biology,3,
Environmental Horticulture Major,College of Agriculture & Life Sciences,2026-2027,Plant Science Degree Core Requirements,PPWS 2104,"Plants, Genes, and People",3,
Environmental Horticulture Major,College of Agriculture & Life Sciences,2026-2027,Plant Science Degree Core Requirements,PPWS 4104,Plant Pathology,4,
Environmental Horticulture Major,College of Agriculture & Life Sciences,2026-2027,Environmental Horticulture Major Requirements,HORT 2224,Horticulture Science and Industry,2,
Environmental Horticulture Major,College of Agriculture & Life Sciences,2026-2027,Environmental Horticulture Major Requirements,HORT 2234,Environmental Factors in Horticulture,3,
Environmental Horticulture Major,College of Agriculture & Life Sciences,2026-2027,Environmental Horticulture Major Requirements,HORT 2244,Plant Propagation,3,
Environmental Horticulture Major,College of Agriculture & Life Sciences,2026-2027,Environmental Horticulture Major Requirements,HORT 4334,Greenhouse and Controlled Environment Agriculture Management,3,
Environmental Horticulture Major,College of Agriculture & Life Sciences,2026-2027,Environmental Horticulture Major Requirements,HORT 3324,Herbaceous Landscape Plants,3,
Environmental Horticulture Major,College of Agriculture & Life Sciences,2026-2027,Environmental Horticulture Major Requirements,HORT 3325,Woody Landscape Plants,3,
Environmental Horticulture Major,College of Agriculture & Life Sciences,2026-2027,Environmental Horticulture Major Requirements,ENSC 3134,Soils in the Landscape,3,
Environmental Horticulture Major,College of Agriculture & Life Sciences,2026-2027,Environmental Horticulture Major Requirements,ENT 4254,Insect Pest Management,3,
Environmental Horticulture Major,College of Agriculture & Life Sciences,2026-2027,Professional Development Requirements,SPES 2014,Professional Development Skills,1,
Environmental Horticulture Major,College of Agriculture & Life Sciences,2026-2027,Professional Development Requirements,SPES 3900,Bridge Experience,0,
Environmental Horticulture Major,College of Agriculture & Life Sciences,2026-2027,Professional Development Requirements,SPES 4014,Career Development and Planning,1,
Environmental Horticulture Major,College of Agriculture & Life Sciences,2026-2027,Business Requirements,AAEC 2434,Foundations of Agribusiness,3,
Environmental Horticulture Major,College of Agriculture & Life Sciences,2026-2027,Business Requirements,AAEC 3454,Small Business Management and Entrepreneurship,3,
Environmental Horticulture Major,College of Agriculture & Life Sciences,2026-2027,Business Requirements,HORT 4614,Ornamental Plant Production and Marketing,3,
Environmental Horticulture Major,College of Agriculture & Life Sciences,2026-2027,Pathways Concept 1 - Discourse,ENGL 1105,First-Year Writing (1F),3,
Environmental Horticulture Major,College of Agriculture & Life Sciences,2026-2027,Pathways Concept 1 - Discourse,ENGL 1106,First-Year Writing (1F),3,
Environmental Horticulture Major,College of Agriculture & Life Sciences,2026-2027,Pathways Concept 3 - Reasoning in the Social Sciences,AAEC 1005,Economics of the Food and Fiber System,3,
Environmental Horticulture Major,College of Agriculture & Life Sciences,2026-2027,Pathways Concept 4 - Reasoning in the Natural Sciences,CHEM 1035,General Chemistry,3,
Environmental Horticulture Major,College of Agriculture & Life Sciences,2026-2027,Pathways Concept 4 - Reasoning in the Natural Sciences,CHEM 1036,General Chemistry,3,
Environmental Horticulture Major,College of Agriculture & Life Sciences,2026-2027,Pathways Concept 5 - Quantitative and Computational Thinking,MATH 1014,Precalculus with Transcendental Functions (5F),3,
Environmental Science Major,College of Agriculture & Life Sciences,2026-2027,Degree Core Requirements,ALS 1234,CALS First Year Seminar,1,
Environmental Science Major,College of Agriculture & Life Sciences,2026-2027,Degree Core Requirements,BIOL 1105,Principles of Biology,3,
Environmental Science Major,College of Agriculture & Life Sciences,2026-2027,Degree Core Requirements,BIOL 1106,Principles of Biology,3,
Environmental Science Major,College of Agriculture & Life Sciences,2026-2027,Degree Core Requirements,CSES 3114,Soils,3,
Environmental Science Major,College of Agriculture & Life Sciences,2026-2027,Degree Core Requirements,CSES 3124,Soils Laboratory,1,
Environmental Science Major,College of Agriculture & Life Sciences,2026-2027,Degree Core Requirements,ENSC 3604,Fundamentals of Environmental Science,3,
Environmental Science Major,College of Agriculture & Life Sciences,2026-2027,Degree Core Requirements,GEOS 1004,"Earth Science: Our Past, Present, and Future",3,
Environmental Science Major,College of Agriculture & Life Sciences,2026-2027,Specific Course Requirements,CHEM 2514,Survey of Organic Chemistry,3,
Environmental Science Major,College of Agriculture & Life Sciences,2026-2027,Specific Course Requirements,CHEM 2114,Analytical Chemistry,3,
Environmental Science Major,College of Agriculture & Life Sciences,2026-2027,Specific Course Requirements,CHEM 2124,Analytical Chemistry Laboratory Techniques and Practice,1,
Environmental Science Major,College of Agriculture & Life Sciences,2026-2027,Specific Course Requirements,PHYS 2205,General Physics,3,
Environmental Science Major,College of Agriculture & Life Sciences,2026-2027,Specific Course Requirements,ENSC 3634,Physics of Pollution,3,
Environmental Science Major,College of Agriculture & Life Sciences,2026-2027,Specific Course Requirements,CSES 4854,Wetland Soils and Mitigation,3,
Environmental Science Major,College of Agriculture & Life Sciences,2026-2027,Specific Course Requirements,GEOS 4804,Groundwater Hydrology,3,
Environmental Science Major,College of Agriculture & Life Sciences,2026-2027,Specific Course Requirements,ENSC 4734,Environmental Soil Chemistry,3,
Environmental Science Major,College of Agriculture & Life Sciences,2026-2027,Specific Course Requirements,ENSC 4414,Monitoring and Analysis of the Environment,2,
Environmental Science Major,College of Agriculture & Life Sciences,2026-2027,Professional Development Requirements,SPES 2014,Professional Development Skills,1,
Environmental Science Major,College of Agriculture & Life Sciences,2026-2027,Professional Development Requirements,SPES 3900,Bridge Experience,0,
Environmental Science Major,College of Agriculture & Life Sciences,2026-2027,Professional Development Requirements,SPES 4014,Career Development and Planning,1,
Environmental Science Major,College of Agriculture & Life Sciences,2026-2027,Pathways Concept 1 - Discourse,ENGL 1105,First-Year Writing (1F),3,
Environmental Science Major,College of Agriculture & Life Sciences,2026-2027,Pathways Concept 1 - Discourse,ENGL 1106,First-Year Writing (1F),3,
Environmental Science Major,College of Agriculture & Life Sciences,2026-2027,Pathways Concept 1 - Discourse,ENGL 3764,Technical Writing (1A),3,
Environmental Science Major,College of Agriculture & Life Sciences,2026-2027,Pathways Concept 3 - Reasoning in the Social Sciences,AAEC 1005,Economics of the Food and Fiber System,3,
Environmental Science Major,College of Agriculture & Life Sciences,2026-2027,Pathways Concept 3 - Reasoning in the Social Sciences,AAEC 1006,Economics of the Food and Fiber System,3,
Environmental Science Major,College of Agriculture & Life Sciences,2026-2027,Pathways Concept 4 - Reasoning in the Natural Sciences,CHEM 1035,General Chemistry and General Chemistry Laboratory,4,
Environmental Science Major,College of Agriculture & Life Sciences,2026-2027,Pathways Concept 4 - Reasoning in the Natural Sciences,CHEM 1036,General Chemistry and General Chemistry Laboratory,4,
Environmental Science Major,College of Agriculture & Life Sciences,2026-2027,Pathways Concept 5 - Quantitative and Computational Thinking,MATH 1025,Elementary Calculus (5F),3,
Environmental Science Major,College of Agriculture & Life Sciences,2026-2027,Pathways Concept 5 - Quantitative and Computational Thinking,MATH 1026,Elementary Calculus (5F),3,
Environmental Science Major,College of Agriculture & Life Sciences,2026-2027,Pathways Concept 5 - Quantitative and Computational Thinking,STAT 3615,Biological Statistics (5A),3,
Integrated Agriculture Technologies Major,College of Agriculture & Life Sciences,2026-2027,Degree Core Requirements,ALS 1234,CALS First Year Seminar,1,
Integrated Agriculture Technologies Major,College of Agriculture & Life Sciences,2026-2027,Degree Core Requirements,ALCE 3634,Communicating Ag and Life Sciences in Speaking,3,
Integrated Agriculture Technologies Major,College of Agriculture & Life Sciences,2026-2027,Degree Core Requirements,BIOL 1105,Principles of Biology,3,
Integrated Agriculture Technologies Major,College of Agriculture & Life Sciences,2026-2027,Degree Core Requirements,BIOL 1106,Principles of Biology,3,
Integrated Agriculture Technologies Major,College of Agriculture & Life Sciences,2026-2027,Degree Core Requirements,ENSC 1015,Foundations of Environmental Science,3,
Integrated Agriculture Technologies Major,College of Agriculture & Life Sciences,2026-2027,Degree Core Requirements,HORT/BIOL 2304,Plant Biology,3,
Integrated Agriculture Technologies Major,College of Agriculture & Life Sciences,2026-2027,Degree Core Requirements,PPWS 2104,"Plants, Genes, and People",3,
Integrated Agriculture Technologies Major,College of Agriculture & Life Sciences,2026-2027,Degree Core Requirements,PPWS 4104,Plant Pathology,4,
Integrated Agriculture Technologies Major,College of Agriculture & Life Sciences,2026-2027,Major Requirements,CSES 2444,Agronomic Crops,3,
Integrated Agriculture Technologies Major,College of Agriculture & Life Sciences,2026-2027,Major Requirements,CSES 3114,Soils,3,
Integrated Agriculture Technologies Major,College of Agriculture & Life Sciences,2026-2027,Major Requirements,CSES 3124,Soils Laboratory,1,
Integrated Agriculture Technologies Major,College of Agriculture & Life Sciences,2026-2027,Major Requirements,CSES 2224,Foundations of Precision Agriculture,3,
Integrated Agriculture Technologies Major,College of Agriculture & Life Sciences,2026-2027,Major Requirements,CSES 4224,Applied Concepts in Precision Agriculture,3,
Integrated Agriculture Technologies Major,College of Agriculture & Life Sciences,2026-2027,Major Requirements,CSES 4234,Agro Data Integration,3,
Integrated Agriculture Technologies Major,College of Agriculture & Life Sciences,2026-2027,Major Requirements,CSES 4524,Drone Applications in Ag Systems,3,
Integrated Agriculture Technologies Major,College of Agriculture & Life Sciences,2026-2027,Major Requirements,CSES 4534,Internet of Things (IoT) for Smart Farming,3,
Integrated Agriculture Technologies Major,College of Agriculture & Life Sciences,2026-2027,Major Requirements,GEOG 2084,Principles of Geographic Information Systems,3,
Integrated Agriculture Technologies Major,College of Agriculture & Life Sciences,2026-2027,Professional Development Requirements,SPES 2014,Professional Development Skills,1,
Integrated Agriculture Technologies Major,College of Agriculture & Life Sciences,2026-2027,Professional Development Requirements,SPES 3900,Bridge Experience,0,
Integrated Agriculture Technologies Major,College of Agriculture & Life Sciences,2026-2027,Professional Development Requirements,SPES 4014,Career Development and Planning,1,
Integrated Agriculture Technologies Major,College of Agriculture & Life Sciences,2026-2027,Pathways Concept 1 - Discourse,ENGL 1105,First-Year Writing (1F),3,
Integrated Agriculture Technologies Major,College of Agriculture & Life Sciences,2026-2027,Pathways Concept 1 - Discourse,ENGL 1106,First-Year Writing (1F),3,
Integrated Agriculture Technologies Major,College of Agriculture & Life Sciences,2026-2027,Pathways Concept 2 - Critical Thinking in the Humanities,AAEC 1005,Economics of the Food and Fiber System,3,
Integrated Agriculture Technologies Major,College of Agriculture & Life Sciences,2026-2027,Pathways Concept 4 - Reasoning in the Natural Sciences,CHEM 1035,General Chemistry,3,
Integrated Agriculture Technologies Major,College of Agriculture & Life Sciences,2026-2027,Pathways Concept 4 - Reasoning in the Natural Sciences,CHEM 1036,General Chemistry,3,
Integrated Agriculture Technologies Major,College of Agriculture & Life Sciences,2026-2027,Pathways Concept 4 - Reasoning in the Natural Sciences,CHEM 1045,General Chemistry Laboratory,1,
Integrated Agriculture Technologies Major,College of Agriculture & Life Sciences,2026-2027,Pathways Concept 4 - Reasoning in the Natural Sciences,CHEM 1046,General Chemistry Laboratory,1,
Integrated Agriculture Technologies Major,College of Agriculture & Life Sciences,2026-2027,Pathways Concept 5 - Quantitative and Computational Thinking,CS 1014,Introduction to Computational Thinking,3,
Integrated Agriculture Technologies Major,College of Agriculture & Life Sciences,2026-2027,Pathways Concept 5 - Quantitative and Computational Thinking,MATH 1025,Elementary Calculus,3,
Landscape Design and Turfgrass Science Major,College of Agriculture & Life Sciences,2026-2027,Plant Science Degree Core Requirements,ALS 1234,CALS First Year Seminar,1,
Landscape Design and Turfgrass Science Major,College of Agriculture & Life Sciences,2026-2027,Plant Science Degree Core Requirements,ALCE 3634,Communicating Ag and Life Sciences in Speaking,3,
Landscape Design and Turfgrass Science Major,College of Agriculture & Life Sciences,2026-2027,Plant Science Degree Core Requirements,BIOL 1105,Principles of Biology,3,
Landscape Design and Turfgrass Science Major,College of Agriculture & Life Sciences,2026-2027,Plant Science Degree Core Requirements,BIOL 1106,Principles of Biology,3,
Landscape Design and Turfgrass Science Major,College of Agriculture & Life Sciences,2026-2027,Plant Science Degree Core Requirements,ENSC 1015,Foundations of Environmental Science,3,
Landscape Design and Turfgrass Science Major,College of Agriculture & Life Sciences,2026-2027,Plant Science Degree Core Requirements,HORT/BIOL 2304,Plant Biology,3,
Landscape Design and Turfgrass Science Major,College of Agriculture & Life Sciences,2026-2027,Plant Science Degree Core Requirements,PPWS 2104,"Plants, Genes, and People",3,
Landscape Design and Turfgrass Science Major,College of Agriculture & Life Sciences,2026-2027,Plant Science Degree Core Requirements,PPWS 4104,Plant Pathology,4,
Landscape Design and Turfgrass Science Major,College of Agriculture & Life Sciences,2026-2027,Landscape Design and Turfgrass Science Major Requirements,AAEC 2434,Foundations of Agribusiness,3,
Landscape Design and Turfgrass Science Major,College of Agriculture & Life Sciences,2026-2027,Landscape Design and Turfgrass Science Major Requirements,AAEC 3454,Small Business Management and Entrepreneurship,3,
Landscape Design and Turfgrass Science Major,College of Agriculture & Life Sciences,2026-2027,Landscape Design and Turfgrass Science Major Requirements,CSES 2564,Turfgrass Management,3,
Landscape Design and Turfgrass Science Major,College of Agriculture & Life Sciences,2026-2027,Landscape Design and Turfgrass Science Major Requirements,CSES 3114/GEOS 3614,Soils,3,
Landscape Design and Turfgrass Science Major,College of Agriculture & Life Sciences,2026-2027,Landscape Design and Turfgrass Science Major Requirements,CSES 3124/GEOS 3624,Soils Laboratory,1,
Landscape Design and Turfgrass Science Major,College of Agriculture & Life Sciences,2026-2027,Landscape Design and Turfgrass Science Major Requirements,ENT 4254,Insect Pest Management,3,
Landscape Design and Turfgrass Science Major,College of Agriculture & Life Sciences,2026-2027,Landscape Design and Turfgrass Science Major Requirements,HORT 2224,Horticulture Science and Industry,2,
Landscape Design and Turfgrass Science Major,College of Agriculture & Life Sciences,2026-2027,Landscape Design and Turfgrass Science Major Requirements,HORT 2234,Environmental Factors in Horticulture,3,
Landscape Design and Turfgrass Science Major,College of Agriculture & Life Sciences,2026-2027,Landscape Design and Turfgrass Science Major Requirements,HORT 2244,Plant Propagation,3,
Landscape Design and Turfgrass Science Major,College of Agriculture & Life Sciences,2026-2027,Professional Development Requirements,SPES 2014,Professional Development Skills,1,
Landscape Design and Turfgrass Science Major,College of Agriculture & Life Sciences,2026-2027,Professional Development Requirements,SPES 3900,Bridge Experience,0,
Landscape Design and Turfgrass Science Major,College of Agriculture & Life Sciences,2026-2027,Professional Development Requirements,SPES 4014,Career Development and Planning,1,
Landscape Design and Turfgrass Science Major,College of Agriculture & Life Sciences,2026-2027,Pathways Concept 1 - Discourse,ENGL 1105,First-Year Writing (1F),3,
Landscape Design and Turfgrass Science Major,College of Agriculture & Life Sciences,2026-2027,Pathways Concept 1 - Discourse,ENGL 1106,First-Year Writing (1F),3,
Landscape Design and Turfgrass Science Major,College of Agriculture & Life Sciences,2026-2027,Pathways Concept 3 - Reasoning in the Social Sciences,AAEC 1005,Economics of the Food and Fiber System,3,
Landscape Design and Turfgrass Science Major,College of Agriculture & Life Sciences,2026-2027,Pathways Concept 4 - Reasoning in the Natural Sciences,CHEM 1035,General Chemistry,3,
Landscape Design and Turfgrass Science Major,College of Agriculture & Life Sciences,2026-2027,Pathways Concept 4 - Reasoning in the Natural Sciences,CHEM 1036,General Chemistry,3,
Landscape Design and Turfgrass Science Major,College of Agriculture & Life Sciences,2026-2027,Pathways Concept 5 - Quantitative and Computational Thinking,MATH 1014,Precalculus with Transcendental Functions (5F),3,
Plant Science Major,College of Agriculture & Life Sciences,2026-2027,Degree Core Requirements,ALS 1234,CALS First Year Seminar,1,
Plant Science Major,College of Agriculture & Life Sciences,2026-2027,Degree Core Requirements,ALCE 3634,Communicating Ag and Life Sciences in Speaking,3,
Plant Science Major,College of Agriculture & Life Sciences,2026-2027,Degree Core Requirements,BIOL 1105,Principles of Biology,3,
Plant Science Major,College of Agriculture & Life Sciences,2026-2027,Degree Core Requirements,BIOL 1106,Principles of Biology,3,
Plant Science Major,College of Agriculture & Life Sciences,2026-2027,Degree Core Requirements,ENSC 1015,Foundations of Environmental Science,3,
Plant Science Major,College of Agriculture & Life Sciences,2026-2027,Degree Core Requirements,HORT 2304,Plant Biology,3,
Plant Science Major,College of Agriculture & Life Sciences,2026-2027,Degree Core Requirements,PPWS 2104,"Plants, Genes, and People",3,
Plant Science Major,College of Agriculture & Life Sciences,2026-2027,Degree Core Requirements,PPWS 4104,Plant Pathology,4,
Plant Science Major,College of Agriculture & Life Sciences,2026-2027,Major Requirements,BCHM 3114,Biochemistry for Biotechnology and the Life Sciences,3-4,
Plant Science Major,College of Agriculture & Life Sciences,2026-2027,Major Requirements,CHEM 1045,General Chemistry Laboratory,1,
Plant Science Major,College of Agriculture & Life Sciences,2026-2027,Major Requirements,CHEM 1046,General Chemistry Laboratory,1,
Plant Science Major,College of Agriculture & Life Sciences,2026-2027,Major Requirements,CHEM 2535,Organic Chemistry,3,
Plant Science Major,College of Agriculture & Life Sciences,2026-2027,Major Requirements,CHEM 2545,Organic Chemistry Laboratory,1,
Plant Science Major,College of Agriculture & Life Sciences,2026-2027,Major Requirements,CHEM 2536,Organic Chemistry,3,
Plant Science Major,College of Agriculture & Life Sciences,2026-2027,Major Requirements,CHEM 2546,Organic Chemistry Laboratory,1,
Plant Science Major,College of Agriculture & Life Sciences,2026-2027,Major Requirements,CSES 2444,Agronomic Crops,2-3,
Plant Science Major,College of Agriculture & Life Sciences,2026-2027,Major Requirements,CSES 4144,Plant Breeding and Genetics,3,
Plant Science Major,College of Agriculture & Life Sciences,2026-2027,Major Requirements,CSES 4344,Crop Physiology and Ecology,3,
Plant Science Major,College of Agriculture & Life Sciences,2026-2027,Professional Development Requirements,SPES 2014,Professional Development Skills,1,
Plant Science Major,College of Agriculture & Life Sciences,2026-2027,Professional Development Requirements,SPES 3900,Bridge Experience,0,
Plant Science Major,College of Agriculture & Life Sciences,2026-2027,Professional Development Requirements,SPES 4014,Career Development and Planning,1,
Plant Science Major,College of Agriculture & Life Sciences,2026-2027,Pathways Concept 1 - Discourse,ENGL 1105,First-Year Writing (1F),3,
Plant Science Major,College of Agriculture & Life Sciences,2026-2027,Pathways Concept 1 - Discourse,ENGL 1106,First-Year Writing (1F),3,
Plant Science Major,College of Agriculture & Life Sciences,2026-2027,Pathways Concept 3 - Reasoning in the Social Sciences,AAEC 1005,Economics of the Food and Fiber System,3,
Plant Science Major,College of Agriculture & Life Sciences,2026-2027,Pathways Concept 4 - Reasoning in the Natural Sciences,CHEM 1035,General Chemistry,3,
Plant Science Major,College of Agriculture & Life Sciences,2026-2027,Pathways Concept 4 - Reasoning in the Natural Sciences,CHEM 1036,General Chemistry,3,
Plant Science Major,College of Agriculture & Life Sciences,2026-2027,Pathways Concept 5 - Quantitative and Computational Thinking,MATH 1025,Elementary Calculus (5F),3,
Plant Science Major,College of Agriculture & Life Sciences,2026-2027,Pathways Concept 5 - Quantitative and Computational Thinking,MATH 1026,Elementary Calculus (5F),3,
Plant Science Major,College of Agriculture & Life Sciences,2026-2027,Pathways Concept 5 - Quantitative and Computational Thinking,STAT 3615,Biological Statistics (5A),3,
Consumer Studies Major,"College of Architecture, Arts, and Design",2026-2027,Degree Core Requirements,AHRM 1104,Introduction to AHRM and Student Resources 1,1,
Consumer Studies Major,"College of Architecture, Arts, and Design",2026-2027,Economic Well-Being,AHRM 2404,Consumer Rights 2,3,
Consumer Studies Major,"College of Architecture, Arts, and Design",2026-2027,Economic Well-Being,ECON 2005,Principles of Economics and Principles of Economics,6,
Consumer Studies Major,"College of Architecture, Arts, and Design",2026-2027,Business Fundamentals,MKTG 3104,Marketing Management,3,
Consumer Studies Major,"College of Architecture, Arts, and Design",2026-2027,Major Requirements,CONS 3404,Consumer Education Strategies 2,3,
Consumer Studies Major,"College of Architecture, Arts, and Design",2026-2027,Major Requirements,CONS 4304,Advanced Consumer Family Finances 2,3,
Consumer Studies Major,"College of Architecture, Arts, and Design",2026-2027,Major Requirements,CONS 4314,Debtor-Creditor Relationships 2,3,
Consumer Studies Major,"College of Architecture, Arts, and Design",2026-2027,Major Requirements,CONS 4324,Financial Counseling 2,3,
Consumer Studies Major,"College of Architecture, Arts, and Design",2026-2027,Major Requirements,CONS 4404,Consumer Protection 2,3,
Consumer Studies Major,"College of Architecture, Arts, and Design",2026-2027,Major Requirements,CONS 4414,Professionalism in Consumer Affairs 2,3,
Consumer Studies Major,"College of Architecture, Arts, and Design",2026-2027,Major Requirements,COMM 2004,Public Speaking,3,
Consumer Studies Major,"College of Architecture, Arts, and Design",2026-2027,Major Requirements,ACIS 1004,Accounting Foundations,3,
Consumer Studies Major,"College of Architecture, Arts, and Design",2026-2027,Major Requirements,MGT 3304,Management Theory and Leadership Practice,3,
Consumer Studies Major,"College of Architecture, Arts, and Design",2026-2027,Major Requirements,CONS 3900,Bridge Experience,0,
Consumer Studies Major,"College of Architecture, Arts, and Design",2026-2027,Major Requirements,AHRM 2954,Professional Development,2,
Consumer Studies Major,"College of Architecture, Arts, and Design",2026-2027,Major Requirements,AHRM 4954,Integrative Seminar,1,
Consumer Studies Major,"College of Architecture, Arts, and Design",2026-2027,Pathways Concept 1 - Discourse,ENGL 1105,First-Year Writing and First-Year Writing (1F) 1,6,
Consumer Studies Major,"College of Architecture, Arts, and Design",2026-2027,Pathways Concept 3 - Reasoning in the Social Sciences,HD 1004,Childhood and Adolescence 1,3,
Consumer Studies Major,"College of Architecture, Arts, and Design",2026-2027,Pathways Concept 3 - Reasoning in the Social Sciences,HD 2004,Adulthood and Aging,3,
Consumer Studies Major,"College of Architecture, Arts, and Design",2026-2027,Pathways Concept 5 - Quantitative and Computational Thinking,CONS 2304,"Consumer and Family Finances (5F) 1,2",3,
Consumer Studies Major,"College of Architecture, Arts, and Design",2026-2027,Pathways Concept 5 - Quantitative and Computational Thinking,MATH 1014,Precalculus with Transcendental Functions (5F) 1,3,
Consumer Studies Major,"College of Architecture, Arts, and Design",2026-2027,Pathways Concept 5 - Quantitative and Computational Thinking,STAT 3604,Statistics for Social Science (5A),3,
Consumer Studies Major,"College of Architecture, Arts, and Design",2026-2027,Pathways Concept 6 - Critique and Practice in Design and the Arts,AHRM 1014,Design and Art for Consumers 1,3,
Fashion Merchandising and Design Major,"College of Architecture, Arts, and Design",2026-2027,Degree Core Requirements,AHRM 1104,Introduction to AHRM and Student Resources,1,
Fashion Merchandising and Design Major,"College of Architecture, Arts, and Design",2026-2027,Economic Well-Being,AHRM 2404,Consumer Rights,3,
Fashion Merchandising and Design Major,"College of Architecture, Arts, and Design",2026-2027,Economic Well-Being,ECON 2005,Principles of Economics and Principles of Economics,6,
Fashion Merchandising and Design Major,"College of Architecture, Arts, and Design",2026-2027,Business Fundamentals,MKTG 3104,Marketing Management,3,
Fashion Merchandising and Design Major,"College of Architecture, Arts, and Design",2026-2027,Major Requirements,FMD 1224,Introduction to the Fashion Industry,3,
Fashion Merchandising and Design Major,"College of Architecture, Arts, and Design",2026-2027,Major Requirements,FMD 2204,Introduction to Textiles,3,
Fashion Merchandising and Design Major,"College of Architecture, Arts, and Design",2026-2027,Major Requirements,FMD 2214,Apparel Textiles Laboratory,1,
Fashion Merchandising and Design Major,"College of Architecture, Arts, and Design",2026-2027,Major Requirements,FMD 2264,Apparel Product Development,3,
Fashion Merchandising and Design Major,"College of Architecture, Arts, and Design",2026-2027,Major Requirements,FMD 3024,History of Costume,3,
Fashion Merchandising and Design Major,"College of Architecture, Arts, and Design",2026-2027,Major Requirements,FMD 3104,Fashion Retailing Concepts,3,
Fashion Merchandising and Design Major,"College of Architecture, Arts, and Design",2026-2027,Major Requirements,FMD 3204,Introduction to Textile Evaluation,3,
Fashion Merchandising and Design Major,"College of Architecture, Arts, and Design",2026-2027,Major Requirements,FMD 3224,Apparel Assembly,3,
Fashion Merchandising and Design Major,"College of Architecture, Arts, and Design",2026-2027,Major Requirements,FMD 4224,Fashion Analysis and Communication,3,
Fashion Merchandising and Design Major,"College of Architecture, Arts, and Design",2026-2027,Major Requirements,FMD 4234,Apparel Quality Evaluation,3,
Fashion Merchandising and Design Major,"College of Architecture, Arts, and Design",2026-2027,Major Requirements,FMD 4264,Fashion Merchandising and Design Strategies,3,
Fashion Merchandising and Design Major,"College of Architecture, Arts, and Design",2026-2027,Major Requirements,FMD 4274,International Sourcing of Apparel Products,3,
Fashion Merchandising and Design Major,"College of Architecture, Arts, and Design",2026-2027,Major Requirements,MGT 3304,Management Theory and Leadership Practice,3,
Fashion Merchandising and Design Major,"College of Architecture, Arts, and Design",2026-2027,Major Requirements,FMD 3900,Bridge Experience,0,
Fashion Merchandising and Design Major,"College of Architecture, Arts, and Design",2026-2027,Pathways Concept 1 - Discourse,ENGL 1105,First-Year Writing and First-Year Writing,6,
Fashion Merchandising and Design Major,"College of Architecture, Arts, and Design",2026-2027,Select one of the following:,SOC 1004,Introductory Sociology,3,
Fashion Merchandising and Design Major,"College of Architecture, Arts, and Design",2026-2027,Select one of the following (5F):,ACIS 1004,Accounting Foundations,3,
Fashion Merchandising and Design Major,"College of Architecture, Arts, and Design",2026-2027,Pathways Concept 6 - Critique and Practice in Design and the Arts,AHRM 1014,Design and Art for Consumers (6A),3,
Fashion Merchandising and Design Major,"College of Architecture, Arts, and Design",2026-2027,Pathways Concept 6 - Critique and Practice in Design and the Arts,FMD 2224,Fashion Presentation Techniques (6D),3,
Property Management Major,"College of Architecture, Arts, and Design",2026-2027,Degree Core Requirements,AHRM 1104,Introduction to AHRM and Student Resources 1,1,
Property Management Major,"College of Architecture, Arts, and Design",2026-2027,Economic Well-Being,AHRM 2404,Consumer Rights 2,3,
Property Management Major,"College of Architecture, Arts, and Design",2026-2027,Economic Well-Being,ECON 2005,Principles of Economics and Principles of Economics,6,
Property Management Major,"College of Architecture, Arts, and Design",2026-2027,Business Fundamentals,MKTG 3104,Marketing Management,3,
Property Management Major,"College of Architecture, Arts, and Design",2026-2027,Major Requirements,ACIS 1504,Introduction to Business Analytics and Business Intelligence,3,
Property Management Major,"College of Architecture, Arts, and Design",2026-2027,Major Requirements,AHRM 2954,Professional Development,2,
Property Management Major,"College of Architecture, Arts, and Design",2026-2027,Major Requirements,AHRM 4954,Integrative Seminar,1,
Property Management Major,"College of Architecture, Arts, and Design",2026-2027,Major Requirements,PM 2664,"Introduction to Property Management 1,2",3,
Property Management Major,"College of Architecture, Arts, and Design",2026-2027,Major Requirements,PM 3634,Managing Affordable and Specialized Housing 2,3,
Property Management Major,"College of Architecture, Arts, and Design",2026-2027,Major Requirements,PM 3674,"Property Management Operations 1,2",3,
Property Management Major,"College of Architecture, Arts, and Design",2026-2027,Major Requirements,PM 3684,Sustainable Property Management 2,3,
Property Management Major,"College of Architecture, Arts, and Design",2026-2027,Major Requirements,PM 3900,Bridge Experience,0,
Property Management Major,"College of Architecture, Arts, and Design",2026-2027,Major Requirements,PM 4644,Advanced Property and Asset Management 2,3,
Property Management Major,"College of Architecture, Arts, and Design",2026-2027,Major Requirements,PM 4684,Leasing Commercial Properties 2,3,
Property Management Major,"College of Architecture, Arts, and Design",2026-2027,Major Requirements,PM 4694,Contemporary Issues in Property Management 2,3,
Property Management Major,"College of Architecture, Arts, and Design",2026-2027,Major Requirements,PM 4744,Housing Challenges and Policies in the United States 2,3,
Property Management Major,"College of Architecture, Arts, and Design",2026-2027,Major Requirements,RED 2614,"Residential Construction 1,2",3,
Property Management Major,"College of Architecture, Arts, and Design",2026-2027,Pathways Concept 1 - Discourse,ENGL 1105,First-Year Writing and First-Year Writing 1,6,
Property Management Major,"College of Architecture, Arts, and Design",2026-2027,Select one of the following:,RED 4604,Environmental and Sustainability Issues in Housing 2,3,
Property Management Major,"College of Architecture, Arts, and Design",2026-2027,Pathways Concept 5 - Quantitative and Computational Thinking,ACIS 1004,"Accounting Foundations 1,2",3,
Property Management Major,"College of Architecture, Arts, and Design",2026-2027,Pathways Concept 6 - Critique and Practice in Design and the Arts,AHRM 1014,Design and Art for Consumers 2,3,
Property Management Major,"College of Architecture, Arts, and Design",2026-2027,Pathways Concept 6 - Critique and Practice in Design and the Arts,RED 1604,Introduction to Residential Design 2,3,
Residential Environments and Design Major,"College of Architecture, Arts, and Design",2026-2027,Degree Core Requirements,AHRM 1104,Introduction to AHRM and Student Resources 1,1,
Residential Environments and Design Major,"College of Architecture, Arts, and Design",2026-2027,Economic Well Being,AHRM 2404,Consumer Rights 2,3,
Residential Environments and Design Major,"College of Architecture, Arts, and Design",2026-2027,Business Fundamentals,MKTG 3104,Marketing Management,3,
Residential Environments and Design Major,"College of Architecture, Arts, and Design",2026-2027,Major Requirements,AHRM 2954,Professional Development,2,
Residential Environments and Design Major,"College of Architecture, Arts, and Design",2026-2027,Major Requirements,AHRM 4954,Integrative Seminar,1,
Residential Environments and Design Major,"College of Architecture, Arts, and Design",2026-2027,Major Requirements,RED 1604,"Introduction to Residential Design 1,2",3,
Residential Environments and Design Major,"College of Architecture, Arts, and Design",2026-2027,Major Requirements,RED 2624,"Residential Design I 1,2",3,
Residential Environments and Design Major,"College of Architecture, Arts, and Design",2026-2027,Major Requirements,RED 2614,Residential Construction 2,3,
Residential Environments and Design Major,"College of Architecture, Arts, and Design",2026-2027,Major Requirements,RED 2234,Residential Materials 2,3,
Residential Environments and Design Major,"College of Architecture, Arts, and Design",2026-2027,Major Requirements,RED 2654,Residential Environments 2,3,
Residential Environments and Design Major,"College of Architecture, Arts, and Design",2026-2027,Major Requirements,RED 3624,Residential Design II 2,3,
Residential Environments and Design Major,"College of Architecture, Arts, and Design",2026-2027,Major Requirements,RED 3644,American Housing 2,3,
Residential Environments and Design Major,"College of Architecture, Arts, and Design",2026-2027,Major Requirements,RED 3674,Residential Systems 2,3,
Residential Environments and Design Major,"College of Architecture, Arts, and Design",2026-2027,Major Requirements,RED 3900,Bridge Experience,0,
Residential Environments and Design Major,"College of Architecture, Arts, and Design",2026-2027,Major Requirements,RED 4624,Residential Design III 2,3,
Residential Environments and Design Major,"College of Architecture, Arts, and Design",2026-2027,Major Requirements,RED 4664,Universal Design 2,3,
Residential Environments and Design Major,"College of Architecture, Arts, and Design",2026-2027,Major Requirements,RED 4654,Residential Design IV 2,3,
Residential Environments and Design Major,"College of Architecture, Arts, and Design",2026-2027,Pathways Concept 1 - Discourse,ENGL 1105,First-Year Writing and First-Year Writing (1f),6,
Residential Environments and Design Major,"College of Architecture, Arts, and Design",2026-2027,Pathways Concept 2 - Critical Thinking in the Humanities,RED 4224,Historic Preservation of Residential Properties 2,3,
Residential Environments and Design Major,"College of Architecture, Arts, and Design",2026-2027,Pathways Concept 3 - Reasoning in the Social Sciences,RED 4604,Environmental and Sustainability Issues in Housing (Required for RED major) 2,3,
Residential Environments and Design Major,"College of Architecture, Arts, and Design",2026-2027,Pathways Concept 5 - Quantitative and Computational Thinking,ACIS 1004,Accounting Foundations (5F ; required for RED) 1,3,
Residential Environments and Design Major,"College of Architecture, Arts, and Design",2026-2027,Pathways Concept 6 - Critique and Practice in Design and the Arts,AHRM 1014,"Design and Art for Consumers (Integrated art and design credit ; required for RED) 1,2",3,
Residential Environments and Design Major,"College of Architecture, Arts, and Design",2026-2027,Pathways Concept 6 - Critique and Practice in Design and the Arts,AHRM 2014,Design for Consumers Studio (6D ; required for RED) 2,3,
Architecture Major,"College of Architecture, Arts, and Design",2026-2027,Architecture Degree Core Courses,ARCH 2015,Architecture II 1,7,
Architecture Major,"College of Architecture, Arts, and Design",2026-2027,Architecture Degree Core Courses,ARCH 2016,Architecture II 1,7,
Architecture Major,"College of Architecture, Arts, and Design",2026-2027,Architecture Degree Core Courses,ARCH 3015,Architecture III 1,7,
Architecture Major,"College of Architecture, Arts, and Design",2026-2027,Architecture Degree Core Courses,ARCH 3016,Architecture III 1,7,
Architecture Major,"College of Architecture, Arts, and Design",2026-2027,Architecture Degree Core Courses,ARCH 4004,Architecture IV - Option Lab 1,7,
Architecture Major,"College of Architecture, Arts, and Design",2026-2027,Architecture Degree Core Courses,ARCH 4014,Architecture IV - Integrative Design 1,8,
Architecture Major,"College of Architecture, Arts, and Design",2026-2027,Major Requirements,ARCH 1015,Foundation Design Laboratory,6,
Architecture Major,"College of Architecture, Arts, and Design",2026-2027,Major Requirements,ARCH 1016,Foundation Design Laboratory,6,
Architecture Major,"College of Architecture, Arts, and Design",2026-2027,Major Requirements,ARCH 2034,Art of Building 1,2,
Architecture Major,"College of Architecture, Arts, and Design",2026-2027,Major Requirements,ARCH 3054,Building Analysis 1,2,
Architecture Major,"College of Architecture, Arts, and Design",2026-2027,Major Requirements,ARCH 3065,Building Materials and Assemblies 1,3,
Architecture Major,"College of Architecture, Arts, and Design",2026-2027,Major Requirements,ARCH 3066,Building Materials and Assemblies 1,3,
Architecture Major,"College of Architecture, Arts, and Design",2026-2027,Major Requirements,ARCH 3900,Bridge Experience 2,0,
Architecture Major,"College of Architecture, Arts, and Design",2026-2027,Major Requirements,ARCH 4034,Building Cities 1,3,
Architecture Major,"College of Architecture, Arts, and Design",2026-2027,Major Requirements,ARCH 4044,Professional Practice in Architecture,3,
Architecture Major,"College of Architecture, Arts, and Design",2026-2027,Major Requirements,ARCH 4055,Environment and Building Systems,3,
Architecture Major,"College of Architecture, Arts, and Design",2026-2027,Major Requirements,ARCH 4056,Environment and Building Systems,3,
Architecture Major,"College of Architecture, Arts, and Design",2026-2027,Major Requirements,ARCH 4075,Building Structures 1,3,
Architecture Major,"College of Architecture, Arts, and Design",2026-2027,Major Requirements,ARCH 4076,Building Structures 1,3,
Architecture Major,"College of Architecture, Arts, and Design",2026-2027,Major Requirements,ARCH 4515,Architecture V 1,6,
Architecture Major,"College of Architecture, Arts, and Design",2026-2027,Major Requirements,ARCH 4516,Architecture V 1,6,
Architecture Major,"College of Architecture, Arts, and Design",2026-2027,Major Requirements,ESM 3704,Basic Principles of Structures,3,
Architecture Major,"College of Architecture, Arts, and Design",2026-2027,Pathways Concept 1 - Discourse,ENGL 1105,First-Year Writing,3,
Architecture Major,"College of Architecture, Arts, and Design",2026-2027,Pathways Concept 1 - Discourse,ENGL 1106,First-Year Writing,3,
Architecture Major,"College of Architecture, Arts, and Design",2026-2027,Pathways Concept 1 - Discourse,ARCH 4114,"Ideas, Concepts, and Representations of Architecture (1A)",3,
Architecture Major,"College of Architecture, Arts, and Design",2026-2027,Pathways Concept 2 - Critical Thinking in the Humanities,ARCH 3115,Histories of Architecture (in Major Required Course),3,
Architecture Major,"College of Architecture, Arts, and Design",2026-2027,Pathways Concept 2 - Critical Thinking in the Humanities,ARCH 3116,Histories of Architecture (in Major Required Course),3,
Architecture Major,"College of Architecture, Arts, and Design",2026-2027,Pathways Concept 5 - Quantitative and Computational Thinking,MATH 1535,Geometry and Mathematics of Design,3,
Architecture Major,"College of Architecture, Arts, and Design",2026-2027,Pathways Concept 5 - Quantitative and Computational Thinking,MATH 1536,Geometry and Mathematics of Design,3,
Architecture Major,"College of Architecture, Arts, and Design",2026-2027,Pathways Concept 6 - Critique and Practice in Design and the Arts,ARCH 4514,Thesis Inquiry (6A) 4,3,
Architecture Major,"College of Architecture, Arts, and Design",2026-2027,Pathways Concept 6 - Critique and Practice in Design and the Arts,ARCH 4524,Thesis Documentation (6D) 4,3,
Industrial Design Major,"College of Architecture, Arts, and Design",2026-2027,Degree Core Requirements,IDS 2015,Industrial Design Laboratory II,5,
Industrial Design Major,"College of Architecture, Arts, and Design",2026-2027,Degree Core Requirements,IDS 2016,Industrial Design Laboratory II,6,
Industrial Design Major,"College of Architecture, Arts, and Design",2026-2027,Degree Core Requirements,IDS 3015,Industrial Design Laboratory III,6,
Industrial Design Major,"College of Architecture, Arts, and Design",2026-2027,Degree Core Requirements,IDS 3016,Industrial Design Laboratory III,6,
Industrial Design Major,"College of Architecture, Arts, and Design",2026-2027,Degree Core Requirements,IDS 4015,Industrial Design Laboratory IV,6,
Industrial Design Major,"College of Architecture, Arts, and Design",2026-2027,Degree Core Requirements,IDS 4016,Industrial Design Laboratory IV,6,
Industrial Design Major,"College of Architecture, Arts, and Design",2026-2027,Major Requirements,ARCH 1015,Foundation Design Laboratory,6,
Industrial Design Major,"College of Architecture, Arts, and Design",2026-2027,Major Requirements,ARCH 1016,Foundation Design Laboratory,6,
Industrial Design Major,"College of Architecture, Arts, and Design",2026-2027,Major Requirements,IDS 2034,Design Visualization,3,
Industrial Design Major,"College of Architecture, Arts, and Design",2026-2027,Major Requirements,IDS 2044,Human Factors,3,
Industrial Design Major,"College of Architecture, Arts, and Design",2026-2027,Major Requirements,IDS 2304,Computer Aided Industrial Design,3,
Industrial Design Major,"College of Architecture, Arts, and Design",2026-2027,Major Requirements,IDS 3124,Materials and Processes,3,
Industrial Design Major,"College of Architecture, Arts, and Design",2026-2027,Major Requirements,IDS 3514,Design Research,3,
Industrial Design Major,"College of Architecture, Arts, and Design",2026-2027,Major Requirements,IDS 3900,Bridge Experience 1,0,
Industrial Design Major,"College of Architecture, Arts, and Design",2026-2027,Major Requirements,IDS 4044,Professional Practice and Entrepreneurship,2,
Industrial Design Major,"College of Architecture, Arts, and Design",2026-2027,Pathways Concept 1 - Discourse,ENGL 1105,First-Year Writing,3,
Industrial Design Major,"College of Architecture, Arts, and Design",2026-2027,Pathways Concept 1 - Discourse,ENGL 1106,First-Year Writing,3,
Industrial Design Major,"College of Architecture, Arts, and Design",2026-2027,Pathways Concept 2 - Critical Thinking in the Humanities,ART 2385,Survey of the History of Western Art,3,
Industrial Design Major,"College of Architecture, Arts, and Design",2026-2027,Pathways Concept 2 - Critical Thinking in the Humanities,ART 2386,Survey of the History of Western Art,3,
Industrial Design Major,"College of Architecture, Arts, and Design",2026-2027,Pathways Concept 6 - Critique and Practice in Design and the Arts,IDS 2114,History of Industrial Design,3,
Industrial Design Major,"College of Architecture, Arts, and Design",2026-2027,Pathways Concept 6 - Critique and Practice in Design and the Arts,IDS 2124,History of Modern Industrial Designers,3,
Interior Design Major,"College of Architecture, Arts, and Design",2026-2027,Degree Core Requirements,ITDS 2044,Interior Design I,6,
Interior Design Major,"College of Architecture, Arts, and Design",2026-2027,Degree Core Requirements,ITDS 2054,Interior Design II,6,
Interior Design Major,"College of Architecture, Arts, and Design",2026-2027,Degree Core Requirements,ITDS 2134,Materials and Methods in Interior Design,3,
Interior Design Major,"College of Architecture, Arts, and Design",2026-2027,Degree Core Requirements,ITDS 3044,Interior Design III,6,
Interior Design Major,"College of Architecture, Arts, and Design",2026-2027,Degree Core Requirements,ITDS 3054,Interior Design IV,6,
Interior Design Major,"College of Architecture, Arts, and Design",2026-2027,Degree Core Requirements,ITDS 3125,History of Interiors,3,
Interior Design Major,"College of Architecture, Arts, and Design",2026-2027,Degree Core Requirements,ITDS 3126,History of Interiors,3,
Interior Design Major,"College of Architecture, Arts, and Design",2026-2027,Degree Core Requirements,ITDS 3175,Building Systems for Interior Design,3,
Interior Design Major,"College of Architecture, Arts, and Design",2026-2027,Degree Core Requirements,ITDS 3176,Building Systems for Interior Design,3,
Interior Design Major,"College of Architecture, Arts, and Design",2026-2027,Degree Core Requirements,ITDS 3184,Construction Documents for Interior Design,3,
Interior Design Major,"College of Architecture, Arts, and Design",2026-2027,Degree Core Requirements,ITDS 4044,Interior Design V,6,
Interior Design Major,"College of Architecture, Arts, and Design",2026-2027,Degree Core Requirements,ITDS 4054,Interior Design VI,6,
Interior Design Major,"College of Architecture, Arts, and Design",2026-2027,Degree Core Requirements,ITDS 4224,Design Research for Interiors,3,
Interior Design Major,"College of Architecture, Arts, and Design",2026-2027,Degree Core Requirements,ITDS 4554,Contemporary Interior Design Practice,3,
Interior Design Major,"College of Architecture, Arts, and Design",2026-2027,Professional Elective Courses,ARCH 1015,Foundation Design Laboratory (required),6,
Interior Design Major,"College of Architecture, Arts, and Design",2026-2027,Professional Elective Courses,ARCH 1016,Foundation Design Laboratory (required),6,
Interior Design Major,"College of Architecture, Arts, and Design",2026-2027,Pathways Concept 1 - Discourse,ENGL 1105,First-Year Writing (1F),3,
Interior Design Major,"College of Architecture, Arts, and Design",2026-2027,Pathways Concept 1 - Discourse,ENGL 1106,First-Year Writing (1F),3,
Interior Design Major,"College of Architecture, Arts, and Design",2026-2027,Pathways Concept 1 - Discourse,COMM 2004,Public Speaking (1A),3,
Interior Design Major,"College of Architecture, Arts, and Design",2026-2027,Pathways Concept 2 - Critical Thinking in the Humanities,ART 2385,Survey of the History of Western Art,3,
Interior Design Major,"College of Architecture, Arts, and Design",2026-2027,Pathways Concept 3 - Reasoning in the Social Sciences,SOC 1004,Introductory Sociology,3,
Interior Design Major,"College of Architecture, Arts, and Design",2026-2027,Pathways Concept 6 - Critique and Practice in Design and the Arts,ITDS 1224,Introduction to Interior Design,3,
Landscape Architecture Major,"College of Architecture, Arts, and Design",2026-2027,Degree Core Requirements,LAR 1014,Landscape Architecture Foundation Design Laboratory,6,
Landscape Architecture Major,"College of Architecture, Arts, and Design",2026-2027,Degree Core Requirements,LAR 2025,"Landscape Architecture Design Studio Place, Process and People",6,
Landscape Architecture Major,"College of Architecture, Arts, and Design",2026-2027,Degree Core Requirements,LAR 2026,"Landscape Architecture Design Studio Place, Process and People",6,
Landscape Architecture Major,"College of Architecture, Arts, and Design",2026-2027,Degree Core Requirements,LAR 4014,Design and Construction Documentation,6,
Landscape Architecture Major,"College of Architecture, Arts, and Design",2026-2027,Degree Core Requirements,LAR 4084,Landscape Design and Planning Studio,6,
Landscape Architecture Major,"College of Architecture, Arts, and Design",2026-2027,Degree Core Requirements,LAR 4094,Senior Project,3,
Landscape Architecture Major,"College of Architecture, Arts, and Design",2026-2027,Degree Core Requirements,LAR 4094,Senior Project,6,
Landscape Architecture Major,"College of Architecture, Arts, and Design",2026-2027,Major Requirements,ARCH 1015,Foundation Design Laboratory,6,
Landscape Architecture Major,"College of Architecture, Arts, and Design",2026-2027,Major Requirements,LAR 1254,Environment and Natural Systems,3,
Landscape Architecture Major,"College of Architecture, Arts, and Design",2026-2027,Major Requirements,LAR 1264,"Seeing, Understanding and Representing Landscape and the Built Environment",3,
Landscape Architecture Major,"College of Architecture, Arts, and Design",2026-2027,Major Requirements,LAR 2154,Landscape Architecture History,3,
Landscape Architecture Major,"College of Architecture, Arts, and Design",2026-2027,Major Requirements,LAR 2164,Landform Function and Aesthetics,4,
Landscape Architecture Major,"College of Architecture, Arts, and Design",2026-2027,Major Requirements,LAR 3044,Land Analysis and Site Planning,3,
Landscape Architecture Major,"College of Architecture, Arts, and Design",2026-2027,Major Requirements,LAR 3154,Watershed Sensitive Site Design and Construction,4,
Landscape Architecture Major,"College of Architecture, Arts, and Design",2026-2027,Major Requirements,LAR 3164,"Design in Detail: Materials, Methods and Assembly",4,
Landscape Architecture Major,"College of Architecture, Arts, and Design",2026-2027,Major Requirements,LAR 3264,People Community and Place,3,
Landscape Architecture Major,"College of Architecture, Arts, and Design",2026-2027,Major Requirements,LAR 4034,Evolution of the American Landscape,3,
Landscape Architecture Major,"College of Architecture, Arts, and Design",2026-2027,Major Requirements,LAR 4154,Design Studies of the Built Environment,6,
Landscape Architecture Major,"College of Architecture, Arts, and Design",2026-2027,Major Requirements,LAR 4244,Professional Practice in Landscape Architecture,3,
Landscape Architecture Major,"College of Architecture, Arts, and Design",2026-2027,Major Requirements,LAR 4254,Theories of Landscape Architecture,3,
Landscape Architecture Major,"College of Architecture, Arts, and Design",2026-2027,Pathways Concept 1 - Discourse,ENGL 1105,First-Year Writing (1F),3,
Landscape Architecture Major,"College of Architecture, Arts, and Design",2026-2027,Pathways Concept 1 - Discourse,ENGL 1106,First-Year Writing (1F),3,
Landscape Architecture Major,"College of Architecture, Arts, and Design",2026-2027,Pathways Concept 4 - Reasoning in the Natural Sciences,GEOS 1004,"Earth Science: Our Past, Present, and Future",3,
Landscape Architecture Major,"College of Architecture, Arts, and Design",2026-2027,Pathways Concept 4 - Reasoning in the Natural Sciences,LAR 1254,Environment and Natural Systems (Major Req. Course),3,
Music Major with Composition Liberal Arts Option,"College of Architecture, Arts, and Design",2026-2027,Degree Core Requirements,MUS 2025,European-American Music Theory,3,
Music Major with Composition Liberal Arts Option,"College of Architecture, Arts, and Design",2026-2027,Degree Core Requirements,MUS 2026,European-American Music Theory,3,
Music Major with Composition Liberal Arts Option,"College of Architecture, Arts, and Design",2026-2027,Degree Core Requirements,MUS 2045,Sightsinging Laboratory,1,
Music Major with Composition Liberal Arts Option,"College of Architecture, Arts, and Design",2026-2027,Degree Core Requirements,MUS 2046,Sightsinging Laboratory,1,
Music Major with Composition Liberal Arts Option,"College of Architecture, Arts, and Design",2026-2027,Degree Core Requirements,MUS 3025,European-American Music Analysis,3,
Music Major with Composition Liberal Arts Option,"College of Architecture, Arts, and Design",2026-2027,Degree Core Requirements,MUS 3026,European-American Music Analysis,3,
Music Major with Composition Liberal Arts Option,"College of Architecture, Arts, and Design",2026-2027,Degree Core Requirements,MUS 3035,Advanced Class Piano,1,
Music Major with Composition Liberal Arts Option,"College of Architecture, Arts, and Design",2026-2027,Degree Core Requirements,MUS 3036,Advanced Class Piano,1,
Music Major with Composition Liberal Arts Option,"College of Architecture, Arts, and Design",2026-2027,Degree Core Requirements,MUS 3045,Advanced Ear Training,1,
Music Major with Composition Liberal Arts Option,"College of Architecture, Arts, and Design",2026-2027,Degree Core Requirements,MUS 3046,Advanced Ear Training,1,
Music Major with Composition Liberal Arts Option,"College of Architecture, Arts, and Design",2026-2027,Degree Core Requirements,MUS 3174,Music as Global Culture,3,
Music Major with Composition Liberal Arts Option,"College of Architecture, Arts, and Design",2026-2027,Major Requirements,MUS 2054,Introduction to Music Technology,2,
Music Major with Composition Liberal Arts Option,"College of Architecture, Arts, and Design",2026-2027,Music Composition,MUS 2065,Music Composition,2,
Music Major with Composition Liberal Arts Option,"College of Architecture, Arts, and Design",2026-2027,Music Composition,MUS 2066,Music Composition,2,
Music Major with Composition Liberal Arts Option,"College of Architecture, Arts, and Design",2026-2027,Music Composition,MUS 2734,Individual Applied Composition,2,
Music Major with Composition Liberal Arts Option,"College of Architecture, Arts, and Design",2026-2027,Music Composition,MUS 2734,Individual Applied Composition,2,
Music Major with Composition Liberal Arts Option,"College of Architecture, Arts, and Design",2026-2027,Music Composition,MUS 4734,Advanced Individual Applied Composition,2,
Music Major with Composition Liberal Arts Option,"College of Architecture, Arts, and Design",2026-2027,Music Composition,MUS 4734,Advanced Individual Applied Composition,2,
Music Major with Composition Liberal Arts Option,"College of Architecture, Arts, and Design",2026-2027,Music Technology,MUS 3065,Computer Music and Multimedia Design,3,
Music Major with Composition Liberal Arts Option,"College of Architecture, Arts, and Design",2026-2027,Music Technology,MUS 3066,Computer Music and Multimedia Design,3,
Music Major with Composition Liberal Arts Option,"College of Architecture, Arts, and Design",2026-2027,Performance (Ensemble),MUS 3314,Instrumental Ensemble Music,1,
Music Major with Composition Liberal Arts Option,"College of Architecture, Arts, and Design",2026-2027,Pathways Concept 2 - Critical Thinking in the Humanities,MUS 3184,Histories of Music I: Music in the European and American Traditions,3,
Music Major with Composition Liberal Arts Option,"College of Architecture, Arts, and Design",2026-2027,Pathways Concept 2 - Critical Thinking in the Humanities,MUS 3194,Histories of Music II: Music in the 20th and 21st Centuries,3,
Music Major with Composition Liberal Arts Option,"College of Architecture, Arts, and Design",2026-2027,Pathways Concept 6 - Critique and Practice in Design and the Arts,MUS 3314,Instrumental Ensemble Music ( Pathway 6a ),1,
Music Major with Composition Liberal Arts Option,"College of Architecture, Arts, and Design",2026-2027,Pathways Concept 6 - Critique and Practice in Design and the Arts,MUS 3314,Instrumental Ensemble Music ( Pathway 6a ),1,
Music Major with Composition Liberal Arts Option,"College of Architecture, Arts, and Design",2026-2027,Pathways Concept 6 - Critique and Practice in Design and the Arts,MUS 3314,Instrumental Ensemble Music ( Pathway 6a ),1,
Music Major with Music Engineering Technology (Electrical Engineering Emphasis) Option,"College of Architecture, Arts, and Design",2026-2027,Degree Core Requirements,MUS 2025,European-American Music Theory,3,
Music Major with Music Engineering Technology (Electrical Engineering Emphasis) Option,"College of Architecture, Arts, and Design",2026-2027,Degree Core Requirements,MUS 2026,European-American Music Theory,3,
Music Major with Music Engineering Technology (Electrical Engineering Emphasis) Option,"College of Architecture, Arts, and Design",2026-2027,Degree Core Requirements,MUS 2045,Sightsinging Laboratory,1,
Music Major with Music Engineering Technology (Electrical Engineering Emphasis) Option,"College of Architecture, Arts, and Design",2026-2027,Degree Core Requirements,MUS 2046,Sightsinging Laboratory,1,
Music Major with Music Engineering Technology (Electrical Engineering Emphasis) Option,"College of Architecture, Arts, and Design",2026-2027,Degree Core Requirements,MUS 3025,European-American Music Analysis,3,
Music Major with Music Engineering Technology (Electrical Engineering Emphasis) Option,"College of Architecture, Arts, and Design",2026-2027,Degree Core Requirements,MUS 3026,European-American Music Analysis,3,
Music Major with Music Engineering Technology (Electrical Engineering Emphasis) Option,"College of Architecture, Arts, and Design",2026-2027,Degree Core Requirements,MUS 3035,Advanced Class Piano,1,
Music Major with Music Engineering Technology (Electrical Engineering Emphasis) Option,"College of Architecture, Arts, and Design",2026-2027,Degree Core Requirements,MUS 3036,Advanced Class Piano,1,
Music Major with Music Engineering Technology (Electrical Engineering Emphasis) Option,"College of Architecture, Arts, and Design",2026-2027,Degree Core Requirements,MUS 3045,Advanced Ear Training,1,
Music Major with Music Engineering Technology (Electrical Engineering Emphasis) Option,"College of Architecture, Arts, and Design",2026-2027,Degree Core Requirements,MUS 3046,Advanced Ear Training,1,
Music Major with Music Engineering Technology (Electrical Engineering Emphasis) Option,"College of Architecture, Arts, and Design",2026-2027,Degree Core Requirements,MUS 3174,Music as Global Culture,3,
Music Major with Music Engineering Technology (Electrical Engineering Emphasis) Option,"College of Architecture, Arts, and Design",2026-2027,Major Requirements,MUS 2054,Introduction to Music Technology,2,
Music Major with Music Engineering Technology (Electrical Engineering Emphasis) Option,"College of Architecture, Arts, and Design",2026-2027,Music Technology,MUS 2055,Audio Technology For Music,3,
Music Major with Music Engineering Technology (Electrical Engineering Emphasis) Option,"College of Architecture, Arts, and Design",2026-2027,Music Technology,MUS 2056,Audio Technology For Music,3,
Music Major with Music Engineering Technology (Electrical Engineering Emphasis) Option,"College of Architecture, Arts, and Design",2026-2027,Music Technology,MUS 3055,Music and Media Production,3,
Music Major with Music Engineering Technology (Electrical Engineering Emphasis) Option,"College of Architecture, Arts, and Design",2026-2027,Music Technology,MUS 3056,Music and Media Production,3,
Music Major with Music Engineering Technology (Electrical Engineering Emphasis) Option,"College of Architecture, Arts, and Design",2026-2027,Advanced Music Technology,MUS 3065,Computer Music and Multimedia Design,3,
Music Major with Music Engineering Technology (Electrical Engineering Emphasis) Option,"College of Architecture, Arts, and Design",2026-2027,Advanced Music Technology,MUS 3066,Computer Music and Multimedia Design,3,
Music Major with Music Engineering Technology (Electrical Engineering Emphasis) Option,"College of Architecture, Arts, and Design",2026-2027,Advanced Music Technology,MUS 4764,Advanced Individual Applied Electroacoustics,1,
Music Major with Music Engineering Technology (Electrical Engineering Emphasis) Option,"College of Architecture, Arts, and Design",2026-2027,Advanced Music Technology,MUS 4764,Advanced Individual Applied Electroacoustics,1,
Music Major with Music Engineering Technology (Electrical Engineering Emphasis) Option,"College of Architecture, Arts, and Design",2026-2027,Advanced Music Technology,MUS 4055,Music Technology Senior Seminar,1,
Music Major with Music Engineering Technology (Electrical Engineering Emphasis) Option,"College of Architecture, Arts, and Design",2026-2027,Advanced Music Technology,MUS 4056,Music Technology Senior Seminar,1,
Music Major with Music Engineering Technology (Electrical Engineering Emphasis) Option,"College of Architecture, Arts, and Design",2026-2027,Math and Science,MATH 2114,Introduction to Linear Algebra,3,
Music Major with Music Engineering Technology (Electrical Engineering Emphasis) Option,"College of Architecture, Arts, and Design",2026-2027,Engineering,ECE 1004,Introduction to ECE Concepts,3,
Music Major with Music Engineering Technology (Electrical Engineering Emphasis) Option,"College of Architecture, Arts, and Design",2026-2027,Engineering,ECE 2024,Circuits and Devices,3,
Music Major with Music Engineering Technology (Electrical Engineering Emphasis) Option,"College of Architecture, Arts, and Design",2026-2027,Engineering,ECE 2214,Physical Electronics,3,
Music Major with Music Engineering Technology (Electrical Engineering Emphasis) Option,"College of Architecture, Arts, and Design",2026-2027,Engineering,ECE 2544,Fundamentals of Digital Systems,3,
Music Major with Music Engineering Technology (Electrical Engineering Emphasis) Option,"College of Architecture, Arts, and Design",2026-2027,Advanced Engineering,ECE 2714,Signals and Systems,3,
Music Major with Music Engineering Technology (Electrical Engineering Emphasis) Option,"College of Architecture, Arts, and Design",2026-2027,Advanced Engineering,ECE 3204,Analog Electronics,3,
Music Major with Music Engineering Technology (Electrical Engineering Emphasis) Option,"College of Architecture, Arts, and Design",2026-2027,Advanced Engineering,ECE 4205,Electronic Circuit Design,3,
Music Major with Music Engineering Technology (Electrical Engineering Emphasis) Option,"College of Architecture, Arts, and Design",2026-2027,Advanced Engineering,ECE 4254,Principles of Electronics Packaging,3,
Music Major with Music Engineering Technology (Electrical Engineering Emphasis) Option,"College of Architecture, Arts, and Design",2026-2027,Pathways Concept 2 - Critical Thinking in the Humanities,MUS 3164,History of Electronic Music,3,
Music Major with Music Engineering Technology (Electrical Engineering Emphasis) Option,"College of Architecture, Arts, and Design",2026-2027,Pathways Concept 2 - Critical Thinking in the Humanities,MUS 3194,Histories of Music II: Music in the 20th and 21st Centuries,3,
Music Major with Music Engineering Technology (Electrical Engineering Emphasis) Option,"College of Architecture, Arts, and Design",2026-2027,Pathways Concept 4 - Reasoning in the Natural Sciences,PHYS 2305,Foundations of Physics,4,
Music Major with Music Engineering Technology (Electrical Engineering Emphasis) Option,"College of Architecture, Arts, and Design",2026-2027,Pathways Concept 4 - Reasoning in the Natural Sciences,PHYS 2306,Foundations of Physics,4,
Music Major with Music Engineering Technology (Electrical Engineering Emphasis) Option,"College of Architecture, Arts, and Design",2026-2027,Pathways Concept 5 - Quantitative and Computational Thinking,MATH 2214,Introduction to Differential Equations,3,
Music Major with Music Engineering Technology (Electrical Engineering Emphasis) Option,"College of Architecture, Arts, and Design",2026-2027,Pathways Concept 5 - Quantitative and Computational Thinking,MATH 1225,Calculus of a Single Variable,4,
Music Major with Music Engineering Technology (Electrical Engineering Emphasis) Option,"College of Architecture, Arts, and Design",2026-2027,Pathways Concept 5 - Quantitative and Computational Thinking,MATH 1226,Calculus of a Single Variable,4,
Music Major with Music Industry Option,"College of Architecture, Arts, and Design",2026-2027,Degree Core Requirements,MUS 2025,European-American Music Theory,3,
Music Major with Music Industry Option,"College of Architecture, Arts, and Design",2026-2027,Degree Core Requirements,MUS 2026,European-American Music Theory,3,
Music Major with Music Industry Option,"College of Architecture, Arts, and Design",2026-2027,Degree Core Requirements,MUS 2045,Sightsinging Laboratory,1,
Music Major with Music Industry Option,"College of Architecture, Arts, and Design",2026-2027,Degree Core Requirements,MUS 2046,Sightsinging Laboratory,1,
Music Major with Music Industry Option,"College of Architecture, Arts, and Design",2026-2027,Degree Core Requirements,MUS 3025,European-American Music Analysis,3,
Music Major with Music Industry Option,"College of Architecture, Arts, and Design",2026-2027,Degree Core Requirements,MUS 3026,European-American Music Analysis,3,
Music Major with Music Industry Option,"College of Architecture, Arts, and Design",2026-2027,Degree Core Requirements,MUS 3035,Advanced Class Piano,1,
Music Major with Music Industry Option,"College of Architecture, Arts, and Design",2026-2027,Degree Core Requirements,MUS 3036,Advanced Class Piano,1,
Music Major with Music Industry Option,"College of Architecture, Arts, and Design",2026-2027,Degree Core Requirements,MUS 3045,Advanced Ear Training,1,
Music Major with Music Industry Option,"College of Architecture, Arts, and Design",2026-2027,Degree Core Requirements,MUS 3046,Advanced Ear Training,1,
Music Major with Music Industry Option,"College of Architecture, Arts, and Design",2026-2027,Degree Core Requirements,MUS 3174,Music as Global Culture,3,
Music Major with Music Industry Option,"College of Architecture, Arts, and Design",2026-2027,Major Requirements,MUS 2054,Introduction to Music Technology,2,
Music Major with Music Industry Option,"College of Architecture, Arts, and Design",2026-2027,Option Required Courses,ACIS 2115,Principles of Accounting,3,
Music Major with Music Industry Option,"College of Architecture, Arts, and Design",2026-2027,Option Required Courses,FIN 3054,Legal and Ethical Environment of Business,3,
Music Major with Music Industry Option,"College of Architecture, Arts, and Design",2026-2027,Option Required Courses,MKTG 3104,Marketing Management,3,
Music Major with Music Industry Option,"College of Architecture, Arts, and Design",2026-2027,Option Required Courses,ECON 2005,Principles of Economics,3,
Music Major with Music Industry Option,"College of Architecture, Arts, and Design",2026-2027,Option Required Courses,MUS 2604,Introduction to Arts Marketing,3,
Music Major with Music Industry Option,"College of Architecture, Arts, and Design",2026-2027,Option Required Courses,TA 3604,Arts Management,3,
Music Major with Music Industry Option,"College of Architecture, Arts, and Design",2026-2027,Option Required Courses,MUS 4174,Topics in Musicology,3,
Music Major with Music Industry Option,"College of Architecture, Arts, and Design",2026-2027,Option Required Courses,MUS 3900,Bridge Experience,0,
Music Major with Music Industry Option,"College of Architecture, Arts, and Design",2026-2027,Major Electives,MUS 1004,School of Performing Arts First Year Experience,1,
Music Major with Music Production Option,"College of Architecture, Arts, and Design",2026-2027,Degree Core Requirements,MUS 2025,European-American Music Theory,3,
Music Major with Music Production Option,"College of Architecture, Arts, and Design",2026-2027,Degree Core Requirements,MUS 2026,European-American Music Theory,3,
Music Major with Music Production Option,"College of Architecture, Arts, and Design",2026-2027,Degree Core Requirements,MUS 2045,Sightsinging Laboratory,1,
Music Major with Music Production Option,"College of Architecture, Arts, and Design",2026-2027,Degree Core Requirements,MUS 2046,Sightsinging Laboratory,1,
Music Major with Music Production Option,"College of Architecture, Arts, and Design",2026-2027,Degree Core Requirements,MUS 3025,European-American Music Analysis,3,
Music Major with Music Production Option,"College of Architecture, Arts, and Design",2026-2027,Degree Core Requirements,MUS 3026,European-American Music Analysis,3,
Music Major with Music Production Option,"College of Architecture, Arts, and Design",2026-2027,Degree Core Requirements,MUS 3035,Advanced Class Piano,1,
Music Major with Music Production Option,"College of Architecture, Arts, and Design",2026-2027,Degree Core Requirements,MUS 3036,Advanced Class Piano,1,
Music Major with Music Production Option,"College of Architecture, Arts, and Design",2026-2027,Degree Core Requirements,MUS 3045,Advanced Ear Training,1,
Music Major with Music Production Option,"College of Architecture, Arts, and Design",2026-2027,Degree Core Requirements,MUS 3046,Advanced Ear Training,1,
Music Major with Music Production Option,"College of Architecture, Arts, and Design",2026-2027,Degree Core Requirements,MUS 3174,Music as Global Culture,3,
Music Major with Music Production Option,"College of Architecture, Arts, and Design",2026-2027,Major Requirements,MUS 2054,Introduction to Music Technology,2,
Music Major with Music Production Option,"College of Architecture, Arts, and Design",2026-2027,Music Production Core,MUS 2056,Audio Technology For Music,3,
Music Major with Music Production Option,"College of Architecture, Arts, and Design",2026-2027,Music Production Core,MUS 2065,Music Composition,2,
Music Major with Music Production Option,"College of Architecture, Arts, and Design",2026-2027,Music Production Core,MUS 2066,Music Composition,2,
Music Major with Music Production Option,"College of Architecture, Arts, and Design",2026-2027,Music Production Core,MUS 4055,Music Technology Senior Seminar,1,
Music Major with Music Production Option,"College of Architecture, Arts, and Design",2026-2027,Music Production Core,MUS 4056,Music Technology Senior Seminar,1,
Music Major with Music Production Option,"College of Architecture, Arts, and Design",2026-2027,Pathways Concept 2 - Critical Thinking in the Humanities,MUS 3164,History of Electronic Music,3,
Music Major with Music Production Option,"College of Architecture, Arts, and Design",2026-2027,Pathways Concept 2 - Critical Thinking in the Humanities,MUS 3194,Histories of Music II: Music in the 20th and 21st Centuries,3,
Music Major with Music Teacher Preparation Option,"College of Architecture, Arts, and Design",2026-2027,Degree Core Requirements,MUS 2025,European-American Music Theory,3,
Music Major with Music Teacher Preparation Option,"College of Architecture, Arts, and Design",2026-2027,Degree Core Requirements,MUS 2026,European-American Music Theory,3,
Music Major with Music Teacher Preparation Option,"College of Architecture, Arts, and Design",2026-2027,Degree Core Requirements,MUS 2045,Sightsinging Laboratory,1,
Music Major with Music Teacher Preparation Option,"College of Architecture, Arts, and Design",2026-2027,Degree Core Requirements,MUS 2046,Sightsinging Laboratory,1,
Music Major with Music Teacher Preparation Option,"College of Architecture, Arts, and Design",2026-2027,Degree Core Requirements,MUS 3025,European-American Music Analysis,3,
Music Major with Music Teacher Preparation Option,"College of Architecture, Arts, and Design",2026-2027,Degree Core Requirements,MUS 3026,European-American Music Analysis,3,
Music Major with Music Teacher Preparation Option,"College of Architecture, Arts, and Design",2026-2027,Degree Core Requirements,MUS 3035,Advanced Class Piano,1,
Music Major with Music Teacher Preparation Option,"College of Architecture, Arts, and Design",2026-2027,Degree Core Requirements,MUS 3036,Advanced Class Piano,1,
Music Major with Music Teacher Preparation Option,"College of Architecture, Arts, and Design",2026-2027,Degree Core Requirements,MUS 3045,Advanced Ear Training,1,
Music Major with Music Teacher Preparation Option,"College of Architecture, Arts, and Design",2026-2027,Degree Core Requirements,MUS 3046,Advanced Ear Training,1,
Music Major with Music Teacher Preparation Option,"College of Architecture, Arts, and Design",2026-2027,Degree Core Requirements,MUS 3174,Music as Global Culture,3,
Music Major with Music Teacher Preparation Option,"College of Architecture, Arts, and Design",2026-2027,Major Requirements,MUS 2054,Introduction to Music Technology,2,
Music Major with Music Teacher Preparation Option,"College of Architecture, Arts, and Design",2026-2027,Major Electives,MUS 1004,School of Performing Arts First Year Experience,1,
Music Major with Music Teacher Preparation Option,"College of Architecture, Arts, and Design",2026-2027,Music Education,MUS 2214,Class Applied Piano,1,
Music Major with Music Teacher Preparation Option,"College of Architecture, Arts, and Design",2026-2027,Music Education,MUS 2214,Class Applied Piano,1,
Music Major with Music Teacher Preparation Option,"College of Architecture, Arts, and Design",2026-2027,Music Education,MUS 2364,Introduction to Music Education,2,
Music Major with Music Teacher Preparation Option,"College of Architecture, Arts, and Design",2026-2027,Music Education,MUS 3214,Teaching Music in the Elementary School,3,
Music Major with Music Teacher Preparation Option,"College of Architecture, Arts, and Design",2026-2027,Music Education,MUS 3225,Conducting,3,
Music Major with Music Teacher Preparation Option,"College of Architecture, Arts, and Design",2026-2027,Music Education,MUS 3226,Conducting,3,
Music Major with Music Teacher Preparation Option,"College of Architecture, Arts, and Design",2026-2027,Music Education,MUS 4204,Secondary General and Choral Music Education Methods,3,
Music Major with Music Teacher Preparation Option,"College of Architecture, Arts, and Design",2026-2027,Music Education,MUS 2234,Class Applied Strings,1,
Music Major with Music Teacher Preparation Option,"College of Architecture, Arts, and Design",2026-2027,Music Education,MUS 2264,Class Applied Percussion,1,
Music Major with Music Teacher Preparation Option,"College of Architecture, Arts, and Design",2026-2027,Music Education,MUS 4964,Field Study,3,
Music Major with Music Teacher Preparation Option,"College of Architecture, Arts, and Design",2026-2027,Pathways Concept 2 - Critical Thinking in the Humanities,MUS 3184,Histories of Music I: Music in the European and American Traditions,3,
Music Major with Music Teacher Preparation Option,"College of Architecture, Arts, and Design",2026-2027,Pathways Concept 2 - Critical Thinking in the Humanities,MUS 3194,Histories of Music II: Music in the 20th and 21st Centuries,3,
Music Major with Music Teacher Preparation Option,"College of Architecture, Arts, and Design",2026-2027,Repeatable course taken three times for one credit each time,MUS 3314,Instrumental Ensemble Music,3,
Music Major with Performance Liberal Arts Option,"College of Architecture, Arts, and Design",2026-2027,Degree Core Requirements,MUS 2025,European-American Music Theory,3,
Music Major with Performance Liberal Arts Option,"College of Architecture, Arts, and Design",2026-2027,Degree Core Requirements,MUS 2026,European-American Music Theory,3,
Music Major with Performance Liberal Arts Option,"College of Architecture, Arts, and Design",2026-2027,Degree Core Requirements,MUS 2045,Sightsinging Laboratory,1,
Music Major with Performance Liberal Arts Option,"College of Architecture, Arts, and Design",2026-2027,Degree Core Requirements,MUS 2046,Sightsinging Laboratory,1,
Music Major with Performance Liberal Arts Option,"College of Architecture, Arts, and Design",2026-2027,Degree Core Requirements,MUS 3025,European-American Music Analysis,3,
Music Major with Performance Liberal Arts Option,"College of Architecture, Arts, and Design",2026-2027,Degree Core Requirements,MUS 3026,European-American Music Analysis,3,
Music Major with Performance Liberal Arts Option,"College of Architecture, Arts, and Design",2026-2027,Degree Core Requirements,MUS 3035,Advanced Class Piano,1,
Music Major with Performance Liberal Arts Option,"College of Architecture, Arts, and Design",2026-2027,Degree Core Requirements,MUS 3036,Advanced Class Piano,1,
Music Major with Performance Liberal Arts Option,"College of Architecture, Arts, and Design",2026-2027,Degree Core Requirements,MUS 3045,Advanced Ear Training,1,
Music Major with Performance Liberal Arts Option,"College of Architecture, Arts, and Design",2026-2027,Degree Core Requirements,MUS 3046,Advanced Ear Training,1,
Music Major with Performance Liberal Arts Option,"College of Architecture, Arts, and Design",2026-2027,Degree Core Requirements,MUS 3174,Music as Global Culture,3,
Music Major with Performance Liberal Arts Option,"College of Architecture, Arts, and Design",2026-2027,Major Requirements,MUS 2054,Introduction to Music Technology,2,
Music Major with Performance Liberal Arts Option,"College of Architecture, Arts, and Design",2026-2027,Advanced Music History,MUS 3184,Histories of Music I: Music in the European and American Traditions,3,
Music Major with Performance Professional Instrumental Option,"College of Architecture, Arts, and Design",2026-2027,Degree Core Requirements,MUS 2025,European-American Music Theory,3,
Music Major with Performance Professional Instrumental Option,"College of Architecture, Arts, and Design",2026-2027,Degree Core Requirements,MUS 2026,European-American Music Theory,3,
Music Major with Performance Professional Instrumental Option,"College of Architecture, Arts, and Design",2026-2027,Degree Core Requirements,MUS 2045,Sightsinging Laboratory,1,
Music Major with Performance Professional Instrumental Option,"College of Architecture, Arts, and Design",2026-2027,Degree Core Requirements,MUS 2046,Sightsinging Laboratory,1,
Music Major with Performance Professional Instrumental Option,"College of Architecture, Arts, and Design",2026-2027,Degree Core Requirements,MUS 3025,European-American Music Analysis,3,
Music Major with Performance Professional Instrumental Option,"College of Architecture, Arts, and Design",2026-2027,Degree Core Requirements,MUS 3026,European-American Music Analysis,3,
Music Major with Performance Professional Instrumental Option,"College of Architecture, Arts, and Design",2026-2027,Degree Core Requirements,MUS 3035,Advanced Class Piano,1,
Music Major with Performance Professional Instrumental Option,"College of Architecture, Arts, and Design",2026-2027,Degree Core Requirements,MUS 3036,Advanced Class Piano,1,
Music Major with Performance Professional Instrumental Option,"College of Architecture, Arts, and Design",2026-2027,Degree Core Requirements,MUS 3045,Advanced Ear Training,1,
Music Major with Performance Professional Instrumental Option,"College of Architecture, Arts, and Design",2026-2027,Degree Core Requirements,MUS 3046,Advanced Ear Training,1,
Music Major with Performance Professional Instrumental Option,"College of Architecture, Arts, and Design",2026-2027,Degree Core Requirements,MUS 3174,Music as Global Culture,3,
Music Major with Performance Professional Instrumental Option,"College of Architecture, Arts, and Design",2026-2027,Major Requirements,MUS 2054,Introduction to Music Technology,2,
Music Major with Performance Professional Instrumental Option,"College of Architecture, Arts, and Design",2026-2027,Advanced Music History,MUS 3184,Histories of Music I: Music in the European and American Traditions,3,
Music Major with Performance Professional Instrumental Option,"College of Architecture, Arts, and Design",2026-2027,Advanced Music History,MUS 3194,Histories of Music II: Music in the 20th and 21st Centuries,3,
Music Major with Performance Professional Instrumental Option,"College of Architecture, Arts, and Design",2026-2027,Performance (Related),MUS 2815,Jazz Improvisation,2,
Music Major with Performance Professional Instrumental Option,"College of Architecture, Arts, and Design",2026-2027,Performance (Related),MUS 3225,Conducting,3,
Music Major with Performance Professional Instrumental Option,"College of Architecture, Arts, and Design",2026-2027,Performance (Related),MUS 3226,Conducting,3,
Music Major with Performance Professional Vocal Option,"College of Architecture, Arts, and Design",2026-2027,Degree Core Requirements,MUS 2025,European-American Music Theory,3,
Music Major with Performance Professional Vocal Option,"College of Architecture, Arts, and Design",2026-2027,Degree Core Requirements,MUS 2026,European-American Music Theory,3,
Music Major with Performance Professional Vocal Option,"College of Architecture, Arts, and Design",2026-2027,Degree Core Requirements,MUS 2045,Sightsinging Laboratory,1,
Music Major with Performance Professional Vocal Option,"College of Architecture, Arts, and Design",2026-2027,Degree Core Requirements,MUS 2046,Sightsinging Laboratory,1,
Music Major with Performance Professional Vocal Option,"College of Architecture, Arts, and Design",2026-2027,Degree Core Requirements,MUS 3025,European-American Music Analysis,3,
Music Major with Performance Professional Vocal Option,"College of Architecture, Arts, and Design",2026-2027,Degree Core Requirements,MUS 3026,European-American Music Analysis,3,
Music Major with Performance Professional Vocal Option,"College of Architecture, Arts, and Design",2026-2027,Degree Core Requirements,MUS 3035,Advanced Class Piano,1,
Music Major with Performance Professional Vocal Option,"College of Architecture, Arts, and Design",2026-2027,Degree Core Requirements,MUS 3036,Advanced Class Piano,1,
Music Major with Performance Professional Vocal Option,"College of Architecture, Arts, and Design",2026-2027,Degree Core Requirements,MUS 3045,Advanced Ear Training,1,
Music Major with Performance Professional Vocal Option,"College of Architecture, Arts, and Design",2026-2027,Degree Core Requirements,MUS 3046,Advanced Ear Training,1,
Music Major with Performance Professional Vocal Option,"College of Architecture, Arts, and Design",2026-2027,Degree Core Requirements,MUS 3174,Music as Global Culture,3,
Music Major with Performance Professional Vocal Option,"College of Architecture, Arts, and Design",2026-2027,Major Requirements,MUS 2054,Introduction to Music Technology,2,
Music Major with Performance Professional Vocal Option,"College of Architecture, Arts, and Design",2026-2027,Advanced Music History Literature,MUS 3184,Histories of Music I: Music in the European and American Traditions,3,
Music Major with Performance Professional Vocal Option,"College of Architecture, Arts, and Design",2026-2027,Advanced Music History Literature,MUS 3194,Histories of Music II: Music in the 20th and 21st Centuries,3,
Music Major with Performance Professional Vocal Option,"College of Architecture, Arts, and Design",2026-2027,Performance (Related),MUS 2515,Vocal Diction,1,
Music Major with Performance Professional Vocal Option,"College of Architecture, Arts, and Design",2026-2027,Performance (Related),MUS 2516,Vocal Diction,1,
Music Major with Performance Professional Vocal Option,"College of Architecture, Arts, and Design",2026-2027,Performance (Related),MUS 2815,Jazz Improvisation,2,
Music Major with Performance Professional Vocal Option,"College of Architecture, Arts, and Design",2026-2027,Performance (Related),MUS 3225,Conducting,3,
Music Major with Performance Professional Vocal Option,"College of Architecture, Arts, and Design",2026-2027,Performance (Related),MUS 3244,Vocal Pedagogy,3,
Music Major with Technology Professional Option,"College of Architecture, Arts, and Design",2026-2027,Degree Core Requirements,MUS 2025,European-American Music Theory,3,
Music Major with Technology Professional Option,"College of Architecture, Arts, and Design",2026-2027,Degree Core Requirements,MUS 2026,European-American Music Theory,3,
Music Major with Technology Professional Option,"College of Architecture, Arts, and Design",2026-2027,Degree Core Requirements,MUS 2045,Sightsinging Laboratory,1,
Music Major with Technology Professional Option,"College of Architecture, Arts, and Design",2026-2027,Degree Core Requirements,MUS 2046,Sightsinging Laboratory,1,
Music Major with Technology Professional Option,"College of Architecture, Arts, and Design",2026-2027,Degree Core Requirements,MUS 3025,European-American Music Analysis,3,
Music Major with Technology Professional Option,"College of Architecture, Arts, and Design",2026-2027,Degree Core Requirements,MUS 3026,European-American Music Analysis,3,
Music Major with Technology Professional Option,"College of Architecture, Arts, and Design",2026-2027,Degree Core Requirements,MUS 3035,Advanced Class Piano,1,
Music Major with Technology Professional Option,"College of Architecture, Arts, and Design",2026-2027,Degree Core Requirements,MUS 3036,Advanced Class Piano,1,
Music Major with Technology Professional Option,"College of Architecture, Arts, and Design",2026-2027,Degree Core Requirements,MUS 3045,Advanced Ear Training,1,
Music Major with Technology Professional Option,"College of Architecture, Arts, and Design",2026-2027,Degree Core Requirements,MUS 3046,Advanced Ear Training,1,
Music Major with Technology Professional Option,"College of Architecture, Arts, and Design",2026-2027,Degree Core Requirements,MUS 3174,Music as Global Culture,3,
Music Major with Technology Professional Option,"College of Architecture, Arts, and Design",2026-2027,Major Requirements,MUS 2054,Introduction to Music Technology,2,
Music Major with Technology Professional Option,"College of Architecture, Arts, and Design",2026-2027,Music Technology Core,MUS 2055,Audio Technology For Music,3,
Music Major with Technology Professional Option,"College of Architecture, Arts, and Design",2026-2027,Music Technology Core,MUS 2056,Audio Technology For Music (3 Cr-H),3,
Music Major with Technology Professional Option,"College of Architecture, Arts, and Design",2026-2027,Music Technology Core,MUS 3055,Music and Media Production,3,
Music Major with Technology Professional Option,"College of Architecture, Arts, and Design",2026-2027,Music Technology Core,MUS 3056,Music and Media Production,3,
Music Major with Technology Professional Option,"College of Architecture, Arts, and Design",2026-2027,Advanced Music Technology,MUS 2754,Individual Applied Recording,3,
Music Major with Technology Professional Option,"College of Architecture, Arts, and Design",2026-2027,Advanced Music Technology,MUS 4754,Advanced Individual Applied Recording,2,
Music Major with Technology Professional Option,"College of Architecture, Arts, and Design",2026-2027,Advanced Music Technology,MUS 4055,Music Technology Senior Seminar,1,
Music Major with Technology Professional Option,"College of Architecture, Arts, and Design",2026-2027,Advanced Music Technology,MUS 4056,Music Technology Senior Seminar,1,
Music Major with Technology Professional Option,"College of Architecture, Arts, and Design",2026-2027,Pathways Concept 2 - Critical Thinking in the Humanities,MUS 3184,Histories of Music I: Music in the European and American Traditions,3,
Music Major with Technology Professional Option,"College of Architecture, Arts, and Design",2026-2027,Pathways Concept 2 - Critical Thinking in the Humanities,MUS 3194,Histories of Music II: Music in the 20th and 21st Centuries,3,
Music Major with Technology Professional Option,"College of Architecture, Arts, and Design",2026-2027,Pathways Concept 6 - Critique and Practice in Design and the Arts,MUS 3314,Instrumental Ensemble Music ( Pathway 6a ),1,
Music Major with Technology Professional Option,"College of Architecture, Arts, and Design",2026-2027,Pathways Concept 6 - Critique and Practice in Design and the Arts,MUS 3314,Instrumental Ensemble Music ( Pathway 6a ),1,
Music Major with Technology Professional Option,"College of Architecture, Arts, and Design",2026-2027,Pathways Concept 6 - Critique and Practice in Design and the Arts,MUS 3314,Instrumental Ensemble Music ( Pathway 6a ),1,
Art Major with Art History Option,"College of Architecture, Arts, and Design",2026-2027,Degree Core Requirements,ART 1204,Principles of 2D Art and Design,3,
Art Major with Art History Option,"College of Architecture, Arts, and Design",2026-2027,Degree Core Requirements,ART 1214,Principles of 3D Art and Design,3,
Art Major with Art History Option,"College of Architecture, Arts, and Design",2026-2027,Degree Core Requirements,ART 2385,Survey of the History of Western Art,3,
Art Major with Art History Option,"College of Architecture, Arts, and Design",2026-2027,Major Requirements,ART 4484,Topics in Art Criticism and Methodology,3,
Art Major with Art History Option,"College of Architecture, Arts, and Design",2026-2027,Pathways Concept 6 - Critique and Practice in Design and the Arts,ART 2386,Survey of the History of Western Art,3,
Creative Technologies Major,"College of Architecture, Arts, and Design",2026-2027,Degree Core Requirements,ART 1204,Principles of 2D Art and Design,3,
Creative Technologies Major,"College of Architecture, Arts, and Design",2026-2027,Degree Core Requirements,ART 1214,Principles of 3D Art and Design,3,
Creative Technologies Major,"College of Architecture, Arts, and Design",2026-2027,Degree Core Requirements,ART 2385,Survey of the History of Western Art,3,
Creative Technologies Major,"College of Architecture, Arts, and Design",2026-2027,Major Requirements,ART 1304,Gateway to Art and Design,1,
Creative Technologies Major,"College of Architecture, Arts, and Design",2026-2027,Major Requirements,ART 1604,Principles of 4D Art & Design,3,
Creative Technologies Major,"College of Architecture, Arts, and Design",2026-2027,Major Requirements,ART 2604,Introduction to Creative Technologies,3,
Creative Technologies Major,"College of Architecture, Arts, and Design",2026-2027,Major Requirements,ART 2704,3D Computer Animation,3,
Creative Technologies Major,"College of Architecture, Arts, and Design",2026-2027,Major Requirements,ART 3504,Topics in Digital Art and Design,3,
Creative Technologies Major,"College of Architecture, Arts, and Design",2026-2027,Major Requirements,ART 3604,Topics in New Media Art,3,
Creative Technologies Major,"College of Architecture, Arts, and Design",2026-2027,Major Requirements,ART 3704,Topics in Computer Animation,3,
Creative Technologies Major,"College of Architecture, Arts, and Design",2026-2027,Major Requirements,ART 3854,Professional Studio Practices,3,
Creative Technologies Major,"College of Architecture, Arts, and Design",2026-2027,Major Requirements,ART 4804,New Media Art Theory,3,
Creative Technologies Major,"College of Architecture, Arts, and Design",2026-2027,Pathways Concept 2 - Critical Thinking in the Humanities,ART 2386,Survey of the History of Western Art,3,
Creative Technologies Major,"College of Architecture, Arts, and Design",2026-2027,Pathways Concept 5 - Quantitative and Computational Thinking,ART 2434,Introduction to Creative Code (5F),3,
Creative Technologies Major,"College of Architecture, Arts, and Design",2026-2027,Pathways Concept 6 - Critique and Practice in Design and the Arts,ART 1504,Contemporary Art and Practice (6A),3,
Creative Technologies Major,"College of Architecture, Arts, and Design",2026-2027,Pathways Concept 6 - Critique and Practice in Design and the Arts,ART 1404,Principles of Drawing (6D),3,
Studio Art Major,"College of Architecture, Arts, and Design",2026-2027,Degree Core Requirements,ART 1204,Principles of 2D Art and Design,3,
Studio Art Major,"College of Architecture, Arts, and Design",2026-2027,Degree Core Requirements,ART 1214,Principles of 3D Art and Design,3,
Studio Art Major,"College of Architecture, Arts, and Design",2026-2027,Degree Core Requirements,ART 2385,Survey of the History of Western Art,3,
Studio Art Major,"College of Architecture, Arts, and Design",2026-2027,Major Requirements,ART 1304,Gateway to Art and Design,1,
Studio Art Major,"College of Architecture, Arts, and Design",2026-2027,Major Requirements,ART 1604,Principles of 4D Art & Design,3,
Studio Art Major,"College of Architecture, Arts, and Design",2026-2027,Major Requirements,ART 2514,Drawing Concepts,3,
Studio Art Major,"College of Architecture, Arts, and Design",2026-2027,Major Requirements,ART 2524,Introduction To Painting,3,
Studio Art Major,"College of Architecture, Arts, and Design",2026-2027,Major Requirements,ART 2554,Introduction To Sculpture,3,
Studio Art Major,"College of Architecture, Arts, and Design",2026-2027,Major Requirements,ART 2664,Introduction to Photography,3,
Studio Art Major,"College of Architecture, Arts, and Design",2026-2027,Major Requirements,ART 3854,Professional Studio Practices,3,
Studio Art Major,"College of Architecture, Arts, and Design",2026-2027,Pathways Concept 2 - Critical Thinking in the Humanities,ART 2386,Survey of the History of Western Art,3,
Studio Art Major,"College of Architecture, Arts, and Design",2026-2027,Pathways Concept 6 - Critique and Practice in Design and the Arts,ART 1504,Contemporary Art and Practice (6A),3,
Studio Art Major,"College of Architecture, Arts, and Design",2026-2027,Pathways Concept 6 - Critique and Practice in Design and the Arts,ART 1404,Principles of Drawing (6D),3,
Graphic Design Major,"College of Architecture, Arts, and Design",2026-2027,Degree Core Requirements,ART 1204,Principles of 2D Art and Design,3,
Graphic Design Major,"College of Architecture, Arts, and Design",2026-2027,Degree Core Requirements,ART 1214,Principles of 3D Art and Design,3,
Graphic Design Major,"College of Architecture, Arts, and Design",2026-2027,Degree Core Requirements,ART 2385,Survey of the History of Western Art,3,
Graphic Design Major,"College of Architecture, Arts, and Design",2026-2027,Major Requirements,ART 1304,Gateway to Art and Design,1,
Graphic Design Major,"College of Architecture, Arts, and Design",2026-2027,Major Requirements,ART 1614,Principles of Visual Communication Design,3,
Graphic Design Major,"College of Architecture, Arts, and Design",2026-2027,Major Requirements,ART 2565,Typography (Graphic Design majors only),3,
Graphic Design Major,"College of Architecture, Arts, and Design",2026-2027,Major Requirements,ART 2566,Typography,3,
Graphic Design Major,"College of Architecture, Arts, and Design",2026-2027,Major Requirements,ART 2575,Introduction to Graphic Design,3,
Graphic Design Major,"College of Architecture, Arts, and Design",2026-2027,Major Requirements,ART 2576,Introduction to Graphic Design,3,
Graphic Design Major,"College of Architecture, Arts, and Design",2026-2027,Major Requirements,ART 3565,Intermediate Graphic Design I and II,3,
Graphic Design Major,"College of Architecture, Arts, and Design",2026-2027,Major Requirements,ART 3566,Intermediate Graphic Design II,3,
Graphic Design Major,"College of Architecture, Arts, and Design",2026-2027,Major Requirements,ART 3900,Bridge Experience,0,
Graphic Design Major,"College of Architecture, Arts, and Design",2026-2027,Major Requirements,ART 4584,Advanced Typography,3,
Graphic Design Major,"College of Architecture, Arts, and Design",2026-2027,Pathways Concept 2 - Critical Thinking in the Humanities,ART 2386,Survey of the History of Western Art,3,
Graphic Design Major,"College of Architecture, Arts, and Design",2026-2027,Pathways Concept 6 - Critique and Practice in Design and the Arts,ART 1404,Principles of Drawing (6A),3,
Graphic Design Major,"College of Architecture, Arts, and Design",2026-2027,Pathways Concept 6 - Critique and Practice in Design and the Arts,ART 1604,Principles of 4D Art & Design (6D),3,
Cinema Major,"College of Architecture, Arts, and Design",2026-2027,Degree Core Requirements,TA 2404,Creative Collaboration,3,
Cinema Major,"College of Architecture, Arts, and Design",2026-2027,Degree Core Requirements,TA 2114,Script Analysis,3,
Cinema Major,"College of Architecture, Arts, and Design",2026-2027,Degree Core Requirements,TA 2134,Acting Lab,3,
Cinema Major,"College of Architecture, Arts, and Design",2026-2027,Degree Core Requirements,TA 2164,Production Design Lab,3,
Cinema Major,"College of Architecture, Arts, and Design",2026-2027,Degree Core Requirements,TA 2424,Fundamentals of Directing,3,
Cinema Major,"College of Architecture, Arts, and Design",2026-2027,Degree Core Requirements,TA 3106,History of Theatre and Cinema,3,
Cinema Major,"College of Architecture, Arts, and Design",2026-2027,Take only one credit for the degree core requirements:,TA 3014,Production Lab (Any production lab counts for this requirement.),1,
Cinema Major,"College of Architecture, Arts, and Design",2026-2027,Major Requirements,TA 2014,Introduction to Theatre,3,
Cinema Major,"College of Architecture, Arts, and Design",2026-2027,Major Requirements,TA 2104,Fundamentals of Theatre and Production,3,
Cinema Major,"College of Architecture, Arts, and Design",2026-2027,Major Requirements,CINE 2054,Introduction to Cinema,3,
Cinema Major,"College of Architecture, Arts, and Design",2026-2027,Major Requirements,CINE 2064,Cinema Production Foundations,3,
Cinema Major,"College of Architecture, Arts, and Design",2026-2027,Major Requirements,CINE 3184,Cinema Production Topics (Nine credits required. 3184 is repeatable for credit under different topics for up to nine hours.),9,
Cinema Major,"College of Architecture, Arts, and Design",2026-2027,Major Requirements,CINE 3214,Fiction Cinema Production,3,
Cinema Major,"College of Architecture, Arts, and Design",2026-2027,Major Requirements,CINE 3224,Documentary Cinema Production,3,
Theatre Arts Major with Design Option,"College of Architecture, Arts, and Design",2026-2027,Degree Core Requirements,TA 2404,Creative Collaboration,3,
Theatre Arts Major with Design Option,"College of Architecture, Arts, and Design",2026-2027,Degree Core Requirements,TA 2114,Script Analysis,3,
Theatre Arts Major with Design Option,"College of Architecture, Arts, and Design",2026-2027,Degree Core Requirements,TA 2134,Acting Lab,3,
Theatre Arts Major with Design Option,"College of Architecture, Arts, and Design",2026-2027,Degree Core Requirements,TA 2164,Production Design Lab,3,
Theatre Arts Major with Design Option,"College of Architecture, Arts, and Design",2026-2027,Degree Core Requirements,TA 2424,Fundamentals of Directing,3,
Theatre Arts Major with Design Option,"College of Architecture, Arts, and Design",2026-2027,Degree Core Requirements,TA 3106,History of Theatre and Cinema,3,
Theatre Arts Major with Design Option,"College of Architecture, Arts, and Design",2026-2027,Take only one credit for the degree core requirements:,TA 3014,Production Lab (Any production lab counts for this requirement.),1,
Theatre Arts Major with Design Option,"College of Architecture, Arts, and Design",2026-2027,Major Requirements,TA 2014,Introduction to Theatre,3,
Theatre Arts Major with Design Option,"College of Architecture, Arts, and Design",2026-2027,Major Requirements,TA 2174,Costume Design Lab,3,
Theatre Arts Major with Design Option,"College of Architecture, Arts, and Design",2026-2027,Major Requirements,TA 3014,Production Lab (Please take one of each lab listed below. ) Repeatable course up to 9 credits,3,
Theatre Arts Major with Design Option,"College of Architecture, Arts, and Design",2026-2027,Production Run Crew Lab,TA 3105,History of Drama and Theatre,3,
Theatre Arts Major with Design Option,"College of Architecture, Arts, and Design",2026-2027,Design Option Required Courses,TA 2104,Fundamentals of Theatre and Production,3,
Theatre Arts Major with Design Option,"College of Architecture, Arts, and Design",2026-2027,Design Option Required Courses,TA 2414,Stage and Lighting Technology,3,
Theatre Arts Major with General Theatre Option,"College of Architecture, Arts, and Design",2026-2027,Degree Core Requirements,TA 2114,Script Analysis,3,
Theatre Arts Major with General Theatre Option,"College of Architecture, Arts, and Design",2026-2027,Degree Core Requirements,TA 2134,Acting Lab,3,
Theatre Arts Major with General Theatre Option,"College of Architecture, Arts, and Design",2026-2027,Degree Core Requirements,TA 2164,Production Design Lab,3,
Theatre Arts Major with General Theatre Option,"College of Architecture, Arts, and Design",2026-2027,Degree Core Requirements,TA 2404,Creative Collaboration,3,
Theatre Arts Major with General Theatre Option,"College of Architecture, Arts, and Design",2026-2027,Degree Core Requirements,TA 2424,Fundamentals of Directing,3,
Theatre Arts Major with General Theatre Option,"College of Architecture, Arts, and Design",2026-2027,Degree Core Requirements,TA 3106,History of Theatre and Cinema,3,
Theatre Arts Major with General Theatre Option,"College of Architecture, Arts, and Design",2026-2027,Take only one credit for the degree core requirements:,TA 3014,Production Lab (Any production lab counts for this requirement.),1,
Theatre Arts Major with General Theatre Option,"College of Architecture, Arts, and Design",2026-2027,Major Requirements,TA 2014,Introduction to Theatre,3,
Theatre Arts Major with General Theatre Option,"College of Architecture, Arts, and Design",2026-2027,Major Requirements,TA 2174,Costume Design Lab,3,
Theatre Arts Major with General Theatre Option,"College of Architecture, Arts, and Design",2026-2027,Major Requirements,TA 3014,Production Lab (Please take one of each lab listed below.) Repeatable course up to 9 credits,3,
Theatre Arts Major with General Theatre Option,"College of Architecture, Arts, and Design",2026-2027,Production Run Crew Lab,TA 3105,History of Drama and Theatre,3,
Theatre Arts Major with Performance Option,"College of Architecture, Arts, and Design",2026-2027,Degree Core Requirements,TA 2404,Creative Collaboration,3,
Theatre Arts Major with Performance Option,"College of Architecture, Arts, and Design",2026-2027,Degree Core Requirements,TA 2114,Script Analysis,3,
Theatre Arts Major with Performance Option,"College of Architecture, Arts, and Design",2026-2027,Degree Core Requirements,TA 2134,Acting Lab,3,
Theatre Arts Major with Performance Option,"College of Architecture, Arts, and Design",2026-2027,Degree Core Requirements,TA 2164,Production Design Lab,3,
Theatre Arts Major with Performance Option,"College of Architecture, Arts, and Design",2026-2027,Degree Core Requirements,TA 2424,Fundamentals of Directing,3,
Theatre Arts Major with Performance Option,"College of Architecture, Arts, and Design",2026-2027,Degree Core Requirements,TA 3106,History of Theatre and Cinema,3,
Theatre Arts Major with Performance Option,"College of Architecture, Arts, and Design",2026-2027,Take only one credit for the degree core requirements:,TA 3014,Production Lab (Any production lab counts for this requirement.),1,
Theatre Arts Major with Performance Option,"College of Architecture, Arts, and Design",2026-2027,Major Requirements,TA 2014,Introduction to Theatre,3,
Theatre Arts Major with Performance Option,"College of Architecture, Arts, and Design",2026-2027,Major Requirements,TA 2174,Costume Design Lab,3,
Theatre Arts Major with Performance Option,"College of Architecture, Arts, and Design",2026-2027,Major Requirements,TA 3014,Production Lab (Please take one of each lab listed below. ) Repeatable course up to 9 credits,3,
Theatre Arts Major with Performance Option,"College of Architecture, Arts, and Design",2026-2027,Production Run Crew Lab,TA 3105,History of Drama and Theatre,3,
Theatre Arts Major with Performance Option,"College of Architecture, Arts, and Design",2026-2027,Theatre Performance Option Required Courses,TA 2104,Fundamentals of Theatre and Production,3,
Theatre Arts Major with Performance Option,"College of Architecture, Arts, and Design",2026-2027,Theatre Performance Option Required Courses,TA 2414,Stage and Lighting Technology,3,
Aerospace Engineering Major,College of Engineering,2026-2027,Degree Core Requirements,AOE 2014,Statics and Mechanics of Materials,3,
Aerospace Engineering Major,College of Engineering,2026-2027,Degree Core Requirements,AOE 2024,Thin-Walled Structures,3,
Aerospace Engineering Major,College of Engineering,2026-2027,Degree Core Requirements,AOE 2054,Electronics for Aerospace and Ocean Engineers,3,
Aerospace Engineering Major,College of Engineering,2026-2027,Degree Core Requirements,AOE 2074,Data and Algorithms for Aerospace and Ocean Engineers,3,
Aerospace Engineering Major,College of Engineering,2026-2027,Degree Core Requirements,AOE 3014,Fluid Dynamics for Aerospace and Ocean Engineers,3,
Aerospace Engineering Major,College of Engineering,2026-2027,Degree Core Requirements,AOE 3034,System Dynamics and Control,3,
Aerospace Engineering Major,College of Engineering,2026-2027,Degree Core Requirements,ESM 2304,Dynamics,3,
Aerospace Engineering Major,College of Engineering,2026-2027,Degree Core Requirements,MATH 2114,Introduction to Linear Algebra,3,
Aerospace Engineering Major,College of Engineering,2026-2027,Degree Core Requirements,MATH 2204,Introduction to Multivariable Calculus,3,
Aerospace Engineering Major,College of Engineering,2026-2027,Degree Core Requirements,PHYS 2306,Foundations of Physics,4,
Aerospace Engineering Major,College of Engineering,2026-2027,Major Requirements,AOE 2104,Introduction to Aerospace Engineering and Aircraft Performance,3,
Aerospace Engineering Major,College of Engineering,2026-2027,Major Requirements,AOE 3114,Aerodynamics & Compressibility,3,
Aerospace Engineering Major,College of Engineering,2026-2027,Major Requirements,AOE 3124,Aerospace Structures,3,
Aerospace Engineering Major,College of Engineering,2026-2027,Major Requirements,AOE 3134,Air Vehicle Dynamics,3,
Aerospace Engineering Major,College of Engineering,2026-2027,Major Requirements,AOE 3154,Astromechanics,3,
Aerospace Engineering Major,College of Engineering,2026-2027,Major Requirements,AOE 3164,Aerothermodynamics and Propulsion Systems,3,
Aerospace Engineering Major,College of Engineering,2026-2027,Major Requirements,AOE 4105,Experiments for Aerospace Design,1,
Aerospace Engineering Major,College of Engineering,2026-2027,Major Requirements,AOE 4106,Experiments for Aerospace Design,1,
Aerospace Engineering Major,College of Engineering,2026-2027,Major Requirements,CS 1064,Introduction to Programming in Python,3,
Aerospace Engineering Major,College of Engineering,2026-2027,Career Bridge Experience,ENGE 3900,Bridge Experience,0,
Aerospace Engineering Major,College of Engineering,2026-2027,Pathways Concept 1 - Discourse,ENGL 1105,First-Year Writing (1F),3,
Aerospace Engineering Major,College of Engineering,2026-2027,Pathways Concept 1 - Discourse,ENGL 1106,First-Year Writing (1F),3,
Aerospace Engineering Major,College of Engineering,2026-2027,Pathways Concept 1 - Discourse,AOE 3054,Experimental Methods (1A),3,
Aerospace Engineering Major,College of Engineering,2026-2027,Pathways Concept 3 - Reasoning in the Social Sciences,ECON 2005,Principles of Economics,3,
Aerospace Engineering Major,College of Engineering,2026-2027,Pathways Concept 4 - Reasoning in the Natural Sciences,CHEM 1035,General Chemistry and General Chemistry Laboratory,4,
Aerospace Engineering Major,College of Engineering,2026-2027,Pathways Concept 4 - Reasoning in the Natural Sciences,PHYS 2305,Foundations of Physics,4,
Aerospace Engineering Major,College of Engineering,2026-2027,Pathways Concept 5 - Quantitative and Computational Thinking,MATH 1225,Calculus of a Single Variable (5F ; C-),4,
Aerospace Engineering Major,College of Engineering,2026-2027,Pathways Concept 5 - Quantitative and Computational Thinking,MATH 1226,Calculus of a Single Variable (5F),4,
Aerospace Engineering Major,College of Engineering,2026-2027,Pathways Concept 5 - Quantitative and Computational Thinking,MATH 2214,Introduction to Differential Equations (5A),3,
Aerospace Engineering Major,College of Engineering,2026-2027,Pathways Concept 6 - Critique and Practice in Design and the Arts,ENGE 1215,Foundations of Engineering and Foundations of Engineering (6D),4,
Ocean Engineering Major,College of Engineering,2026-2027,Degree Core Requirements,AOE 2014,Statics and Mechanics of Materials,3,
Ocean Engineering Major,College of Engineering,2026-2027,Degree Core Requirements,AOE 2024,Thin-Walled Structures,3,
Ocean Engineering Major,College of Engineering,2026-2027,Degree Core Requirements,AOE 2054,Electronics for Aerospace and Ocean Engineers,3,
Ocean Engineering Major,College of Engineering,2026-2027,Degree Core Requirements,AOE 2074,Data and Algorithms for Aerospace and Ocean Engineers,3,
Ocean Engineering Major,College of Engineering,2026-2027,Degree Core Requirements,AOE 3014,Fluid Dynamics for Aerospace and Ocean Engineers,3,
Ocean Engineering Major,College of Engineering,2026-2027,Degree Core Requirements,AOE 3034,System Dynamics and Control,3,
Ocean Engineering Major,College of Engineering,2026-2027,Degree Core Requirements,ESM 2304,Dynamics,3,
Ocean Engineering Major,College of Engineering,2026-2027,Degree Core Requirements,MATH 2114,Introduction to Linear Algebra,3,
Ocean Engineering Major,College of Engineering,2026-2027,Degree Core Requirements,MATH 2204,Introduction to Multivariable Calculus,3,
Ocean Engineering Major,College of Engineering,2026-2027,Degree Core Requirements,PHYS 2306,Foundations of Physics,4,
Ocean Engineering Major,College of Engineering,2026-2027,Major Requirements,AOE 2204,Introduction to Ocean Engineering,3,
Ocean Engineering Major,College of Engineering,2026-2027,Major Requirements,AOE 3214,Ocean Wave Mechanics,3,
Ocean Engineering Major,College of Engineering,2026-2027,Major Requirements,AOE 3224,Ocean Structures,3,
Ocean Engineering Major,College of Engineering,2026-2027,Major Requirements,AOE 3234,Ocean Vehicle Dynamics,3,
Ocean Engineering Major,College of Engineering,2026-2027,Major Requirements,AOE 3264,Thermodynamics and Marine Propulsion,3,
Ocean Engineering Major,College of Engineering,2026-2027,Major Requirements,AOE 4205,Experiments for Ocean Vehicle Design,1,
Ocean Engineering Major,College of Engineering,2026-2027,Major Requirements,AOE 4206,Experiments for Ocean Vehicle Design,1,
Ocean Engineering Major,College of Engineering,2026-2027,Major Requirements,AOE 4265,Ocean Vehicle Design,3,
Ocean Engineering Major,College of Engineering,2026-2027,Major Requirements,AOE 4266,Ocean Vehicle Design,3,
Ocean Engineering Major,College of Engineering,2026-2027,Major Requirements,STAT 4705,Probability and Statistics for Engineers,3,
Ocean Engineering Major,College of Engineering,2026-2027,Major Requirements,CS 1064,Introduction to Programming in Python,3,
Ocean Engineering Major,College of Engineering,2026-2027,Career Bridge Experience,ENGE 3900,Bridge Experience,0,
Ocean Engineering Major,College of Engineering,2026-2027,Pathways Concept 1 - Discourse,ENGL 1105,First-Year Writing (1F),3,
Ocean Engineering Major,College of Engineering,2026-2027,Pathways Concept 1 - Discourse,ENGL 1106,First-Year Writing (1F),3,
Ocean Engineering Major,College of Engineering,2026-2027,Pathways Concept 1 - Discourse,AOE 3054,Experimental Methods (1A),3,
Ocean Engineering Major,College of Engineering,2026-2027,Pathways Concept 3 - Reasoning in the Social Sciences,ECON 2005,Principles of Economics,3,
Ocean Engineering Major,College of Engineering,2026-2027,Pathways Concept 4 - Reasoning in the Natural Sciences,CHEM 1035,General Chemistry and General Chemistry Laboratory,4,
Ocean Engineering Major,College of Engineering,2026-2027,Pathways Concept 4 - Reasoning in the Natural Sciences,PHYS 2305,Foundations of Physics,4,
Ocean Engineering Major,College of Engineering,2026-2027,Pathways Concept 5 - Quantitative and Computational Thinking,MATH 1225,Calculus of a Single Variable (5F ; C-),4,
Ocean Engineering Major,College of Engineering,2026-2027,Pathways Concept 5 - Quantitative and Computational Thinking,MATH 1226,Calculus of a Single Variable (5F),4,
Ocean Engineering Major,College of Engineering,2026-2027,Pathways Concept 5 - Quantitative and Computational Thinking,MATH 2214,Introduction to Differential Equations (5A),3,
Ocean Engineering Major,College of Engineering,2026-2027,Pathways Concept 6 - Critique and Practice in Design and the Arts,ENGE 1215,Foundations of Engineering and Foundations of Engineering (6D),4,
Biological Systems Engineering Major with Biotechnology & Bioprocess Engineering Option,College of Engineering,2026-2027,Degree Core Requirements,BSE 2004,Introduction to Biological Systems Engineering (C-),3,
Biological Systems Engineering Major with Biotechnology & Bioprocess Engineering Option,College of Engineering,2026-2027,Degree Core Requirements,BSE 2504,Introduction to Fluid Mechanics (C-),3,
Biological Systems Engineering Major with Biotechnology & Bioprocess Engineering Option,College of Engineering,2026-2027,Degree Core Requirements,BSE 3144,Engineering Analysis for Biological Systems using Numerical Methods (C-),2,
Biological Systems Engineering Major with Biotechnology & Bioprocess Engineering Option,College of Engineering,2026-2027,Degree Core Requirements,BSE 3154,Thermodynamics of Biological Systems (C-),3,
Biological Systems Engineering Major with Biotechnology & Bioprocess Engineering Option,College of Engineering,2026-2027,Degree Core Requirements,BSE 3504,Transport Processes in Biological Systems (C-),3,
Biological Systems Engineering Major with Biotechnology & Bioprocess Engineering Option,College of Engineering,2026-2027,Degree Core Requirements,BSE 4125,Comprehensive Design Project (C-),2,
Biological Systems Engineering Major with Biotechnology & Bioprocess Engineering Option,College of Engineering,2026-2027,Degree Core Requirements,BIOL 2604,General Microbiology,3,
Biological Systems Engineering Major with Biotechnology & Bioprocess Engineering Option,College of Engineering,2026-2027,Degree Core Requirements,ESM 2104,Statics,3,
Biological Systems Engineering Major with Biotechnology & Bioprocess Engineering Option,College of Engineering,2026-2027,Degree Core Requirements,ISE 2014,Engineering Economy,2,
Biological Systems Engineering Major with Biotechnology & Bioprocess Engineering Option,College of Engineering,2026-2027,Major Requirements,BSE 4126,Comprehensive Design Project (C-),3,
Biological Systems Engineering Major with Biotechnology & Bioprocess Engineering Option,College of Engineering,2026-2027,Major Requirements,BIOL 1105,Principles of Biology,3,
Biological Systems Engineering Major with Biotechnology & Bioprocess Engineering Option,College of Engineering,2026-2027,Major Requirements,BIOL 1106,Principles of Biology,3,
Biological Systems Engineering Major with Biotechnology & Bioprocess Engineering Option,College of Engineering,2026-2027,Major Requirements,CHEM 1036,General Chemistry,3,
Biological Systems Engineering Major with Biotechnology & Bioprocess Engineering Option,College of Engineering,2026-2027,Major Requirements,MATH 2114,Introduction to Linear Algebra,3,
Biological Systems Engineering Major with Biotechnology & Bioprocess Engineering Option,College of Engineering,2026-2027,Major Requirements,MATH 2204,Introduction to Multivariable Calculus,3,
Biological Systems Engineering Major with Biotechnology & Bioprocess Engineering Option,College of Engineering,2026-2027,Major Requirements,PHYS 2306,Foundations of Physics,4,
Biological Systems Engineering Major with Biotechnology & Bioprocess Engineering Option,College of Engineering,2026-2027,Major Requirements,STAT 3704,Statistics for Engineering Applications,2,
Biological Systems Engineering Major with Biotechnology & Bioprocess Engineering Option,College of Engineering,2026-2027,Option Required Courses,BSE 3524,Unit Operations in Biological Systems Engineering (C-),3,
Biological Systems Engineering Major with Biotechnology & Bioprocess Engineering Option,College of Engineering,2026-2027,Option Required Courses,BSE 3534,Bioprocess Engineering (C-),3,
Biological Systems Engineering Major with Biotechnology & Bioprocess Engineering Option,College of Engineering,2026-2027,Option Required Courses,BSE 4014,Engineering Biology Course-based Research Experience (C-),2,
Biological Systems Engineering Major with Biotechnology & Bioprocess Engineering Option,College of Engineering,2026-2027,Option Required Courses,BSE 4524,Biological Process Plant Design (C-) 1,3,
Biological Systems Engineering Major with Biotechnology & Bioprocess Engineering Option,College of Engineering,2026-2027,Option Required Courses,BSE 4534,Bioprocess Engineering Lab (C-),1,
Biological Systems Engineering Major with Biotechnology & Bioprocess Engineering Option,College of Engineering,2026-2027,Option Required Courses,BCHM 3114,Biochemistry for Biotechnology and the Life Sciences,3,
Biological Systems Engineering Major with Biotechnology & Bioprocess Engineering Option,College of Engineering,2026-2027,Option Required Courses,CHEM 2535,Organic Chemistry,3,
Biological Systems Engineering Major with Biotechnology & Bioprocess Engineering Option,College of Engineering,2026-2027,Option Required Courses,CHEM 2536,Organic Chemistry,3,
Biological Systems Engineering Major with Biotechnology & Bioprocess Engineering Option,College of Engineering,2026-2027,Bridge Experience,ENGE 3900,Bridge Experience,0,
Biological Systems Engineering Major with Biotechnology & Bioprocess Engineering Option,College of Engineering,2026-2027,Pathways Concept 1 - Discourse,ENGL 1105,First-Year Writing (1F),3,
Biological Systems Engineering Major with Biotechnology & Bioprocess Engineering Option,College of Engineering,2026-2027,Pathways Concept 1 - Discourse,ENGL 1106,First-Year Writing (1F),3,
Biological Systems Engineering Major with Biotechnology & Bioprocess Engineering Option,College of Engineering,2026-2027,Pathways Concept 1 - Discourse,ISE 3034,Technical Communication for Engineers (1A),3,
Biological Systems Engineering Major with Biotechnology & Bioprocess Engineering Option,College of Engineering,2026-2027,Pathways Concept 4 - Reasoning in the Natural Sciences,CHEM 1035,General Chemistry and General Chemistry Laboratory,4,
Biological Systems Engineering Major with Biotechnology & Bioprocess Engineering Option,College of Engineering,2026-2027,Pathways Concept 4 - Reasoning in the Natural Sciences,PHYS 2305,Foundations of Physics,4,
Biological Systems Engineering Major with Biotechnology & Bioprocess Engineering Option,College of Engineering,2026-2027,Pathways Concept 5 - Quantitative and Computational Thinking,MATH 1225,Calculus of a Single Variable (5F ; C-),4,
Biological Systems Engineering Major with Biotechnology & Bioprocess Engineering Option,College of Engineering,2026-2027,Pathways Concept 5 - Quantitative and Computational Thinking,MATH 1226,Calculus of a Single Variable (5F),4,
Biological Systems Engineering Major with Biotechnology & Bioprocess Engineering Option,College of Engineering,2026-2027,Pathways Concept 5 - Quantitative and Computational Thinking,MATH 2214,Introduction to Differential Equations (5A),3,
Biological Systems Engineering Major with Biotechnology & Bioprocess Engineering Option,College of Engineering,2026-2027,Pathways Concept 6 - Critique and Practice in Design and the Arts,ENGE 1215,Foundations of Engineering and Foundations of Engineering (6D),4,
Biological Systems Engineering Major,College of Engineering,2026-2027,Degree Core Requirements,BSE 2004,Introduction to Biological Systems Engineering (C-),3,
Biological Systems Engineering Major,College of Engineering,2026-2027,Degree Core Requirements,BSE 2504,Introduction to Fluid Mechanics (C-),3,
Biological Systems Engineering Major,College of Engineering,2026-2027,Degree Core Requirements,BSE 3144,Engineering Analysis for Biological Systems using Numerical Methods (C-),2,
Biological Systems Engineering Major,College of Engineering,2026-2027,Degree Core Requirements,BSE 3154,Thermodynamics of Biological Systems (C-),3,
Biological Systems Engineering Major,College of Engineering,2026-2027,Degree Core Requirements,BSE 3504,Transport Processes in Biological Systems (C-),3,
Biological Systems Engineering Major,College of Engineering,2026-2027,Degree Core Requirements,BSE 4125,Comprehensive Design Project (C-),2,
Biological Systems Engineering Major,College of Engineering,2026-2027,Degree Core Requirements,BIOL 2604,General Microbiology,3,
Biological Systems Engineering Major,College of Engineering,2026-2027,Degree Core Requirements,ESM 2104,Statics,3,
Biological Systems Engineering Major,College of Engineering,2026-2027,Degree Core Requirements,ISE 2014,Engineering Economy,2,
Biological Systems Engineering Major,College of Engineering,2026-2027,Major Requirements,BSE 4126,Comprehensive Design Project (C-),3,
Biological Systems Engineering Major,College of Engineering,2026-2027,Major Requirements,BIOL 1105,Principles of Biology,3,
Biological Systems Engineering Major,College of Engineering,2026-2027,Major Requirements,BIOL 1106,Principles of Biology,3,
Biological Systems Engineering Major,College of Engineering,2026-2027,Major Requirements,CHEM 1036,General Chemistry,3,
Biological Systems Engineering Major,College of Engineering,2026-2027,Major Requirements,MATH 2114,Introduction to Linear Algebra,3,
Biological Systems Engineering Major,College of Engineering,2026-2027,Major Requirements,MATH 2204,Introduction to Multivariable Calculus,3,
Biological Systems Engineering Major,College of Engineering,2026-2027,Major Requirements,PHYS 2306,Foundations of Physics,4,
Biological Systems Engineering Major,College of Engineering,2026-2027,Major Requirements,STAT 3704,Statistics for Engineering Applications,2,
Biological Systems Engineering Major,College of Engineering,2026-2027,Bridge Experience,ENGE 3900,Bridge Experience,0,
Biological Systems Engineering Major,College of Engineering,2026-2027,Pathways Concept 1 - Discourse,ENGL 1105,First-Year Writing (1F),3,
Biological Systems Engineering Major,College of Engineering,2026-2027,Pathways Concept 1 - Discourse,ENGL 1106,First-Year Writing (1F),3,
Biological Systems Engineering Major,College of Engineering,2026-2027,Pathways Concept 1 - Discourse,ISE 3034,Technical Communication for Engineers (1A),3,
Biological Systems Engineering Major,College of Engineering,2026-2027,Pathways Concept 4 - Reasoning in the Natural Sciences,CHEM 1035,General Chemistry and General Chemistry Laboratory,4,
Biological Systems Engineering Major,College of Engineering,2026-2027,Pathways Concept 4 - Reasoning in the Natural Sciences,PHYS 2305,Foundations of Physics,4,
Biological Systems Engineering Major,College of Engineering,2026-2027,Pathways Concept 5 - Quantitative and Computational Thinking,MATH 1225,Calculus of a Single Variable (5F ; C-),4,
Biological Systems Engineering Major,College of Engineering,2026-2027,Pathways Concept 5 - Quantitative and Computational Thinking,MATH 1226,Calculus of a Single Variable (5F),4,
Biological Systems Engineering Major,College of Engineering,2026-2027,Pathways Concept 5 - Quantitative and Computational Thinking,MATH 2214,Introduction to Differential Equations (5A),3,
Biological Systems Engineering Major,College of Engineering,2026-2027,Pathways Concept 6 - Critique and Practice in Design and the Arts,ENGE 1215,Foundations of Engineering and Foundations of Engineering (6D),4,
Biological Systems Engineering Major with Ecological Engineering Option,College of Engineering,2026-2027,Degree Core Requirements,BSE 2004,Introduction to Biological Systems Engineering (C-),3,
Biological Systems Engineering Major with Ecological Engineering Option,College of Engineering,2026-2027,Degree Core Requirements,BSE 2504,Introduction to Fluid Mechanics (C-),3,
Biological Systems Engineering Major with Ecological Engineering Option,College of Engineering,2026-2027,Degree Core Requirements,BSE 3144,Engineering Analysis for Biological Systems using Numerical Methods (C-),2,
Biological Systems Engineering Major with Ecological Engineering Option,College of Engineering,2026-2027,Degree Core Requirements,BSE 3154,Thermodynamics of Biological Systems (C-),3,
Biological Systems Engineering Major with Ecological Engineering Option,College of Engineering,2026-2027,Degree Core Requirements,BSE 3504,Transport Processes in Biological Systems (C-),3,
Biological Systems Engineering Major with Ecological Engineering Option,College of Engineering,2026-2027,Degree Core Requirements,BSE 4125,Comprehensive Design Project (C-),2,
Biological Systems Engineering Major with Ecological Engineering Option,College of Engineering,2026-2027,Degree Core Requirements,BIOL 2604,General Microbiology,3,
Biological Systems Engineering Major with Ecological Engineering Option,College of Engineering,2026-2027,Degree Core Requirements,ESM 2104,Statics,3,
Biological Systems Engineering Major with Ecological Engineering Option,College of Engineering,2026-2027,Degree Core Requirements,ISE 2014,Engineering Economy,2,
Biological Systems Engineering Major with Ecological Engineering Option,College of Engineering,2026-2027,Major Requirements,BSE 4126,Comprehensive Design Project (C-),3,
Biological Systems Engineering Major with Ecological Engineering Option,College of Engineering,2026-2027,Major Requirements,BIOL 1105,Principles of Biology,3,
Biological Systems Engineering Major with Ecological Engineering Option,College of Engineering,2026-2027,Major Requirements,BIOL 1106,Principles of Biology,3,
Biological Systems Engineering Major with Ecological Engineering Option,College of Engineering,2026-2027,Major Requirements,CHEM 1036,General Chemistry,3,
Biological Systems Engineering Major with Ecological Engineering Option,College of Engineering,2026-2027,Major Requirements,MATH 2114,Introduction to Linear Algebra,3,
Biological Systems Engineering Major with Ecological Engineering Option,College of Engineering,2026-2027,Major Requirements,MATH 2204,Introduction to Multivariable Calculus,3,
Biological Systems Engineering Major with Ecological Engineering Option,College of Engineering,2026-2027,Major Requirements,PHYS 2306,Foundations of Physics,4,
Biological Systems Engineering Major with Ecological Engineering Option,College of Engineering,2026-2027,Major Requirements,STAT 3704,Statistics for Engineering Applications,2,
Biological Systems Engineering Major with Ecological Engineering Option,College of Engineering,2026-2027,Option Required Courses,BSE 2304,Landscape Measurements and Modeling (C-),3,
Biological Systems Engineering Major with Ecological Engineering Option,College of Engineering,2026-2027,Option Required Courses,BSE 3324,Small Watershed Hydrology (C-),3,
Biological Systems Engineering Major with Ecological Engineering Option,College of Engineering,2026-2027,Option Required Courses,BSE 3334,Nonpoint Source Pollution Assessment and Control (C-),3,
Biological Systems Engineering Major with Ecological Engineering Option,College of Engineering,2026-2027,Option Required Courses,BSE 4324,Applied Fluvial Geomorphology (C-) 1,3,
Biological Systems Engineering Major with Ecological Engineering Option,College of Engineering,2026-2027,Option Required Courses,BSE 4344,Geographic Information Systems for Engineers (C-) 1,3,
Biological Systems Engineering Major with Ecological Engineering Option,College of Engineering,2026-2027,Option Required Courses,BIOL 2804,Ecology,3,
Biological Systems Engineering Major with Ecological Engineering Option,College of Engineering,2026-2027,Option Required Courses,ENGR 3124,Introduction to Green Engineering,3,
Biological Systems Engineering Major with Ecological Engineering Option,College of Engineering,2026-2027,Option Required Courses,ENGR 4134,Environmental Life Cycle Assessment,3,
Biological Systems Engineering Major with Ecological Engineering Option,College of Engineering,2026-2027,Option Required Courses,ENSC 3134,Soils in the Landscape,3,
Biological Systems Engineering Major with Ecological Engineering Option,College of Engineering,2026-2027,Bridge Experience,ENGE 3900,Bridge Experience,0,
Biological Systems Engineering Major with Ecological Engineering Option,College of Engineering,2026-2027,Pathways Concept 1 - Discourse,ENGL 1105,First-Year Writing (1F),3,
Biological Systems Engineering Major with Ecological Engineering Option,College of Engineering,2026-2027,Pathways Concept 1 - Discourse,ENGL 1106,First-Year Writing (1F),3,
Biological Systems Engineering Major with Ecological Engineering Option,College of Engineering,2026-2027,Pathways Concept 1 - Discourse,ISE 3034,Technical Communication for Engineers (1A),3,
Biological Systems Engineering Major with Ecological Engineering Option,College of Engineering,2026-2027,Pathways Concept 3 - Reasoning in the Social Sciences,SBIO 1024,Systems Thinking in a Bioeconomy,3,
Biological Systems Engineering Major with Ecological Engineering Option,College of Engineering,2026-2027,Pathways Concept 4 - Reasoning in the Natural Sciences,CHEM 1035,General Chemistry and General Chemistry Laboratory,4,
Biological Systems Engineering Major with Ecological Engineering Option,College of Engineering,2026-2027,Pathways Concept 4 - Reasoning in the Natural Sciences,PHYS 2305,Foundations of Physics,4,
Biological Systems Engineering Major with Ecological Engineering Option,College of Engineering,2026-2027,Pathways Concept 5 - Quantitative and Computational Thinking,MATH 1225,Calculus of a Single Variable (5F ; C-),4,
Biological Systems Engineering Major with Ecological Engineering Option,College of Engineering,2026-2027,Pathways Concept 5 - Quantitative and Computational Thinking,MATH 1226,Calculus of a Single Variable (5F),4,
Biological Systems Engineering Major with Ecological Engineering Option,College of Engineering,2026-2027,Pathways Concept 5 - Quantitative and Computational Thinking,MATH 2214,Introduction to Differential Equations (5A),3,
Biological Systems Engineering Major with Ecological Engineering Option,College of Engineering,2026-2027,Pathways Concept 6 - Critique and Practice in Design and the Arts,ENGE 1215,Foundations of Engineering and Foundations of Engineering (6D),4,
Biomedical Engineering Major,College of Engineering,2026-2027,Degree Core Requirements,BMES 2014,Biomedical Engineering Professional Practice,1,
Biomedical Engineering Major,College of Engineering,2026-2027,Degree Core Requirements,BMES 2054,Electrical Principles for Biomedical Engineers,3,
Biomedical Engineering Major,College of Engineering,2026-2027,Degree Core Requirements,BMES 2074,Computational Methods in Biomedical Engineering,2,
Biomedical Engineering Major,College of Engineering,2026-2027,Degree Core Requirements,BMES 2104,Introduction to Biomedical Engineering,3,
Biomedical Engineering Major,College of Engineering,2026-2027,Degree Core Requirements,BMES 3024,BME Cell Engineering Laboratory and Design,2,
Biomedical Engineering Major,College of Engineering,2026-2027,Degree Core Requirements,BMES 3034,Bioinstrumentation Laboratory and Design for Living Systems,2,
Biomedical Engineering Major,College of Engineering,2026-2027,Degree Core Requirements,BMES 3184,Problem Solving in BME,3,
Biomedical Engineering Major,College of Engineering,2026-2027,Degree Core Requirements,BMES 3234,Foundations of Biotransport,3,
Biomedical Engineering Major,College of Engineering,2026-2027,Degree Core Requirements,BMES 4015,BME Senior Design and Project,3,
Biomedical Engineering Major,College of Engineering,2026-2027,Degree Core Requirements,BMES 4064,Introduction to Medical Physiology,3,
Biomedical Engineering Major,College of Engineering,2026-2027,Degree Core Requirements,BMES 4134,"Global, Societal, and Ethical Considerations in Biomedical Engineering",3,
Biomedical Engineering Major,College of Engineering,2026-2027,Degree Core Requirements,BIOL 1105,Principles of Biology,3,
Biomedical Engineering Major,College of Engineering,2026-2027,Degree Core Requirements,ESM 2104,Statics,3,
Biomedical Engineering Major,College of Engineering,2026-2027,Degree Core Requirements,ESM 2204,Mechanics of Deformable Bodies,3,
Biomedical Engineering Major,College of Engineering,2026-2027,Degree Core Requirements,ESM 2304,Dynamics,3,
Biomedical Engineering Major,College of Engineering,2026-2027,Degree Core Requirements,MATH 2114,Introduction to Linear Algebra,3,
Biomedical Engineering Major,College of Engineering,2026-2027,Degree Core Requirements,MATH 2204,Introduction to Multivariable Calculus,3,
Biomedical Engineering Major,College of Engineering,2026-2027,Degree Core Requirements,MSE 2034,Elements of Materials Engineering,3,
Biomedical Engineering Major,College of Engineering,2026-2027,Degree Core Requirements,STAT 3615,Biological Statistics,3,
Biomedical Engineering Major,College of Engineering,2026-2027,Additional Course Requirements,CHEM 1035,General Chemistry,3,
Biomedical Engineering Major,College of Engineering,2026-2027,Additional Course Requirements,CHEM 1045,General Chemistry Laboratory,1,
Biomedical Engineering Major,College of Engineering,2026-2027,Additional Course Requirements,ENGE 3900,Bridge Experience,0,
Biomedical Engineering Major,College of Engineering,2026-2027,Pathways Concept 1 - Discourse,ENGL 1105,First-Year Writing (1F),3,
Biomedical Engineering Major,College of Engineering,2026-2027,Pathways Concept 1 - Discourse,ENGL 1106,First-Year Writing (1F),3,
Biomedical Engineering Major,College of Engineering,2026-2027,Pathways Concept 1 - Discourse,BMES 4016,BME Senior Design and Project (1A),3,
Biomedical Engineering Major,College of Engineering,2026-2027,Pathways Concept 4 - Reasoning in the Natural Sciences,PHYS 2305,Foundations of Physics,4,
Biomedical Engineering Major,College of Engineering,2026-2027,Pathways Concept 4 - Reasoning in the Natural Sciences,PHYS 2306,Foundations of Physics,4,
Biomedical Engineering Major,College of Engineering,2026-2027,Pathways Concept 5 - Quantitative and Computational Thinking,MATH 1225,Calculus of a Single Variable (5F ; C-),4,
Biomedical Engineering Major,College of Engineering,2026-2027,Pathways Concept 5 - Quantitative and Computational Thinking,MATH 1226,Calculus of a Single Variable (5F),4,
Biomedical Engineering Major,College of Engineering,2026-2027,Pathways Concept 5 - Quantitative and Computational Thinking,MATH 2214,Introduction to Differential Equations (5A),3,
Biomedical Engineering Major,College of Engineering,2026-2027,Pathways Concept 6 - Critique and Practice in Design and the Arts,ENGE 1215,Foundations of Engineering and Foundations of Engineering (6D),4,
Building Construction Major,College of Engineering,2026-2027,Degree Core Requirements,BC 1114,Introduction to Building Construction,3,
Building Construction Major,College of Engineering,2026-2027,Degree Core Requirements,BC 2004,Construction Surveying,1,
Building Construction Major,College of Engineering,2026-2027,Degree Core Requirements,BC 2014,Construction Principles I,3,
Building Construction Major,College of Engineering,2026-2027,Degree Core Requirements,BC 2024,Construction Principles II,3,
Building Construction Major,College of Engineering,2026-2027,Degree Core Requirements,BC 2044,Construction Materials,3,
Building Construction Major,College of Engineering,2026-2027,Degree Core Requirements,BC 2064,Integrated Construction I,3,
Building Construction Major,College of Engineering,2026-2027,Degree Core Requirements,BC 3064,Integrated Construction II,3,
Building Construction Major,College of Engineering,2026-2027,Degree Core Requirements,BC 3114,Building Systems Technology,3,
Building Construction Major,College of Engineering,2026-2027,Degree Core Requirements,BC 4064,Integrated Construction III,3,
Building Construction Major,College of Engineering,2026-2027,Degree Core Requirements,BC 4434,Construction Practice I,3,
Building Construction Major,College of Engineering,2026-2027,Degree Core Requirements,BC 4444,Construction Practice II,4,
Building Construction Major,College of Engineering,2026-2027,Major Requirements,BC 1124,Construction Documents and Safety,2,
Building Construction Major,College of Engineering,2026-2027,Major Requirements,BC 2104,Building Effective Construction Teams,3,
Building Construction Major,College of Engineering,2026-2027,Major Requirements,BC 2114,Information Technology in Design and Construction,3,
Building Construction Major,College of Engineering,2026-2027,Major Requirements,BC 2134,Construction Data Analysis,2,
Building Construction Major,College of Engineering,2026-2027,Major Requirements,BC 3134,Temporary Structures in Construction,3,
Building Construction Major,College of Engineering,2026-2027,Major Requirements,BC 4164,Production Planning and Process Design for Construction,3,
Building Construction Major,College of Engineering,2026-2027,Major Requirements,CEM 3084,Construction Economy,3,
Building Construction Major,College of Engineering,2026-2027,Major Requirements,FIN 3054,Legal and Ethical Environment of Business,3,
Building Construction Major,College of Engineering,2026-2027,Major Requirements,MGT 3304,Management Theory and Leadership Practice,3,
Building Construction Major,College of Engineering,2026-2027,Career Bridge Experience,ENGE 3900,Bridge Experience,0,
Building Construction Major,College of Engineering,2026-2027,Pathways Concept 1 - Discourse,COMM 1015,Communication Skills (1F),3,
Building Construction Major,College of Engineering,2026-2027,Pathways Concept 1 - Discourse,COMM 1016,Communication Skills (1F),3,
Building Construction Major,College of Engineering,2026-2027,Pathways Concept 1 - Discourse,ENGL 3764,Technical Writing (1A),3,
Building Construction Major,College of Engineering,2026-2027,Pathways Concept 3 - Reasoning in the Social Sciences,ECON 2005,Principles of Economics,3,
Building Construction Major,College of Engineering,2026-2027,Pathways Concept 3 - Reasoning in the Social Sciences,ECON 2006,Principles of Economics,3,
Building Construction Major,College of Engineering,2026-2027,Pathways Concept 4 - Reasoning in the Natural Sciences,GEOS 1004,"Earth Science: Our Past, Present, and Future and Introduction to Earth Sciences Laboratory",4,
Building Construction Major,College of Engineering,2026-2027,Pathways Concept 4 - Reasoning in the Natural Sciences,PHYS 2205,General Physics and General Physics Laboratory,4,
Building Construction Major,College of Engineering,2026-2027,Pathways Concept 5 - Quantitative and Computational Thinking,ACIS 1004,Accounting Foundations (5F),3,
Building Construction Major,College of Engineering,2026-2027,Pathways Concept 5 - Quantitative and Computational Thinking,BC 2214,Why Buildings Stand Up (5A),3,
Building Construction Major,College of Engineering,2026-2027,Pathways Concept 5 - Quantitative and Computational Thinking,MATH 1025,Elementary Calculus (5F),3,
Chemical Engineering Major,College of Engineering,2026-2027,Degree Core Requirements,CHE 2114,Mass and Energy Balances (C-),3,
Chemical Engineering Major,College of Engineering,2026-2027,Degree Core Requirements,CHE 2164,Chemical Engineering Thermodynamics,3,
Chemical Engineering Major,College of Engineering,2026-2027,Degree Core Requirements,CHE 3015,Process Measurement & Control,3,
Chemical Engineering Major,College of Engineering,2026-2027,Degree Core Requirements,CHE 3114,Fluid Transport,3,
Chemical Engineering Major,College of Engineering,2026-2027,Degree Core Requirements,CHE 3134,Separation Processes,3,
Chemical Engineering Major,College of Engineering,2026-2027,Degree Core Requirements,CHE 3144,Mass Transfer,3,
Chemical Engineering Major,College of Engineering,2026-2027,Degree Core Requirements,CHE 3154,Heat Transfer Analysis,3,
Chemical Engineering Major,College of Engineering,2026-2027,Degree Core Requirements,CHE 3185,Chemical Reactor Analysis and Design,2,
Chemical Engineering Major,College of Engineering,2026-2027,Major Requirements,CHE 2004,Chemical Engineering Sophomore Seminar,1,
Chemical Engineering Major,College of Engineering,2026-2027,Major Requirements,CHE 3124,Chemical Engineering Simulations and Process Modeling,3,
Chemical Engineering Major,College of Engineering,2026-2027,Major Requirements,CHE 3186,Chemical Reactor Analysis and Design,2,
Chemical Engineering Major,College of Engineering,2026-2027,Major Requirements,CHE 4014,Chemical Engineering Laboratory 1,4,
Chemical Engineering Major,College of Engineering,2026-2027,Major Requirements,CHE 4185,Process and Plant Design 1,4,
Chemical Engineering Major,College of Engineering,2026-2027,Major Requirements,CHE 4186,Process and Plant Design,4,
Chemical Engineering Major,College of Engineering,2026-2027,Major Requirements,CHEM 1035,General Chemistry,3,
Chemical Engineering Major,College of Engineering,2026-2027,Major Requirements,CHEM 1045,General Chemistry Laboratory,1,
Chemical Engineering Major,College of Engineering,2026-2027,Major Requirements,CHEM 1036,General Chemistry,3,
Chemical Engineering Major,College of Engineering,2026-2027,Major Requirements,CHEM 1046,General Chemistry Laboratory,1,
Chemical Engineering Major,College of Engineering,2026-2027,Major Requirements,CHEM 2535,Organic Chemistry,3,
Chemical Engineering Major,College of Engineering,2026-2027,Major Requirements,CHEM 2536,Organic Chemistry,3,
Chemical Engineering Major,College of Engineering,2026-2027,Major Requirements,CHEM 2545,Organic Chemistry Laboratory,1,
Chemical Engineering Major,College of Engineering,2026-2027,Major Requirements,CHEM 3625,Physical Chemistry Laboratory,1,
Chemical Engineering Major,College of Engineering,2026-2027,Major Requirements,MATH 2114,Introduction to Linear Algebra,3,
Chemical Engineering Major,College of Engineering,2026-2027,Major Requirements,MATH 2204,Introduction to Multivariable Calculus,3,
Chemical Engineering Major,College of Engineering,2026-2027,Major Requirements,STAT 4604,Statistical Methods for Engineers,3,
Chemical Engineering Major,College of Engineering,2026-2027,Pathways Concept 1 - Discourse,ENGL 1105,First-Year Writing (1F),3,
Chemical Engineering Major,College of Engineering,2026-2027,Pathways Concept 1 - Discourse,ENGL 1106,First-Year Writing (1F),3,
Chemical Engineering Major,College of Engineering,2026-2027,Pathways Concept 1 - Discourse,ENGL 3764,Technical Writing (1A),3,
Chemical Engineering Major,College of Engineering,2026-2027,Pathways Concept 4 - Reasoning in the Natural Sciences,PHYS 2305,Foundations of Physics,4,
Chemical Engineering Major,College of Engineering,2026-2027,Pathways Concept 4 - Reasoning in the Natural Sciences,PHYS 2306,Foundations of Physics,4,
Chemical Engineering Major,College of Engineering,2026-2027,Pathways Concept 5 - Quantitative and Computational Thinking,MATH 1225,Calculus of a Single Variable (5F),4,
Chemical Engineering Major,College of Engineering,2026-2027,Pathways Concept 5 - Quantitative and Computational Thinking,MATH 1226,Calculus of a Single Variable (5F),4,
Chemical Engineering Major,College of Engineering,2026-2027,Pathways Concept 5 - Quantitative and Computational Thinking,MATH 2214,Introduction to Differential Equations (5A),3,
Chemical Engineering Major,College of Engineering,2026-2027,Pathways Concept 6 - Critique and Practice in Design and the Arts,ENGE 1215,Foundations of Engineering and Foundations of Engineering,4,
Civil Engineering Major with Environmental Engineering Option,College of Engineering,2026-2027,Degree Core Requirements,CEE 2834,Civil Engineering Drawings and Virtual Modeling,3,
Civil Engineering Major with Environmental Engineering Option,College of Engineering,2026-2027,Degree Core Requirements,CEE 2814,Geomatics,4,
Civil Engineering Major with Environmental Engineering Option,College of Engineering,2026-2027,Degree Core Requirements,CEE 3814,Analytical Tools in Civil and Environmental Engineering,3,
Civil Engineering Major with Environmental Engineering Option,College of Engineering,2026-2027,Major Requirements,CHEM 1045,General Chemistry Laboratory,1,
Civil Engineering Major with Environmental Engineering Option,College of Engineering,2026-2027,Major Requirements,ESM 2104,Statics,3,
Civil Engineering Major with Environmental Engineering Option,College of Engineering,2026-2027,Major Requirements,ESM 2204,Mechanics of Deformable Bodies,3,
Civil Engineering Major with Environmental Engineering Option,College of Engineering,2026-2027,Major Requirements,GEOS 2104,Elements of Geology for Engineering,3,
Civil Engineering Major with Environmental Engineering Option,College of Engineering,2026-2027,Major Requirements,ISE 2014,Engineering Economy,2,
Civil Engineering Major with Environmental Engineering Option,College of Engineering,2026-2027,Major Requirements,MATH 2114,Introduction to Linear Algebra,3,
Civil Engineering Major with Environmental Engineering Option,College of Engineering,2026-2027,Major Requirements,MATH 2204,Introduction to Multivariable Calculus,3,
Civil Engineering Major with Environmental Engineering Option,College of Engineering,2026-2027,Major Requirements,MATH 2214,Introduction to Differential Equations,3,
Civil Engineering Major with Environmental Engineering Option,College of Engineering,2026-2027,Career Bridge Experience,ENGE 3900,Bridge Experience,0,
Civil Engineering Major with Environmental Engineering Option,College of Engineering,2026-2027,Pathways Concept 1 - Discourse,ENGL 1105,First-Year Writing (1F),3,
Civil Engineering Major with Environmental Engineering Option,College of Engineering,2026-2027,Pathways Concept 1 - Discourse,ENGL 1106,First-Year Writing (1F),3,
Civil Engineering Major with Environmental Engineering Option,College of Engineering,2026-2027,Pathways Concept 1 - Discourse,CEE 2804,Introduction to Civil and Environmental Engineering (1A),3,
Civil Engineering Major with Environmental Engineering Option,College of Engineering,2026-2027,Pathways Concept 1 - Discourse,CEE 3304,Fluid Mechanics for Civil and Environmental Engineering (1A),4,
Civil Engineering Major with Environmental Engineering Option,College of Engineering,2026-2027,Pathways Concept 1 - Discourse,CEE 4804,Professional and Legal Issues in Civil Engineering (1A),3,
Civil Engineering Major with Environmental Engineering Option,College of Engineering,2026-2027,Pathways Concept 4 - Reasoning in the Natural Sciences,PHYS 2305,Foundations of Physics,4,
Civil Engineering Major with Environmental Engineering Option,College of Engineering,2026-2027,Pathways Concept 4 - Reasoning in the Natural Sciences,CHEM 1035,General Chemistry,3,
Civil Engineering Major with Environmental Engineering Option,College of Engineering,2026-2027,Pathways Concept 5 - Quantitative and Computational Thinking,MATH 1225,Calculus of a Single Variable (5F),4,
Civil Engineering Major with Environmental Engineering Option,College of Engineering,2026-2027,Pathways Concept 5 - Quantitative and Computational Thinking,MATH 1226,Calculus of a Single Variable (5F ),4,
Civil Engineering Major with Environmental Engineering Option,College of Engineering,2026-2027,Pathways Concept 5 - Quantitative and Computational Thinking,CEE 3804,Computer Applications for Civil and Environmental Engineers (5A),3,
Civil Engineering Major with Environmental Engineering Option,College of Engineering,2026-2027,Pathways Concept 6 - Critique and Practice in Design and the Arts,ENGE 1215,Foundations of Engineering and Foundations of Engineering (6D ),4,
Civil Engineering Major,College of Engineering,2026-2027,Degree Core Requirements,CEE 2834,Civil Engineering Drawings and Virtual Modeling,3,
Civil Engineering Major,College of Engineering,2026-2027,Degree Core Requirements,CEE 2814,Geomatics,4,
Civil Engineering Major,College of Engineering,2026-2027,Degree Core Requirements,CEE 3814,Analytical Tools in Civil and Environmental Engineering,3,
Civil Engineering Major,College of Engineering,2026-2027,Major Requirements,CHEM 1045,General Chemistry Laboratory,1,
Civil Engineering Major,College of Engineering,2026-2027,Major Requirements,ESM 2104,Statics,3,
Civil Engineering Major,College of Engineering,2026-2027,Major Requirements,ESM 2204,Mechanics of Deformable Bodies,3,
Civil Engineering Major,College of Engineering,2026-2027,Major Requirements,GEOS 2104,Elements of Geology for Engineering,3,
Civil Engineering Major,College of Engineering,2026-2027,Major Requirements,ISE 2014,Engineering Economy,2,
Civil Engineering Major,College of Engineering,2026-2027,Major Requirements,MATH 2114,Introduction to Linear Algebra,3,
Civil Engineering Major,College of Engineering,2026-2027,Major Requirements,MATH 2204,Introduction to Multivariable Calculus,3,
Civil Engineering Major,College of Engineering,2026-2027,Major Requirements,MATH 2214,Introduction to Differential Equations,3,
Civil Engineering Major,College of Engineering,2026-2027,Career Bridge Experience,ENGE 3900,Bridge Experience,0,
Civil Engineering Major,College of Engineering,2026-2027,Pathways Concept 1 - Discourse,ENGL 1105,First-Year Writing (1F),3,
Civil Engineering Major,College of Engineering,2026-2027,Pathways Concept 1 - Discourse,ENGL 1106,First-Year Writing (1F),3,
Civil Engineering Major,College of Engineering,2026-2027,Pathways Concept 1 - Discourse,CEE 2804,Introduction to Civil and Environmental Engineering (1A),3,
Civil Engineering Major,College of Engineering,2026-2027,Pathways Concept 1 - Discourse,CEE 3304,Fluid Mechanics for Civil and Environmental Engineering (1A),4,
Civil Engineering Major,College of Engineering,2026-2027,Pathways Concept 1 - Discourse,CEE 4804,Professional and Legal Issues in Civil Engineering (1A),3,
Civil Engineering Major,College of Engineering,2026-2027,Pathways Concept 4 - Reasoning in the Natural Sciences,PHYS 2305,Foundations of Physics,4,
Civil Engineering Major,College of Engineering,2026-2027,Pathways Concept 4 - Reasoning in the Natural Sciences,CHEM 1035,General Chemistry,3,
Civil Engineering Major,College of Engineering,2026-2027,Pathways Concept 5 - Quantitative and Computational Thinking,MATH 1225,Calculus of a Single Variable (5F),4,
Civil Engineering Major,College of Engineering,2026-2027,Pathways Concept 5 - Quantitative and Computational Thinking,MATH 1226,Calculus of a Single Variable (5F ),4,
Civil Engineering Major,College of Engineering,2026-2027,Pathways Concept 5 - Quantitative and Computational Thinking,CEE 3804,Computer Applications for Civil and Environmental Engineers (5A),3,
Civil Engineering Major,College of Engineering,2026-2027,Pathways Concept 6 - Critique and Practice in Design and the Arts,ENGE 1215,Foundations of Engineering and Foundations of Engineering (6D ),4,
Computer Science Major,College of Engineering,2026-2027,Degree Core Requirements,CS 1114,Introduction to Software Design (C),3,
Computer Science Major,College of Engineering,2026-2027,Degree Core Requirements,CS 2505,Introduction to Computer Organization (C),3,
Computer Science Major,College of Engineering,2026-2027,Degree Core Requirements,CS 2506,Introduction to Computer Organization (C),3,
Computer Science Major,College of Engineering,2026-2027,Degree Core Requirements,CS 3214,Computer Systems,3,
Computer Science Major,College of Engineering,2026-2027,Degree Core Requirements,CS 3604,Professionalism in Computing,3,
Computer Science Major,College of Engineering,2026-2027,Degree Core Requirements,MATH 2114,Introduction to Linear Algebra,3,
Computer Science Major,College of Engineering,2026-2027,Degree Core Requirements,MATH 2204,Introduction to Multivariable Calculus,3,
Computer Science Major,College of Engineering,2026-2027,Degree Core Requirements,MATH 2534,Introduction to Discrete Mathematics,3,
Computer Science Major,College of Engineering,2026-2027,Major Requirements,CS 2104,Introduction to Problem Solving in Computer Science (C),3,
Computer Science Major,College of Engineering,2026-2027,Major Requirements,CS 3304,Comparative Languages,3,
Computer Science Major,College of Engineering,2026-2027,Career Bridge Experience,ENGE 3900,Bridge Experience,0,
Computer Science Major,College of Engineering,2026-2027,Additional Course Requirements,CS 1944,Computer Science First Year Seminar,1,
Computer Science Major,College of Engineering,2026-2027,Additional Course Requirements,CS 2114,Software Design and Data Structures (C),3,
Computer Science Major,College of Engineering,2026-2027,Additional Course Requirements,CS 4944,Seminar,1,
Computer Science Major,College of Engineering,2026-2027,Additional Course Requirements,MATH 3134,Applied Combinatorics and Graph Theory,3,
Computer Science Major,College of Engineering,2026-2027,Pathways Concept 1 - Discourse,ENGL 1105,First-Year Writing (1F),3,
Computer Science Major,College of Engineering,2026-2027,Pathways Concept 1 - Discourse,ENGL 1106,First-Year Writing (1F),3,
Computer Science Major,College of Engineering,2026-2027,Pathways Concept 5 - Quantitative and Computational Thinking,MATH 1225,Calculus of a Single Variable (5F ; C-),4,
Computer Science Major,College of Engineering,2026-2027,Pathways Concept 5 - Quantitative and Computational Thinking,MATH 1226,Calculus of a Single Variable (5F),4,
Computer Science Major,College of Engineering,2026-2027,Pathways Concept 5 - Quantitative and Computational Thinking,CS 3114,Data Structures and Algorithms (5A ; C),3,
Computer Science Major,College of Engineering,2026-2027,Pathways Concept 6 - Critique and Practice in Design and the Arts,ENGE 1215,Foundations of Engineering and Foundations of Engineering (6D),4,
Construction Engineering and Management Major,College of Engineering,2026-2027,Degree Core Requirements,CEM 2404,Construction Project Documents,1,
Construction Engineering and Management Major,College of Engineering,2026-2027,Degree Core Requirements,CEM 2824,Construction Site Analysis,3,
Construction Engineering and Management Major,College of Engineering,2026-2027,Degree Core Requirements,CEM 3024,Construction Estimating and Scheduling,3,
Construction Engineering and Management Major,College of Engineering,2026-2027,Degree Core Requirements,CEM 3134,Temporary Structures in Construction,3,
Construction Engineering and Management Major,College of Engineering,2026-2027,Degree Core Requirements,CEE 3404,Introduction to Structural Engineering,3,
Construction Engineering and Management Major,College of Engineering,2026-2027,Degree Core Requirements,CEE 3514,Introduction to Geotechnical Engineering,3,
Construction Engineering and Management Major,College of Engineering,2026-2027,Degree Core Requirements,CEE 3714,Introduction to Geotechnical Engineering Laboratory,1,
Construction Engineering and Management Major,College of Engineering,2026-2027,Degree Core Requirements,CEE 3684,Civil Engineering Materials,3,
Construction Engineering and Management Major,College of Engineering,2026-2027,Degree Core Requirements,CEE 3784,Civil Engineering Materials Laboratory,1,
Construction Engineering and Management Major,College of Engineering,2026-2027,Degree Core Requirements,CEM 4024,Construction Law and Contract Administration,3,
Construction Engineering and Management Major,College of Engineering,2026-2027,Degree Core Requirements,CEE 4074,Construction Engineering: Means and Methods,3,
Construction Engineering and Management Major,College of Engineering,2026-2027,Degree Core Requirements,CEM 4445,CEM Capstone,3,
Construction Engineering and Management Major,College of Engineering,2026-2027,Major Requirements,BC 2114,Information Technology in Design and Construction,3,
Construction Engineering and Management Major,College of Engineering,2026-2027,Major Requirements,BC 3114,Building Systems Technology,3,
Construction Engineering and Management Major,College of Engineering,2026-2027,Major Requirements,ESM 2104,Statics,3,
Construction Engineering and Management Major,College of Engineering,2026-2027,Major Requirements,ESM 2204,Mechanics of Deformable Bodies,3,
Construction Engineering and Management Major,College of Engineering,2026-2027,Major Requirements,GEOS 2104,Elements of Geology for Engineering,3,
Construction Engineering and Management Major,College of Engineering,2026-2027,Major Requirements,MATH 2114,Introduction to Linear Algebra 3,3,
Construction Engineering and Management Major,College of Engineering,2026-2027,Major Requirements,MATH 2204,Introduction to Multivariable Calculus,3,
Construction Engineering and Management Major,College of Engineering,2026-2027,Major Requirements,STAT 3704,Statistics for Engineering Applications,2,
Construction Engineering and Management Major,College of Engineering,2026-2027,Additional Course Requirements,BC 3064,Integrated Construction II,3,
Construction Engineering and Management Major,College of Engineering,2026-2027,Additional Course Requirements,BC 4064,Integrated Construction III,3,
Construction Engineering and Management Major,College of Engineering,2026-2027,Career Bridge Experience,ENGE 3900,Bridge Experience,0,
Construction Engineering and Management Major,College of Engineering,2026-2027,Pathways Concept 1 - Discourse,ENGL 1105,First-Year Writing (1F),3,
Construction Engineering and Management Major,College of Engineering,2026-2027,Pathways Concept 1 - Discourse,ENGL 1106,First-Year Writing (1F),3,
Construction Engineering and Management Major,College of Engineering,2026-2027,Pathways Concept 1 - Discourse,CEM 2104,Introduction to Construction Engineering and Management (1A) 4,3,
Construction Engineering and Management Major,College of Engineering,2026-2027,Pathways Concept 1 - Discourse,CEM 3084,Construction Economy (1A) 4,3,
Construction Engineering and Management Major,College of Engineering,2026-2027,Pathways Concept 1 - Discourse,CEM 4446,CEM Capstone (1A) 4,3,
Construction Engineering and Management Major,College of Engineering,2026-2027,Pathways Concept 3 - Reasoning in the Social Sciences,ECON 2005,Principles of Economics (3),3,
Construction Engineering and Management Major,College of Engineering,2026-2027,Pathways Concept 3 - Reasoning in the Social Sciences,ECON 2006,Principles of Economics (3),3,
Construction Engineering and Management Major,College of Engineering,2026-2027,Pathways Concept 4 - Reasoning in the Natural Sciences,CHEM 1035,General Chemistry and General Chemistry Laboratory (4),4,
Construction Engineering and Management Major,College of Engineering,2026-2027,Pathways Concept 4 - Reasoning in the Natural Sciences,PHYS 2305,Foundations of Physics (4),4,
Construction Engineering and Management Major,College of Engineering,2026-2027,Pathways Concept 5 - Quantitative and Computational Thinking,MATH 1225,Calculus of a Single Variable (5F ; C-) 3,4,
Construction Engineering and Management Major,College of Engineering,2026-2027,Pathways Concept 5 - Quantitative and Computational Thinking,MATH 1226,Calculus of a Single Variable (5F) 3,4,
Construction Engineering and Management Major,College of Engineering,2026-2027,Pathways Concept 5 - Quantitative and Computational Thinking,MATH 2214,Introduction to Differential Equations (5A),3,
Construction Engineering and Management Major,College of Engineering,2026-2027,Pathways Concept 6 - Critique and Practice in Design and the Arts,ENGE 1215,Foundations of Engineering and Foundations of Engineering (6D ),4,
Constructioning Engineering and Management Major with Construction Safety Leadership Option,College of Engineering,2026-2027,Degree Core Requirements,CEM 2404,Construction Project Documents,1,
Constructioning Engineering and Management Major with Construction Safety Leadership Option,College of Engineering,2026-2027,Degree Core Requirements,CEM 2824,Construction Site Analysis,3,
Constructioning Engineering and Management Major with Construction Safety Leadership Option,College of Engineering,2026-2027,Degree Core Requirements,CEM 3024,Construction Estimating and Scheduling,3,
Constructioning Engineering and Management Major with Construction Safety Leadership Option,College of Engineering,2026-2027,Degree Core Requirements,CEM 3134,Temporary Structures in Construction,3,
Constructioning Engineering and Management Major with Construction Safety Leadership Option,College of Engineering,2026-2027,Degree Core Requirements,CEE 3404,Introduction to Structural Engineering,3,
Constructioning Engineering and Management Major with Construction Safety Leadership Option,College of Engineering,2026-2027,Degree Core Requirements,CEE 3514,Introduction to Geotechnical Engineering,3,
Constructioning Engineering and Management Major with Construction Safety Leadership Option,College of Engineering,2026-2027,Degree Core Requirements,CEE 3714,Introduction to Geotechnical Engineering Laboratory,1,
Constructioning Engineering and Management Major with Construction Safety Leadership Option,College of Engineering,2026-2027,Degree Core Requirements,CEE 3684,Civil Engineering Materials,3,
Constructioning Engineering and Management Major with Construction Safety Leadership Option,College of Engineering,2026-2027,Degree Core Requirements,CEE 3784,Civil Engineering Materials Laboratory,1,
Constructioning Engineering and Management Major with Construction Safety Leadership Option,College of Engineering,2026-2027,Degree Core Requirements,CEM 4024,Construction Law and Contract Administration,3,
Constructioning Engineering and Management Major with Construction Safety Leadership Option,College of Engineering,2026-2027,Degree Core Requirements,CEE 4074,Construction Engineering: Means and Methods,3,
Constructioning Engineering and Management Major with Construction Safety Leadership Option,College of Engineering,2026-2027,Degree Core Requirements,CEM 4445,CEM Capstone,3,
Constructioning Engineering and Management Major with Construction Safety Leadership Option,College of Engineering,2026-2027,Major Requirements,BC 2114,Information Technology in Design and Construction,3,
Constructioning Engineering and Management Major with Construction Safety Leadership Option,College of Engineering,2026-2027,Major Requirements,BC 3114,Building Systems Technology,3,
Constructioning Engineering and Management Major with Construction Safety Leadership Option,College of Engineering,2026-2027,Major Requirements,ESM 2104,Statics,3,
Constructioning Engineering and Management Major with Construction Safety Leadership Option,College of Engineering,2026-2027,Major Requirements,ESM 2204,Mechanics of Deformable Bodies,3,
Constructioning Engineering and Management Major with Construction Safety Leadership Option,College of Engineering,2026-2027,Major Requirements,MATH 2114,Introduction to Linear Algebra 2,3,
Constructioning Engineering and Management Major with Construction Safety Leadership Option,College of Engineering,2026-2027,Major Requirements,GEOS 2104,Elements of Geology for Engineering,3,
Constructioning Engineering and Management Major with Construction Safety Leadership Option,College of Engineering,2026-2027,Major Requirements,MATH 2204,Introduction to Multivariable Calculus,3,
Constructioning Engineering and Management Major with Construction Safety Leadership Option,College of Engineering,2026-2027,Major Requirements,STAT 3704,Statistics for Engineering Applications,2,
Constructioning Engineering and Management Major with Construction Safety Leadership Option,College of Engineering,2026-2027,Option Required Courses,CEM 2714,Construction Safety Systems,3,
Constructioning Engineering and Management Major with Construction Safety Leadership Option,College of Engineering,2026-2027,Option Required Courses,CEM 3714,Controlling Construction Safety Hazards,3,
Constructioning Engineering and Management Major with Construction Safety Leadership Option,College of Engineering,2026-2027,Option Required Courses,CEM 3164,Construction Health and Safety,3,
Constructioning Engineering and Management Major with Construction Safety Leadership Option,College of Engineering,2026-2027,Option Required Courses,CEM 4714,Construction Safety Culture,3,
Constructioning Engineering and Management Major with Construction Safety Leadership Option,College of Engineering,2026-2027,Option Required Courses,CEM 4724,"Construction Industry Futures: Safety, Health, and Wellness",3,
Constructioning Engineering and Management Major with Construction Safety Leadership Option,College of Engineering,2026-2027,Career Bridge Experience,ENGE 3900,Bridge Experience,0,
Constructioning Engineering and Management Major with Construction Safety Leadership Option,College of Engineering,2026-2027,Pathways Concept 1 - Discourse,ENGL 1105,First-Year Writing (1F),3,
Constructioning Engineering and Management Major with Construction Safety Leadership Option,College of Engineering,2026-2027,Pathways Concept 1 - Discourse,ENGL 1106,First-Year Writing (1F),3,
Constructioning Engineering and Management Major with Construction Safety Leadership Option,College of Engineering,2026-2027,Pathways Concept 1 - Discourse,CEM 2104,Introduction to Construction Engineering and Management (1A) 3,3,
Constructioning Engineering and Management Major with Construction Safety Leadership Option,College of Engineering,2026-2027,Pathways Concept 1 - Discourse,CEM 3084,Construction Economy (1A) 3,3,
Constructioning Engineering and Management Major with Construction Safety Leadership Option,College of Engineering,2026-2027,Pathways Concept 1 - Discourse,CEM 4446,CEM Capstone (1A) 3,3,
Constructioning Engineering and Management Major with Construction Safety Leadership Option,College of Engineering,2026-2027,Pathways Concept 3 - Reasoning in the Social Sciences,ECON 2005,Principles of Economics,3,
Constructioning Engineering and Management Major with Construction Safety Leadership Option,College of Engineering,2026-2027,Pathways Concept 3 - Reasoning in the Social Sciences,ECON 2006,Principles of Economics,3,
Constructioning Engineering and Management Major with Construction Safety Leadership Option,College of Engineering,2026-2027,Pathways Concept 4 - Reasoning in the Natural Sciences,CHEM 1035,General Chemistry and General Chemistry Laboratory,4,
Constructioning Engineering and Management Major with Construction Safety Leadership Option,College of Engineering,2026-2027,Pathways Concept 4 - Reasoning in the Natural Sciences,PHYS 2305,Foundations of Physics,4,
Constructioning Engineering and Management Major with Construction Safety Leadership Option,College of Engineering,2026-2027,Pathways Concept 5 - Quantitative and Computational Thinking,MATH 1225,Calculus of a Single Variable (5F ; C-) 2,4,
Constructioning Engineering and Management Major with Construction Safety Leadership Option,College of Engineering,2026-2027,Pathways Concept 5 - Quantitative and Computational Thinking,MATH 1226,Calculus of a Single Variable (5F) 2,4,
Constructioning Engineering and Management Major with Construction Safety Leadership Option,College of Engineering,2026-2027,Pathways Concept 5 - Quantitative and Computational Thinking,MATH 2214,Introduction to Differential Equations (5A),3,
Constructioning Engineering and Management Major with Construction Safety Leadership Option,College of Engineering,2026-2027,Pathways Concept 6 - Critique and Practice in Design and the Arts,ENGE 1215,Foundations of Engineering (6D),2,
Constructioning Engineering and Management Major with Construction Safety Leadership Option,College of Engineering,2026-2027,Pathways Concept 6 - Critique and Practice in Design and the Arts,ENGE 1216,Foundations of Engineering (6A),2,
Computer Engineering Major with Chip-Scale Integration Option,College of Engineering,2026-2027,Degree Core Requirements,ECE 1004,Introduction to ECE Concepts (C),3,
Computer Engineering Major with Chip-Scale Integration Option,College of Engineering,2026-2027,Degree Core Requirements,ECE 2024,Circuits and Devices (C),3,
Computer Engineering Major with Chip-Scale Integration Option,College of Engineering,2026-2027,Degree Core Requirements,ECE 2514,Computational Engineering (C),3,
Computer Engineering Major with Chip-Scale Integration Option,College of Engineering,2026-2027,Degree Core Requirements,ECE 2544,Fundamentals of Digital Systems (C),3,
Computer Engineering Major with Chip-Scale Integration Option,College of Engineering,2026-2027,Degree Core Requirements,ECE 2564,Embedded Systems (C),3,
Computer Engineering Major with Chip-Scale Integration Option,College of Engineering,2026-2027,Degree Core Requirements,ECE 2804,Integrated Design Project (C),2,
Computer Engineering Major with Chip-Scale Integration Option,College of Engineering,2026-2027,Degree Core Requirements,ECE 3514,Data Structures & Algorithms (C-),3,
Computer Engineering Major with Chip-Scale Integration Option,College of Engineering,2026-2027,Degree Core Requirements,ECE 3574,Applied Software Design (C-),3,
Computer Engineering Major with Chip-Scale Integration Option,College of Engineering,2026-2027,Major Requirements,ECE 2214,Physical Electronics (C),3,
Computer Engineering Major with Chip-Scale Integration Option,College of Engineering,2026-2027,Major Requirements,ECE 2714,Signals and Systems (C),3,
Computer Engineering Major with Chip-Scale Integration Option,College of Engineering,2026-2027,Major Requirements,ECE 3004,AC Circuit Analysis (C-),3,
Computer Engineering Major with Chip-Scale Integration Option,College of Engineering,2026-2027,Major Requirements,ECE 3074,AC Circuit Design Laboratory,1,
Computer Engineering Major with Chip-Scale Integration Option,College of Engineering,2026-2027,Major Requirements,ECE 3544,Digital Design I (C-),4,
Computer Engineering Major with Chip-Scale Integration Option,College of Engineering,2026-2027,Major Requirements,ECE 4540,VLSI Circuit Design,3,
Computer Engineering Major with Chip-Scale Integration Option,College of Engineering,2026-2027,Major Requirements,ECE 4514,Digital Design II,4,
Computer Engineering Major with Chip-Scale Integration Option,College of Engineering,2026-2027,Additional Course Requirements,MATH 2114,Introduction to Linear Algebra (C-),3,
Computer Engineering Major with Chip-Scale Integration Option,College of Engineering,2026-2027,Additional Course Requirements,MATH 2204,Introduction to Multivariable Calculus,3,
Computer Engineering Major with Chip-Scale Integration Option,College of Engineering,2026-2027,Additional Course Requirements,STAT 4714,Probability and Statistics for Electrical Engineers,3,
Computer Engineering Major with Chip-Scale Integration Option,College of Engineering,2026-2027,Additional Course Requirements,MATH 2534,Introduction to Discrete Mathematics,3,
Computer Engineering Major with Chip-Scale Integration Option,College of Engineering,2026-2027,Career Bridge Experience,ENGE 3900,Bridge Experience,0,
Computer Engineering Major with Chip-Scale Integration Option,College of Engineering,2026-2027,Pathways Concept 1 - Discourse,ENGL 1105,First-Year Writing (1F),3,
Computer Engineering Major with Chip-Scale Integration Option,College of Engineering,2026-2027,Pathways Concept 1 - Discourse,ENGL 1106,First-Year Writing (1F),3,
Computer Engineering Major with Chip-Scale Integration Option,College of Engineering,2026-2027,Pathways Concept 1 - Discourse,ECE 4805,Senior Design Project and Senior Design Project (1A),6,
Computer Engineering Major with Chip-Scale Integration Option,College of Engineering,2026-2027,Pathways Concept 4 - Reasoning in the Natural Sciences,PHYS 2305,Foundations of Physics,4,
Computer Engineering Major with Chip-Scale Integration Option,College of Engineering,2026-2027,Pathways Concept 4 - Reasoning in the Natural Sciences,PHYS 2306,Foundations of Physics,4,
Computer Engineering Major with Chip-Scale Integration Option,College of Engineering,2026-2027,Pathways Concept 5 - Quantitative and Computational Thinking,MATH 1225,Calculus of a Single Variable (5F),4,
Computer Engineering Major with Chip-Scale Integration Option,College of Engineering,2026-2027,Pathways Concept 5 - Quantitative and Computational Thinking,MATH 1226,Calculus of a Single Variable (5F),4,
Computer Engineering Major with Chip-Scale Integration Option,College of Engineering,2026-2027,Pathways Concept 5 - Quantitative and Computational Thinking,MATH 2214,Introduction to Differential Equations (#QUANT-5A; C-),3,
Computer Engineering Major with Chip-Scale Integration Option,College of Engineering,2026-2027,Pathways Concept 6 - Critique and Practice in Design and the Arts,ENGE 1215,Foundations of Engineering and Foundations of Engineering (6D),4,
"Computer Engineering Major with Controls, Robotics & Autonomy Option",College of Engineering,2026-2027,Degree Core Requirements,ECE 1004,Introduction to ECE Concepts (C),3,
"Computer Engineering Major with Controls, Robotics & Autonomy Option",College of Engineering,2026-2027,Degree Core Requirements,ECE 2024,Circuits and Devices (C),3,
"Computer Engineering Major with Controls, Robotics & Autonomy Option",College of Engineering,2026-2027,Degree Core Requirements,ECE 2514,Computational Engineering (C),3,
"Computer Engineering Major with Controls, Robotics & Autonomy Option",College of Engineering,2026-2027,Degree Core Requirements,ECE 2544,Fundamentals of Digital Systems (C),3,
"Computer Engineering Major with Controls, Robotics & Autonomy Option",College of Engineering,2026-2027,Degree Core Requirements,ECE 2564,Embedded Systems (C),3,
"Computer Engineering Major with Controls, Robotics & Autonomy Option",College of Engineering,2026-2027,Degree Core Requirements,ECE 2804,Integrated Design Project (C),2,
"Computer Engineering Major with Controls, Robotics & Autonomy Option",College of Engineering,2026-2027,Degree Core Requirements,ECE 3514,Data Structures & Algorithms (C-),3,
"Computer Engineering Major with Controls, Robotics & Autonomy Option",College of Engineering,2026-2027,Degree Core Requirements,ECE 3574,Applied Software Design (C-),3,
"Computer Engineering Major with Controls, Robotics & Autonomy Option",College of Engineering,2026-2027,Major Requirements,ECE 2214,Physical Electronics (C),3,
"Computer Engineering Major with Controls, Robotics & Autonomy Option",College of Engineering,2026-2027,Major Requirements,ECE 2714,Signals and Systems (C),3,
"Computer Engineering Major with Controls, Robotics & Autonomy Option",College of Engineering,2026-2027,Major Requirements,ECE 3504,Principles of Computer Architecture (C-),3,
"Computer Engineering Major with Controls, Robotics & Autonomy Option",College of Engineering,2026-2027,Major Requirements,ECE 3704,Continuous and Discrete System Theory,3,
"Computer Engineering Major with Controls, Robotics & Autonomy Option",College of Engineering,2026-2027,Additional Course Requirements,MATH 2114,Introduction to Linear Algebra (C-),3,
"Computer Engineering Major with Controls, Robotics & Autonomy Option",College of Engineering,2026-2027,Additional Course Requirements,MATH 2204,Introduction to Multivariable Calculus,3,
"Computer Engineering Major with Controls, Robotics & Autonomy Option",College of Engineering,2026-2027,Additional Course Requirements,MATH 2534,Introduction to Discrete Mathematics,3,
"Computer Engineering Major with Controls, Robotics & Autonomy Option",College of Engineering,2026-2027,Additional Course Requirements,STAT 4714,Probability and Statistics for Electrical Engineers (C-),3,
"Computer Engineering Major with Controls, Robotics & Autonomy Option",College of Engineering,2026-2027,Career Bridge Experience,ENGE 3900,Bridge Experience,0,
"Computer Engineering Major with Controls, Robotics & Autonomy Option",College of Engineering,2026-2027,Pathways Concept 1 - Discourse,ENGL 1105,First-Year Writing (1F),3,
"Computer Engineering Major with Controls, Robotics & Autonomy Option",College of Engineering,2026-2027,Pathways Concept 1 - Discourse,ENGL 1106,First-Year Writing (1F),3,
"Computer Engineering Major with Controls, Robotics & Autonomy Option",College of Engineering,2026-2027,Pathways Concept 1 - Discourse,ECE 4805,Senior Design Project and Senior Design Project (1A),6,
"Computer Engineering Major with Controls, Robotics & Autonomy Option",College of Engineering,2026-2027,Pathways Concept 4 - Reasoning in the Natural Sciences,PHYS 2305,Foundations of Physics,4,
"Computer Engineering Major with Controls, Robotics & Autonomy Option",College of Engineering,2026-2027,Pathways Concept 4 - Reasoning in the Natural Sciences,PHYS 2306,Foundations of Physics,4,
"Computer Engineering Major with Controls, Robotics & Autonomy Option",College of Engineering,2026-2027,Pathways Concept 5 - Quantitative and Computational Thinking,MATH 1225,Calculus of a Single Variable (5F),4,
"Computer Engineering Major with Controls, Robotics & Autonomy Option",College of Engineering,2026-2027,Pathways Concept 5 - Quantitative and Computational Thinking,MATH 1226,Calculus of a Single Variable (5F),4,
"Computer Engineering Major with Controls, Robotics & Autonomy Option",College of Engineering,2026-2027,Pathways Concept 5 - Quantitative and Computational Thinking,MATH 2214,Introduction to Differential Equations (5A ; C-),3,
"Computer Engineering Major with Controls, Robotics & Autonomy Option",College of Engineering,2026-2027,Pathways Concept 6 - Critique and Practice in Design and the Arts,ENGE 1215,Foundations of Engineering and Foundations of Engineering (6D),4,
Computer Engineering Major with Machine Learning Option,College of Engineering,2026-2027,Degree Core Requirements,ECE 1004,Introduction to ECE Concepts (C),3,
Computer Engineering Major with Machine Learning Option,College of Engineering,2026-2027,Degree Core Requirements,ECE 2024,Circuits and Devices (C),3,
Computer Engineering Major with Machine Learning Option,College of Engineering,2026-2027,Degree Core Requirements,ECE 2514,Computational Engineering (C),3,
Computer Engineering Major with Machine Learning Option,College of Engineering,2026-2027,Degree Core Requirements,ECE 2544,Fundamentals of Digital Systems (C),3,
Computer Engineering Major with Machine Learning Option,College of Engineering,2026-2027,Degree Core Requirements,ECE 2564,Embedded Systems (C),3,
Computer Engineering Major with Machine Learning Option,College of Engineering,2026-2027,Degree Core Requirements,ECE 2804,Integrated Design Project (C),2,
Computer Engineering Major with Machine Learning Option,College of Engineering,2026-2027,Degree Core Requirements,ECE 3514,Data Structures & Algorithms (C-),3,
Computer Engineering Major with Machine Learning Option,College of Engineering,2026-2027,Degree Core Requirements,ECE 3574,Applied Software Design (C-),3,
Computer Engineering Major with Machine Learning Option,College of Engineering,2026-2027,Major Requirements,ECE 2214,Physical Electronics (C),3,
Computer Engineering Major with Machine Learning Option,College of Engineering,2026-2027,Major Requirements,ECE 2714,Signals and Systems (C),3,
Computer Engineering Major with Machine Learning Option,College of Engineering,2026-2027,Major Requirements,ECE 3504,Principles of Computer Architecture (C-),3,
Computer Engineering Major with Machine Learning Option,College of Engineering,2026-2027,Major Requirements,ECE 4524,Artificial Intelligence and Engineering Applications,4,
Computer Engineering Major with Machine Learning Option,College of Engineering,2026-2027,Major Requirements,ECE 4525,Video Game Design and Engineering,3,
Computer Engineering Major with Machine Learning Option,College of Engineering,2026-2027,Major Requirements,ECE 4424/CS 4824,Machine Learning,3,
Computer Engineering Major with Machine Learning Option,College of Engineering,2026-2027,Major Requirements,ECE 4554,Introduction to Computer Vision,3,
Computer Engineering Major with Machine Learning Option,College of Engineering,2026-2027,Additional Course Requirements,MATH 2114,Introduction to Linear Algebra (C-),3,
Computer Engineering Major with Machine Learning Option,College of Engineering,2026-2027,Additional Course Requirements,MATH 2204,Introduction to Multivariable Calculus,3,
Computer Engineering Major with Machine Learning Option,College of Engineering,2026-2027,Additional Course Requirements,STAT 4714,Probability and Statistics for Electrical Engineers (C-),3,
Computer Engineering Major with Machine Learning Option,College of Engineering,2026-2027,Additional Course Requirements,MATH 2534,Introduction to Discrete Mathematics,3,
Computer Engineering Major with Machine Learning Option,College of Engineering,2026-2027,Career Bridge Experience,ENGE 3900,Bridge Experience,0,
Computer Engineering Major with Machine Learning Option,College of Engineering,2026-2027,Pathways Concept 1 - Discourse,ENGL 1105,First-Year Writing (1F),3,
Computer Engineering Major with Machine Learning Option,College of Engineering,2026-2027,Pathways Concept 1 - Discourse,ENGL 1106,First-Year Writing (1F),3,
Computer Engineering Major with Machine Learning Option,College of Engineering,2026-2027,Pathways Concept 1 - Discourse,ECE 4805,Senior Design Project and Senior Design Project (1A),6,
Computer Engineering Major with Machine Learning Option,College of Engineering,2026-2027,Pathways Concept 4 - Reasoning in the Natural Sciences,PHYS 2305,Foundations of Physics,4,
Computer Engineering Major with Machine Learning Option,College of Engineering,2026-2027,Pathways Concept 4 - Reasoning in the Natural Sciences,PHYS 2306,Foundations of Physics,4,
Computer Engineering Major with Machine Learning Option,College of Engineering,2026-2027,Pathways Concept 5 - Quantitative and Computational Thinking,MATH 1225,Calculus of a Single Variable (5F),4,
Computer Engineering Major with Machine Learning Option,College of Engineering,2026-2027,Pathways Concept 5 - Quantitative and Computational Thinking,MATH 1226,Calculus of a Single Variable (5F),4,
Computer Engineering Major with Machine Learning Option,College of Engineering,2026-2027,Pathways Concept 5 - Quantitative and Computational Thinking,MATH 2214,Introduction to Differential Equations (5A ; C-),3,
Computer Engineering Major with Machine Learning Option,College of Engineering,2026-2027,Pathways Concept 6 - Critique and Practice in Design and the Arts,ENGE 1215,Foundations of Engineering and Foundations of Engineering (6D),4,
Computer Engineering Major with Networking & Cybersecurity Option,College of Engineering,2026-2027,Degree Core Requirements,ECE 1004,Introduction to ECE Concepts (C),3,
Computer Engineering Major with Networking & Cybersecurity Option,College of Engineering,2026-2027,Degree Core Requirements,ECE 2024,Circuits and Devices (C),3,
Computer Engineering Major with Networking & Cybersecurity Option,College of Engineering,2026-2027,Degree Core Requirements,ECE 2514,Computational Engineering (C),3,
Computer Engineering Major with Networking & Cybersecurity Option,College of Engineering,2026-2027,Degree Core Requirements,ECE 2544,Fundamentals of Digital Systems (C),3,
Computer Engineering Major with Networking & Cybersecurity Option,College of Engineering,2026-2027,Degree Core Requirements,ECE 2564,Embedded Systems (C),3,
Computer Engineering Major with Networking & Cybersecurity Option,College of Engineering,2026-2027,Degree Core Requirements,ECE 2804,Integrated Design Project (C),2,
Computer Engineering Major with Networking & Cybersecurity Option,College of Engineering,2026-2027,Degree Core Requirements,ECE 3514,Data Structures & Algorithms (C-),3,
Computer Engineering Major with Networking & Cybersecurity Option,College of Engineering,2026-2027,Degree Core Requirements,ECE 3574,Applied Software Design (C-),3,
Computer Engineering Major with Networking & Cybersecurity Option,College of Engineering,2026-2027,Major Requirements,ECE 2214,Physical Electronics (C),3,
Computer Engineering Major with Networking & Cybersecurity Option,College of Engineering,2026-2027,Major Requirements,ECE 2714,Signals and Systems (C),3,
Computer Engineering Major with Networking & Cybersecurity Option,College of Engineering,2026-2027,Major Requirements,ECE 3504,Principles of Computer Architecture (C),3,
Computer Engineering Major with Networking & Cybersecurity Option,College of Engineering,2026-2027,Major Requirements,ECE 3564,Introduction to Computer Networking (C-),3,
Computer Engineering Major with Networking & Cybersecurity Option,College of Engineering,2026-2027,Major Requirements,ECE 4564,Network Application Design,3,
Computer Engineering Major with Networking & Cybersecurity Option,College of Engineering,2026-2027,Major Requirements,ECE 4560,Computer and Network Security Fundamentals,3,
Computer Engineering Major with Networking & Cybersecurity Option,College of Engineering,2026-2027,Major Requirements,CS 4264,Principles of Computer Security,3,
Computer Engineering Major with Networking & Cybersecurity Option,College of Engineering,2026-2027,Additional Course Requirements,MATH 2114,Introduction to Linear Algebra (C-),3,
Computer Engineering Major with Networking & Cybersecurity Option,College of Engineering,2026-2027,Additional Course Requirements,MATH 2204,Introduction to Multivariable Calculus,3,
Computer Engineering Major with Networking & Cybersecurity Option,College of Engineering,2026-2027,Additional Course Requirements,STAT 4714,Probability and Statistics for Electrical Engineers,3,
Computer Engineering Major with Networking & Cybersecurity Option,College of Engineering,2026-2027,Additional Course Requirements,MATH 2534,Introduction to Discrete Mathematics,3,
Computer Engineering Major with Networking & Cybersecurity Option,College of Engineering,2026-2027,Career Bridge Experience,ENGE 3900,Bridge Experience,0,
Computer Engineering Major with Networking & Cybersecurity Option,College of Engineering,2026-2027,Pathways Concept 1 - Discourse,ENGL 1105,First-Year Writing (1F),3,
Computer Engineering Major with Networking & Cybersecurity Option,College of Engineering,2026-2027,Pathways Concept 1 - Discourse,ENGL 1106,First-Year Writing (1F),3,
Computer Engineering Major with Networking & Cybersecurity Option,College of Engineering,2026-2027,Pathways Concept 1 - Discourse,ECE 4805,Senior Design Project and Senior Design Project (1A),6,
Computer Engineering Major with Networking & Cybersecurity Option,College of Engineering,2026-2027,Pathways Concept 4 - Reasoning in the Natural Sciences,PHYS 2305,Foundations of Physics,4,
Computer Engineering Major with Networking & Cybersecurity Option,College of Engineering,2026-2027,Pathways Concept 4 - Reasoning in the Natural Sciences,PHYS 2306,Foundations of Physics,4,
Computer Engineering Major with Networking & Cybersecurity Option,College of Engineering,2026-2027,Pathways Concept 5 - Quantitative and Computational Thinking,MATH 1225,Calculus of a Single Variable (5F),4,
Computer Engineering Major with Networking & Cybersecurity Option,College of Engineering,2026-2027,Pathways Concept 5 - Quantitative and Computational Thinking,MATH 1226,Calculus of a Single Variable (5F),4,
Computer Engineering Major with Networking & Cybersecurity Option,College of Engineering,2026-2027,Pathways Concept 5 - Quantitative and Computational Thinking,MATH 2214,Introduction to Differential Equations (5A ; MIN-GRADE-C-),3,
Computer Engineering Major with Networking & Cybersecurity Option,College of Engineering,2026-2027,Pathways Concept 6 - Critique and Practice in Design and the Arts,ENGE 1215,Foundations of Engineering and Foundations of Engineering (6D),4,
Computer Engineering Major with Software Systems Option,College of Engineering,2026-2027,Degree Core Requirements,ECE 1004,Introduction to ECE Concepts (C),3,
Computer Engineering Major with Software Systems Option,College of Engineering,2026-2027,Degree Core Requirements,ECE 2024,Circuits and Devices (C),3,
Computer Engineering Major with Software Systems Option,College of Engineering,2026-2027,Degree Core Requirements,ECE 2514,Computational Engineering (C),3,
Computer Engineering Major with Software Systems Option,College of Engineering,2026-2027,Degree Core Requirements,ECE 2544,Fundamentals of Digital Systems (C),3,
Computer Engineering Major with Software Systems Option,College of Engineering,2026-2027,Degree Core Requirements,ECE 2564,Embedded Systems (C),3,
Computer Engineering Major with Software Systems Option,College of Engineering,2026-2027,Degree Core Requirements,ECE 2804,Integrated Design Project (C),2,
Computer Engineering Major with Software Systems Option,College of Engineering,2026-2027,Degree Core Requirements,ECE 3514,Data Structures & Algorithms (C-),3,
Computer Engineering Major with Software Systems Option,College of Engineering,2026-2027,Degree Core Requirements,ECE 3574,Applied Software Design (C-),3,
Computer Engineering Major with Software Systems Option,College of Engineering,2026-2027,Major Requirements,ECE 2214,Physical Electronics (C),3,
Computer Engineering Major with Software Systems Option,College of Engineering,2026-2027,Major Requirements,ECE 2714,Signals and Systems (C),3,
Computer Engineering Major with Software Systems Option,College of Engineering,2026-2027,Major Requirements,ECE 3504,Principles of Computer Architecture (C-),3,
Computer Engineering Major with Software Systems Option,College of Engineering,2026-2027,Major Requirements,ECE 4524,Artificial Intelligence and Engineering Applications,4,
Computer Engineering Major with Software Systems Option,College of Engineering,2026-2027,Major Requirements,ECE 4525,Video Game Design and Engineering,3,
Computer Engineering Major with Software Systems Option,College of Engineering,2026-2027,Major Requirements,CS 3214,Computer Systems,3,
Computer Engineering Major with Software Systems Option,College of Engineering,2026-2027,Major Requirements,ECE 4550,Real-Time Systems,3,
Computer Engineering Major with Software Systems Option,College of Engineering,2026-2027,Additional Course Requirements,MATH 2114,Introduction to Linear Algebra (C-),3,
Computer Engineering Major with Software Systems Option,College of Engineering,2026-2027,Additional Course Requirements,MATH 2204,Introduction to Multivariable Calculus,3,
Computer Engineering Major with Software Systems Option,College of Engineering,2026-2027,Additional Course Requirements,MATH 2534,Introduction to Discrete Mathematics,3,
Computer Engineering Major with Software Systems Option,College of Engineering,2026-2027,Additional Course Requirements,STAT 4714,Probability and Statistics for Electrical Engineers (C-),3,
Computer Engineering Major with Software Systems Option,College of Engineering,2026-2027,Career Bridge Experience,ENGE 3900,Bridge Experience,0,
Computer Engineering Major with Software Systems Option,College of Engineering,2026-2027,Pathways Concept 1 - Discourse,ENGL 1105,First-Year Writing (1F),3,
Computer Engineering Major with Software Systems Option,College of Engineering,2026-2027,Pathways Concept 1 - Discourse,ENGL 1106,First-Year Writing (1F),3,
Computer Engineering Major with Software Systems Option,College of Engineering,2026-2027,Pathways Concept 1 - Discourse,ECE 4805,Senior Design Project and Senior Design Project (1A),6,
Computer Engineering Major with Software Systems Option,College of Engineering,2026-2027,Pathways Concept 4 - Reasoning in the Natural Sciences,PHYS 2305,Foundations of Physics,4,
Computer Engineering Major with Software Systems Option,College of Engineering,2026-2027,Pathways Concept 4 - Reasoning in the Natural Sciences,PHYS 2306,Foundations of Physics,4,
Computer Engineering Major with Software Systems Option,College of Engineering,2026-2027,Pathways Concept 5 - Quantitative and Computational Thinking,MATH 1225,Calculus of a Single Variable (5F),4,
Computer Engineering Major with Software Systems Option,College of Engineering,2026-2027,Pathways Concept 5 - Quantitative and Computational Thinking,MATH 1226,Calculus of a Single Variable (5F),4,
Computer Engineering Major with Software Systems Option,College of Engineering,2026-2027,Pathways Concept 5 - Quantitative and Computational Thinking,MATH 2214,Introduction to Differential Equations (5A ; MIN-GRADE-C-),3,
Computer Engineering Major with Software Systems Option,College of Engineering,2026-2027,Pathways Concept 6 - Critique and Practice in Design and the Arts,ENGE 1215,Foundations of Engineering and Foundations of Engineering (6D),4,
Computer Engineering Major,College of Engineering,2026-2027,Degree Core Requirements,ECE 1004,Introduction to ECE Concepts (C),3,
Computer Engineering Major,College of Engineering,2026-2027,Degree Core Requirements,ECE 2024,Circuits and Devices (C),3,
Computer Engineering Major,College of Engineering,2026-2027,Degree Core Requirements,ECE 2514,Computational Engineering (C),3,
Computer Engineering Major,College of Engineering,2026-2027,Degree Core Requirements,ECE 2544,Fundamentals of Digital Systems (C),3,
Computer Engineering Major,College of Engineering,2026-2027,Degree Core Requirements,ECE 2564,Embedded Systems (C),3,
Computer Engineering Major,College of Engineering,2026-2027,Degree Core Requirements,ECE 2804,Integrated Design Project (C),2,
Computer Engineering Major,College of Engineering,2026-2027,Degree Core Requirements,ECE 3514,Data Structures & Algorithms (C-),3,
Computer Engineering Major,College of Engineering,2026-2027,Degree Core Requirements,ECE 3574,Applied Software Design (C-),3,
Computer Engineering Major,College of Engineering,2026-2027,Major Requirements,ECE 2214,Physical Electronics (C),3,
Computer Engineering Major,College of Engineering,2026-2027,Major Requirements,ECE 2714,Signals and Systems (C),3,
Computer Engineering Major,College of Engineering,2026-2027,Major Requirements,ECE 3504,Principles of Computer Architecture (C-),3,
Computer Engineering Major,College of Engineering,2026-2027,Major Requirements,ECE 3544,Digital Design I,4,
Computer Engineering Major,College of Engineering,2026-2027,Additional Course Requirements,MATH 2114,Introduction to Linear Algebra (C-),3,
Computer Engineering Major,College of Engineering,2026-2027,Additional Course Requirements,MATH 2204,Introduction to Multivariable Calculus,3,
Computer Engineering Major,College of Engineering,2026-2027,Additional Course Requirements,MATH 2534,Introduction to Discrete Mathematics,3,
Computer Engineering Major,College of Engineering,2026-2027,Additional Course Requirements,STAT 4714,Probability and Statistics for Electrical Engineers,3,
Computer Engineering Major,College of Engineering,2026-2027,Career Bridge Experience,ENGE 3900,Bridge Experience,0,
Computer Engineering Major,College of Engineering,2026-2027,Pathways Concept 1 - Discourse,ENGL 1105,First-Year Writing,3,
Computer Engineering Major,College of Engineering,2026-2027,Pathways Concept 1 - Discourse,ENGL 1106,First-Year Writing,3,
Computer Engineering Major,College of Engineering,2026-2027,Pathways Concept 1 - Discourse,ECE 4805,Senior Design Project and Senior Design Project (C-),6,
Computer Engineering Major,College of Engineering,2026-2027,Pathways Concept 4 - Reasoning in the Natural Sciences,PHYS 2305,Foundations of Physics,4,
Computer Engineering Major,College of Engineering,2026-2027,Pathways Concept 4 - Reasoning in the Natural Sciences,PHYS 2306,Foundations of Physics,4,
Computer Engineering Major,College of Engineering,2026-2027,Pathways Concept 5 - Quantitative and Computational Thinking,MATH 1225,Calculus of a Single Variable,4,
Computer Engineering Major,College of Engineering,2026-2027,Pathways Concept 5 - Quantitative and Computational Thinking,MATH 1226,Calculus of a Single Variable,4,
Computer Engineering Major,College of Engineering,2026-2027,Pathways Concept 5 - Quantitative and Computational Thinking,MATH 2214,Introduction to Differential Equations (C-),3,
Computer Engineering Major,College of Engineering,2026-2027,Select one 6A,ENGE 1215,Foundations of Engineering and Foundations of Engineering (C-),4,
Electrical Engineering Major with Energy & Power Electronics Systems Option,College of Engineering,2026-2027,Degree Core Requirements,ECE 1004,Introduction to ECE Concepts (C),3,
Electrical Engineering Major with Energy & Power Electronics Systems Option,College of Engineering,2026-2027,Degree Core Requirements,ECE 2024,Circuits and Devices (C),3,
Electrical Engineering Major with Energy & Power Electronics Systems Option,College of Engineering,2026-2027,Degree Core Requirements,ECE 2214,Physical Electronics (C),3,
Electrical Engineering Major with Energy & Power Electronics Systems Option,College of Engineering,2026-2027,Degree Core Requirements,ECE 2544,Fundamentals of Digital Systems (C),3,
Electrical Engineering Major with Energy & Power Electronics Systems Option,College of Engineering,2026-2027,Degree Core Requirements,ECE 2714,Signals and Systems (C),3,
Electrical Engineering Major with Energy & Power Electronics Systems Option,College of Engineering,2026-2027,Degree Core Requirements,ECE 2804,Integrated Design Project (C),2,
Electrical Engineering Major with Energy & Power Electronics Systems Option,College of Engineering,2026-2027,Degree Core Requirements,ECE 3004,AC Circuit Analysis (C-),3,
Electrical Engineering Major with Energy & Power Electronics Systems Option,College of Engineering,2026-2027,Degree Core Requirements,ECE 3074,AC Circuit Design Laboratory (C-),1,
Electrical Engineering Major with Energy & Power Electronics Systems Option,College of Engineering,2026-2027,Degree Core Requirements,ECE 3105,Electromagnetic Fields (C-),3,
Electrical Engineering Major with Energy & Power Electronics Systems Option,College of Engineering,2026-2027,Major Requirements,ECE 2514,Computational Engineering (C),3,
Electrical Engineering Major with Energy & Power Electronics Systems Option,College of Engineering,2026-2027,Major Requirements,ECE 2564,Embedded Systems (C),3,
Electrical Engineering Major with Energy & Power Electronics Systems Option,College of Engineering,2026-2027,Major Requirements,ECE 3204,Analog Electronics (C-),3,
Electrical Engineering Major with Energy & Power Electronics Systems Option,College of Engineering,2026-2027,Major Requirements,ECE 3274,Analog Electronics Laboratory,1,
Electrical Engineering Major with Energy & Power Electronics Systems Option,College of Engineering,2026-2027,Major Requirements,ECE 3304,Introduction to Power Systems (C-),3,
Electrical Engineering Major with Energy & Power Electronics Systems Option,College of Engineering,2026-2027,Major Requirements,ECE 3704,Continuous and Discrete System Theory,3,
Electrical Engineering Major with Energy & Power Electronics Systems Option,College of Engineering,2026-2027,Major Requirements,ECE 4224,Power Electronics,3,
Electrical Engineering Major with Energy & Power Electronics Systems Option,College of Engineering,2026-2027,Major Requirements,ECE 4334,Power System Analysis and Control,3,
Electrical Engineering Major with Energy & Power Electronics Systems Option,College of Engineering,2026-2027,Additional Course Requirements,MATH 2114,Introduction to Linear Algebra (C-),3,
Electrical Engineering Major with Energy & Power Electronics Systems Option,College of Engineering,2026-2027,Additional Course Requirements,MATH 2204,Introduction to Multivariable Calculus (C-),3,
Electrical Engineering Major with Energy & Power Electronics Systems Option,College of Engineering,2026-2027,Additional Course Requirements,STAT 4714,Probability and Statistics for Electrical Engineers,3,
Electrical Engineering Major with Energy & Power Electronics Systems Option,College of Engineering,2026-2027,Career Bridge Experience,ENGE 3900,Bridge Experience,0,
Electrical Engineering Major with Energy & Power Electronics Systems Option,College of Engineering,2026-2027,Pathways Concept 1 - Discourse,ENGL 1105,First-Year Writing (1F),3,
Electrical Engineering Major with Energy & Power Electronics Systems Option,College of Engineering,2026-2027,Pathways Concept 1 - Discourse,ENGL 1106,First-Year Writing (1F),3,
Electrical Engineering Major with Energy & Power Electronics Systems Option,College of Engineering,2026-2027,Pathways Concept 1 - Discourse,ECE 4805,Senior Design Project and Senior Design Project (1A ; C-),6,
Electrical Engineering Major with Energy & Power Electronics Systems Option,College of Engineering,2026-2027,Pathways Concept 4 - Reasoning in the Natural Sciences,PHYS 2305,Foundations of Physics,4,
Electrical Engineering Major with Energy & Power Electronics Systems Option,College of Engineering,2026-2027,Pathways Concept 4 - Reasoning in the Natural Sciences,PHYS 2306,Foundations of Physics (C-),4,
Electrical Engineering Major with Energy & Power Electronics Systems Option,College of Engineering,2026-2027,Pathways Concept 5 - Quantitative and Computational Thinking,MATH 1225,Calculus of a Single Variable (5F ; C-),4,
Electrical Engineering Major with Energy & Power Electronics Systems Option,College of Engineering,2026-2027,Pathways Concept 5 - Quantitative and Computational Thinking,MATH 1226,Calculus of a Single Variable (5F),4,
Electrical Engineering Major with Energy & Power Electronics Systems Option,College of Engineering,2026-2027,Pathways Concept 5 - Quantitative and Computational Thinking,MATH 2214,Introduction to Differential Equations (5A ; C-),3,
Electrical Engineering Major with Energy & Power Electronics Systems Option,College of Engineering,2026-2027,Pathways Concept 6 - Critique and Practice in Design and the Arts,ENGE 1215,Foundations of Engineering and Foundations of Engineering (6D ; C-),4,
Electrical Engineering Major with Applied Electromagnetics Option,College of Engineering,2026-2027,Degree Core Requirements,ECE 1004,Introduction to ECE Concepts (C),3,
Electrical Engineering Major with Applied Electromagnetics Option,College of Engineering,2026-2027,Degree Core Requirements,ECE 2024,Circuits and Devices (C),3,
Electrical Engineering Major with Applied Electromagnetics Option,College of Engineering,2026-2027,Degree Core Requirements,ECE 2214,Physical Electronics (C),3,
Electrical Engineering Major with Applied Electromagnetics Option,College of Engineering,2026-2027,Degree Core Requirements,ECE 2544,Fundamentals of Digital Systems (C),3,
Electrical Engineering Major with Applied Electromagnetics Option,College of Engineering,2026-2027,Degree Core Requirements,ECE 2714,Signals and Systems (C),3,
Electrical Engineering Major with Applied Electromagnetics Option,College of Engineering,2026-2027,Degree Core Requirements,ECE 2804,Integrated Design Project (C),2,
Electrical Engineering Major with Applied Electromagnetics Option,College of Engineering,2026-2027,Degree Core Requirements,ECE 3004,AC Circuit Analysis (C-),3,
Electrical Engineering Major with Applied Electromagnetics Option,College of Engineering,2026-2027,Degree Core Requirements,ECE 3074,AC Circuit Design Laboratory (C-),1,
Electrical Engineering Major with Applied Electromagnetics Option,College of Engineering,2026-2027,Degree Core Requirements,ECE 3105,Electromagnetic Fields (C-),3,
Electrical Engineering Major with Applied Electromagnetics Option,College of Engineering,2026-2027,Major Requirements,ECE 2514,Computational Engineering (C),3,
Electrical Engineering Major with Applied Electromagnetics Option,College of Engineering,2026-2027,Major Requirements,ECE 2564,Embedded Systems (C),3,
Electrical Engineering Major with Applied Electromagnetics Option,College of Engineering,2026-2027,Major Requirements,ECE 3106,Electromagnetic Fields,3,
Electrical Engineering Major with Applied Electromagnetics Option,College of Engineering,2026-2027,Major Requirements,ECE 3614,Introduction to Communication Systems,3,
Electrical Engineering Major with Applied Electromagnetics Option,College of Engineering,2026-2027,Additional Course Requirements,MATH 2114,Introduction to Linear Algebra (C-),3,
Electrical Engineering Major with Applied Electromagnetics Option,College of Engineering,2026-2027,Additional Course Requirements,MATH 2204,Introduction to Multivariable Calculus (C-),3,
Electrical Engineering Major with Applied Electromagnetics Option,College of Engineering,2026-2027,Additional Course Requirements,STAT 4714,Probability and Statistics for Electrical Engineers (C-),3,
Electrical Engineering Major with Applied Electromagnetics Option,College of Engineering,2026-2027,Career Bridge Experience,ENGE 3900,Bridge Experience,0,
Electrical Engineering Major with Applied Electromagnetics Option,College of Engineering,2026-2027,Pathways Concept 1 - Discourse,ENGL 1105,First-Year Writing (1F),3,
Electrical Engineering Major with Applied Electromagnetics Option,College of Engineering,2026-2027,Pathways Concept 1 - Discourse,ENGL 1106,First-Year Writing (1F),3,
Electrical Engineering Major with Applied Electromagnetics Option,College of Engineering,2026-2027,Pathways Concept 1 - Discourse,ECE 4805,Senior Design Project and Senior Design Project (1A ; C-),6,
Electrical Engineering Major with Applied Electromagnetics Option,College of Engineering,2026-2027,Pathways Concept 4 - Reasoning in the Natural Sciences,PHYS 2305,Foundations of Physics,4,
Electrical Engineering Major with Applied Electromagnetics Option,College of Engineering,2026-2027,Pathways Concept 4 - Reasoning in the Natural Sciences,PHYS 2306,Foundations of Physics (C-),4,
Electrical Engineering Major with Applied Electromagnetics Option,College of Engineering,2026-2027,Pathways Concept 5 - Quantitative and Computational Thinking,MATH 1225,Calculus of a Single Variable (5F ; C-),4,
Electrical Engineering Major with Applied Electromagnetics Option,College of Engineering,2026-2027,Pathways Concept 5 - Quantitative and Computational Thinking,MATH 1226,Calculus of a Single Variable (5F),4,
Electrical Engineering Major with Applied Electromagnetics Option,College of Engineering,2026-2027,Pathways Concept 5 - Quantitative and Computational Thinking,MATH 2214,Introduction to Differential Equations (5A ; C-),3,
Electrical Engineering Major with Applied Electromagnetics Option,College of Engineering,2026-2027,Pathways Concept 6 - Critique and Practice in Design and the Arts,ENGE 1215,Foundations of Engineering and Foundations of Engineering (6D ; C-),4,
"Electrical Engineering Major with Controls, Robotics & Autonomy Option",College of Engineering,2026-2027,Degree Core Requirements,ECE 1004,Introduction to ECE Concepts (C),3,
"Electrical Engineering Major with Controls, Robotics & Autonomy Option",College of Engineering,2026-2027,Degree Core Requirements,ECE 2024,Circuits and Devices (C),3,
"Electrical Engineering Major with Controls, Robotics & Autonomy Option",College of Engineering,2026-2027,Degree Core Requirements,ECE 2214,Physical Electronics (C),3,
"Electrical Engineering Major with Controls, Robotics & Autonomy Option",College of Engineering,2026-2027,Degree Core Requirements,ECE 2544,Fundamentals of Digital Systems (C),3,
"Electrical Engineering Major with Controls, Robotics & Autonomy Option",College of Engineering,2026-2027,Degree Core Requirements,ECE 2714,Signals and Systems (C),3,
"Electrical Engineering Major with Controls, Robotics & Autonomy Option",College of Engineering,2026-2027,Degree Core Requirements,ECE 2804,Integrated Design Project (C),2,
"Electrical Engineering Major with Controls, Robotics & Autonomy Option",College of Engineering,2026-2027,Degree Core Requirements,ECE 3004,AC Circuit Analysis (C-),3,
"Electrical Engineering Major with Controls, Robotics & Autonomy Option",College of Engineering,2026-2027,Degree Core Requirements,ECE 3074,AC Circuit Design Laboratory,1,
"Electrical Engineering Major with Controls, Robotics & Autonomy Option",College of Engineering,2026-2027,Degree Core Requirements,ECE 3105,Electromagnetic Fields (C-),3,
"Electrical Engineering Major with Controls, Robotics & Autonomy Option",College of Engineering,2026-2027,Major Requirements,ECE 2514,Computational Engineering (C),3,
"Electrical Engineering Major with Controls, Robotics & Autonomy Option",College of Engineering,2026-2027,Major Requirements,ECE 2564,Embedded Systems (C),3,
"Electrical Engineering Major with Controls, Robotics & Autonomy Option",College of Engineering,2026-2027,Major Requirements,ECE 3514,Data Structures & Algorithms,3,
"Electrical Engineering Major with Controls, Robotics & Autonomy Option",College of Engineering,2026-2027,Major Requirements,ECE 3704,Continuous and Discrete System Theory (C-),3,
"Electrical Engineering Major with Controls, Robotics & Autonomy Option",College of Engineering,2026-2027,Major Requirements,ECE 3714,Introduction to Control Systems,3,
"Electrical Engineering Major with Controls, Robotics & Autonomy Option",College of Engineering,2026-2027,Additional Course Requirements,MATH 2114,Introduction to Linear Algebra (C-),3,
"Electrical Engineering Major with Controls, Robotics & Autonomy Option",College of Engineering,2026-2027,Additional Course Requirements,MATH 2204,Introduction to Multivariable Calculus (C-),3,
"Electrical Engineering Major with Controls, Robotics & Autonomy Option",College of Engineering,2026-2027,Additional Course Requirements,STAT 4714,Probability and Statistics for Electrical Engineers,3,
"Electrical Engineering Major with Controls, Robotics & Autonomy Option",College of Engineering,2026-2027,Career Bridge Experience,ENGE 3900,Bridge Experience,0,
"Electrical Engineering Major with Controls, Robotics & Autonomy Option",College of Engineering,2026-2027,Pathways Concept 1 - Discourse,ENGL 1105,First-Year Writing (1F),3,
"Electrical Engineering Major with Controls, Robotics & Autonomy Option",College of Engineering,2026-2027,Pathways Concept 1 - Discourse,ENGL 1106,First-Year Writing (1F),3,
"Electrical Engineering Major with Controls, Robotics & Autonomy Option",College of Engineering,2026-2027,Pathways Concept 1 - Discourse,ECE 4805,Senior Design Project and Senior Design Project (1A ; C-),6,
"Electrical Engineering Major with Controls, Robotics & Autonomy Option",College of Engineering,2026-2027,Pathways Concept 4 - Reasoning in the Natural Sciences,PHYS 2305,Foundations of Physics,4,
"Electrical Engineering Major with Controls, Robotics & Autonomy Option",College of Engineering,2026-2027,Pathways Concept 4 - Reasoning in the Natural Sciences,PHYS 2306,Foundations of Physics (C-),4,
"Electrical Engineering Major with Controls, Robotics & Autonomy Option",College of Engineering,2026-2027,Pathways Concept 5 - Quantitative and Computational Thinking,MATH 1225,Calculus of a Single Variable (#QUANT-5F; C-),4,
"Electrical Engineering Major with Controls, Robotics & Autonomy Option",College of Engineering,2026-2027,Pathways Concept 5 - Quantitative and Computational Thinking,MATH 1226,Calculus of a Single Variable (5F),4,
"Electrical Engineering Major with Controls, Robotics & Autonomy Option",College of Engineering,2026-2027,Pathways Concept 5 - Quantitative and Computational Thinking,MATH 2214,Introduction to Differential Equations (#QUANT-5A; C-),3,
"Electrical Engineering Major with Controls, Robotics & Autonomy Option",College of Engineering,2026-2027,Pathways Concept 6 - Critique and Practice in Design and the Arts,ENGE 1215,Foundations of Engineering and Foundations of Engineering (6D),4,
Electrical Engineering Major with Micro/Nano Systems Option,College of Engineering,2026-2027,Degree Core Requirements,ECE 1004,Introduction to ECE Concepts (C),3,
Electrical Engineering Major with Micro/Nano Systems Option,College of Engineering,2026-2027,Degree Core Requirements,ECE 2024,Circuits and Devices (C),3,
Electrical Engineering Major with Micro/Nano Systems Option,College of Engineering,2026-2027,Degree Core Requirements,ECE 2214,Physical Electronics (C),3,
Electrical Engineering Major with Micro/Nano Systems Option,College of Engineering,2026-2027,Degree Core Requirements,ECE 2544,Fundamentals of Digital Systems (C),3,
Electrical Engineering Major with Micro/Nano Systems Option,College of Engineering,2026-2027,Degree Core Requirements,ECE 2714,Signals and Systems (C),3,
Electrical Engineering Major with Micro/Nano Systems Option,College of Engineering,2026-2027,Degree Core Requirements,ECE 2804,Integrated Design Project (C),2,
Electrical Engineering Major with Micro/Nano Systems Option,College of Engineering,2026-2027,Degree Core Requirements,ECE 3004,AC Circuit Analysis (C-),3,
Electrical Engineering Major with Micro/Nano Systems Option,College of Engineering,2026-2027,Degree Core Requirements,ECE 3074,AC Circuit Design Laboratory (C-),1,
Electrical Engineering Major with Micro/Nano Systems Option,College of Engineering,2026-2027,Degree Core Requirements,ECE 3105,Electromagnetic Fields (C-),3,
Electrical Engineering Major with Micro/Nano Systems Option,College of Engineering,2026-2027,Major Requirements,ECE 2514,Computational Engineering (C),3,
Electrical Engineering Major with Micro/Nano Systems Option,College of Engineering,2026-2027,Major Requirements,ECE 2564,Embedded Systems (C),3,
Electrical Engineering Major with Micro/Nano Systems Option,College of Engineering,2026-2027,Major Requirements,ECE 3204,Analog Electronics (C-),3,
Electrical Engineering Major with Micro/Nano Systems Option,College of Engineering,2026-2027,Major Requirements,ECE 3214,Semiconductor Device Fundamentals,3,
Electrical Engineering Major with Micro/Nano Systems Option,College of Engineering,2026-2027,Major Requirements,ECE 3274,Analog Electronics Laboratory,1,
Electrical Engineering Major with Micro/Nano Systems Option,College of Engineering,2026-2027,Major Requirements,ECE 3614,Introduction to Communication Systems,3,
Electrical Engineering Major with Micro/Nano Systems Option,College of Engineering,2026-2027,Additional Course Requirements,MATH 2114,Introduction to Linear Algebra (C-),3,
Electrical Engineering Major with Micro/Nano Systems Option,College of Engineering,2026-2027,Additional Course Requirements,MATH 2204,Introduction to Multivariable Calculus (C-),3,
Electrical Engineering Major with Micro/Nano Systems Option,College of Engineering,2026-2027,Additional Course Requirements,STAT 4714,Probability and Statistics for Electrical Engineers,3,
Electrical Engineering Major with Micro/Nano Systems Option,College of Engineering,2026-2027,Career Bridge Experience,ENGE 3900,Bridge Experience,0,
Electrical Engineering Major with Micro/Nano Systems Option,College of Engineering,2026-2027,Pathways Concept 1 - Discourse,ENGL 1105,First-Year Writing (1F),3,
Electrical Engineering Major with Micro/Nano Systems Option,College of Engineering,2026-2027,Pathways Concept 1 - Discourse,ENGL 1106,First-Year Writing (1F),3,
Electrical Engineering Major with Micro/Nano Systems Option,College of Engineering,2026-2027,Pathways Concept 1 - Discourse,ECE 4805,Senior Design Project and Senior Design Project (1A),6,
Electrical Engineering Major with Micro/Nano Systems Option,College of Engineering,2026-2027,Pathways Concept 4 - Reasoning in the Natural Sciences,PHYS 2305,Foundations of Physics,4,
Electrical Engineering Major with Micro/Nano Systems Option,College of Engineering,2026-2027,Pathways Concept 4 - Reasoning in the Natural Sciences,PHYS 2306,Foundations of Physics (C-),4,
Electrical Engineering Major with Micro/Nano Systems Option,College of Engineering,2026-2027,Pathways Concept 5 - Quantitative and Computational Thinking,MATH 1225,Calculus of a Single Variable (5F ; C-),4,
Electrical Engineering Major with Micro/Nano Systems Option,College of Engineering,2026-2027,Pathways Concept 5 - Quantitative and Computational Thinking,MATH 1226,Calculus of a Single Variable (5F),4,
Electrical Engineering Major with Micro/Nano Systems Option,College of Engineering,2026-2027,Pathways Concept 5 - Quantitative and Computational Thinking,MATH 2214,Introduction to Differential Equations (5A ; C-),3,
Electrical Engineering Major with Micro/Nano Systems Option,College of Engineering,2026-2027,Pathways Concept 6 - Critique and Practice in Design and the Arts,ENGE 1215,Foundations of Engineering and Foundations of Engineering (6D ; C-),4,
Electrical Engineering Major with Wireless Communications and Signal Processing Option,College of Engineering,2026-2027,Degree Core Requirements,ECE 1004,Introduction to ECE Concepts (C),3,
Electrical Engineering Major with Wireless Communications and Signal Processing Option,College of Engineering,2026-2027,Degree Core Requirements,ECE 2024,Circuits and Devices (C),3,
Electrical Engineering Major with Wireless Communications and Signal Processing Option,College of Engineering,2026-2027,Degree Core Requirements,ECE 2214,Physical Electronics (C),3,
Electrical Engineering Major with Wireless Communications and Signal Processing Option,College of Engineering,2026-2027,Degree Core Requirements,ECE 2544,Fundamentals of Digital Systems (C),3,
Electrical Engineering Major with Wireless Communications and Signal Processing Option,College of Engineering,2026-2027,Degree Core Requirements,ECE 2714,Signals and Systems (C),3,
Electrical Engineering Major with Wireless Communications and Signal Processing Option,College of Engineering,2026-2027,Degree Core Requirements,ECE 2804,Integrated Design Project (C),2,
Electrical Engineering Major with Wireless Communications and Signal Processing Option,College of Engineering,2026-2027,Degree Core Requirements,ECE 3004,AC Circuit Analysis (C-),3,
Electrical Engineering Major with Wireless Communications and Signal Processing Option,College of Engineering,2026-2027,Degree Core Requirements,ECE 3074,AC Circuit Design Laboratory,1,
Electrical Engineering Major with Wireless Communications and Signal Processing Option,College of Engineering,2026-2027,Degree Core Requirements,ECE 3105,Electromagnetic Fields (C-),3,
Electrical Engineering Major with Wireless Communications and Signal Processing Option,College of Engineering,2026-2027,Major Requirements,ECE 2514,Computational Engineering (C),3,
Electrical Engineering Major with Wireless Communications and Signal Processing Option,College of Engineering,2026-2027,Major Requirements,ECE 2564,Embedded Systems (C),3,
Electrical Engineering Major with Wireless Communications and Signal Processing Option,College of Engineering,2026-2027,Major Requirements,ECE 3564,Introduction to Computer Networking,3,
Electrical Engineering Major with Wireless Communications and Signal Processing Option,College of Engineering,2026-2027,Major Requirements,ECE 3614,Introduction to Communication Systems (C-),3,
Electrical Engineering Major with Wireless Communications and Signal Processing Option,College of Engineering,2026-2027,Major Requirements,ECE 3704,Continuous and Discrete System Theory,3,
Electrical Engineering Major with Wireless Communications and Signal Processing Option,College of Engineering,2026-2027,Major Requirements,ECE 4624,Digital Signal Processing And Filter Design,3,
Electrical Engineering Major with Wireless Communications and Signal Processing Option,College of Engineering,2026-2027,Major Requirements,ECE 4634,Digital Communications,3,
Electrical Engineering Major with Wireless Communications and Signal Processing Option,College of Engineering,2026-2027,Major Requirements,ECE 4664,Analog and Digital Communications Laboratory,1,
Electrical Engineering Major with Wireless Communications and Signal Processing Option,College of Engineering,2026-2027,Additional Course Requirements,MATH 2114,Introduction to Linear Algebra (C-),3,
Electrical Engineering Major with Wireless Communications and Signal Processing Option,College of Engineering,2026-2027,Additional Course Requirements,MATH 2204,Introduction to Multivariable Calculus (C-),3,
Electrical Engineering Major with Wireless Communications and Signal Processing Option,College of Engineering,2026-2027,Additional Course Requirements,STAT 4714,Probability and Statistics for Electrical Engineers (C-),3,
Electrical Engineering Major with Wireless Communications and Signal Processing Option,College of Engineering,2026-2027,Career Bridge Experience,ENGE 3900,Bridge Experience,0,
Electrical Engineering Major with Wireless Communications and Signal Processing Option,College of Engineering,2026-2027,Pathways Concept 1 - Discourse,ENGL 1105,First-Year Writing (1F),3,
Electrical Engineering Major with Wireless Communications and Signal Processing Option,College of Engineering,2026-2027,Pathways Concept 1 - Discourse,ENGL 1106,First-Year Writing (1F),3,
Electrical Engineering Major with Wireless Communications and Signal Processing Option,College of Engineering,2026-2027,Pathways Concept 1 - Discourse,ECE 4805,Senior Design Project and Senior Design Project (1A ; C-),6,
Electrical Engineering Major with Wireless Communications and Signal Processing Option,College of Engineering,2026-2027,Pathways Concept 4 - Reasoning in the Natural Sciences,PHYS 2305,Foundations of Physics,4,
Electrical Engineering Major with Wireless Communications and Signal Processing Option,College of Engineering,2026-2027,Pathways Concept 4 - Reasoning in the Natural Sciences,PHYS 2306,Foundations of Physics (C-),4,
Electrical Engineering Major with Wireless Communications and Signal Processing Option,College of Engineering,2026-2027,Pathways Concept 5 - Quantitative and Computational Thinking,MATH 1225,Calculus of a Single Variable (5F ; C-),4,
Electrical Engineering Major with Wireless Communications and Signal Processing Option,College of Engineering,2026-2027,Pathways Concept 5 - Quantitative and Computational Thinking,MATH 1226,Calculus of a Single Variable (5F),4,
Electrical Engineering Major with Wireless Communications and Signal Processing Option,College of Engineering,2026-2027,Pathways Concept 5 - Quantitative and Computational Thinking,MATH 2214,Introduction to Differential Equations (5A ; C-),3,
Electrical Engineering Major with Wireless Communications and Signal Processing Option,College of Engineering,2026-2027,Pathways Concept 6 - Critique and Practice in Design and the Arts,ENGE 1215,Foundations of Engineering and Foundations of Engineering (6D ; C-),4,
Electrical Engineering Major,College of Engineering,2026-2027,Degree Core Requirements,ECE 1004,Introduction to ECE Concepts (C),3,
Electrical Engineering Major,College of Engineering,2026-2027,Degree Core Requirements,ECE 2024,Circuits and Devices (C),3,
Electrical Engineering Major,College of Engineering,2026-2027,Degree Core Requirements,ECE 2214,Physical Electronics (C),3,
Electrical Engineering Major,College of Engineering,2026-2027,Degree Core Requirements,ECE 2544,Fundamentals of Digital Systems (C),3,
Electrical Engineering Major,College of Engineering,2026-2027,Degree Core Requirements,ECE 2714,Signals and Systems (C),3,
Electrical Engineering Major,College of Engineering,2026-2027,Degree Core Requirements,ECE 2804,Integrated Design Project (C),2,
Electrical Engineering Major,College of Engineering,2026-2027,Degree Core Requirements,ECE 3004,AC Circuit Analysis (C-),3,
Electrical Engineering Major,College of Engineering,2026-2027,Degree Core Requirements,ECE 3074,AC Circuit Design Laboratory (C-),1,
Electrical Engineering Major,College of Engineering,2026-2027,Degree Core Requirements,ECE 3105,Electromagnetic Fields (C-),3,
Electrical Engineering Major,College of Engineering,2026-2027,Major Requirements,ECE 2514,Computational Engineering (C),3,
Electrical Engineering Major,College of Engineering,2026-2027,Major Requirements,ECE 2564,Embedded Systems (C),3,
Electrical Engineering Major,College of Engineering,2026-2027,Major Requirements,ECE 3106,Electromagnetic Fields,3,
Electrical Engineering Major,College of Engineering,2026-2027,Major Requirements,ECE 3204,Analog Electronics,3,
Electrical Engineering Major,College of Engineering,2026-2027,Major Requirements,ECE 3274,Analog Electronics Laboratory,1,
Electrical Engineering Major,College of Engineering,2026-2027,Major Requirements,ECE 3304,Introduction to Power Systems,3,
Electrical Engineering Major,College of Engineering,2026-2027,Major Requirements,ECE 3614,Introduction to Communication Systems,3,
Electrical Engineering Major,College of Engineering,2026-2027,Major Requirements,ECE 3704,Continuous and Discrete System Theory,3,
Electrical Engineering Major,College of Engineering,2026-2027,Additional Course Requirements,MATH 2114,Introduction to Linear Algebra (C-),3,
Electrical Engineering Major,College of Engineering,2026-2027,Additional Course Requirements,MATH 2204,Introduction to Multivariable Calculus (C-),3,
Electrical Engineering Major,College of Engineering,2026-2027,Additional Course Requirements,STAT 4714,Probability and Statistics for Electrical Engineers (C-),3,
Electrical Engineering Major,College of Engineering,2026-2027,Career Bridge Experience,ENGE 3900,Bridge Experience,0,
Electrical Engineering Major,College of Engineering,2026-2027,Pathways Concept 1 - Discourse,ENGL 1105,First-Year Writing (1F),3,
Electrical Engineering Major,College of Engineering,2026-2027,Pathways Concept 1 - Discourse,ENGL 1106,First-Year Writing (1F),3,
Electrical Engineering Major,College of Engineering,2026-2027,Pathways Concept 1 - Discourse,ECE 4805,Senior Design Project and Senior Design Project (1A),6,
Electrical Engineering Major,College of Engineering,2026-2027,Pathways Concept 4 - Reasoning in the Natural Sciences,PHYS 2305,Foundations of Physics,4,
Electrical Engineering Major,College of Engineering,2026-2027,Pathways Concept 4 - Reasoning in the Natural Sciences,PHYS 2306,Foundations of Physics,4,
Electrical Engineering Major,College of Engineering,2026-2027,Pathways Concept 5 - Quantitative and Computational Thinking,MATH 1225,Calculus of a Single Variable (5F ; C-),4,
Electrical Engineering Major,College of Engineering,2026-2027,Pathways Concept 5 - Quantitative and Computational Thinking,MATH 1226,Calculus of a Single Variable (5F),4,
Electrical Engineering Major,College of Engineering,2026-2027,Pathways Concept 5 - Quantitative and Computational Thinking,MATH 2214,Introduction to Differential Equations (5A ; C-),3,
Electrical Engineering Major,College of Engineering,2026-2027,Pathways Concept 6 - Critique and Practice in Design and the Arts,ENGE 1215,Foundations of Engineering and Foundations of Engineering (6D),4,
Industrial and Systems Engineering Major,College of Engineering,2026-2027,Degree Core Requirements,ISE 2004,Introduction to Industrial and Systems Engineering,1,
Industrial and Systems Engineering Major,College of Engineering,2026-2027,Degree Core Requirements,ISE 2014,Engineering Economy,2,
Industrial and Systems Engineering Major,College of Engineering,2026-2027,Degree Core Requirements,ISE 2024,Probability Foundations for Industrial and Systems Engineers,3,
Industrial and Systems Engineering Major,College of Engineering,2026-2027,Degree Core Requirements,ISE 2034,Data Management for Industrial and Systems Engineers,3,
Industrial and Systems Engineering Major,College of Engineering,2026-2027,Degree Core Requirements,ISE 2214,Manufacturing Processes Laboratory,1,
Industrial and Systems Engineering Major,College of Engineering,2026-2027,Degree Core Requirements,ISE 2404,Deterministic Operations Research I,3,
Industrial and Systems Engineering Major,College of Engineering,2026-2027,Degree Core Requirements,ISE 3214,Facilities Planning and Logistics,3,
Industrial and Systems Engineering Major,College of Engineering,2026-2027,Degree Core Requirements,ISE 3414,Probabilistic Operations Research,3,
Industrial and Systems Engineering Major,College of Engineering,2026-2027,Degree Core Requirements,ISE 3424,Discrete-Event Computer Simulation,3,
Industrial and Systems Engineering Major,College of Engineering,2026-2027,Degree Core Requirements,ISE 3614,Human Factors Engineering and Ergonomics,3,
Industrial and Systems Engineering Major,College of Engineering,2026-2027,Degree Core Requirements,ISE 3624,Industrial Ergonomics,3,
Industrial and Systems Engineering Major,College of Engineering,2026-2027,Degree Core Requirements,ISE 4005,Project Management and Systems Design,2,
Industrial and Systems Engineering Major,College of Engineering,2026-2027,Degree Core Requirements,ISE 4006,Project Management and Systems Design,2,
Industrial and Systems Engineering Major,College of Engineering,2026-2027,Degree Core Requirements,ISE 4204,Production Planning and Inventory Control,3,
Industrial and Systems Engineering Major,College of Engineering,2026-2027,Degree Core Requirements,ISE 4404,Statistical Quality Control,3,
Industrial and Systems Engineering Major,College of Engineering,2026-2027,Major Requirements,ESM 2104,Statics,3,
Industrial and Systems Engineering Major,College of Engineering,2026-2027,Major Requirements,ISE 2804,Foundations of Systems Engineering,3,
Industrial and Systems Engineering Major,College of Engineering,2026-2027,Major Requirements,MATH 2114,Introduction to Linear Algebra (C-),3,
Industrial and Systems Engineering Major,College of Engineering,2026-2027,Major Requirements,MATH 2204,Introduction to Multivariable Calculus (C-),3,
Industrial and Systems Engineering Major,College of Engineering,2026-2027,Major Requirements,STAT 4706,Probability and Statistics for Engineers (C-),3,
Industrial and Systems Engineering Major,College of Engineering,2026-2027,Career Bridge Experience,ENGE 3900,Bridge Experience,0,
Industrial and Systems Engineering Major,College of Engineering,2026-2027,Pathways Concept 1 - Discourse,ENGL 1105,First-Year Writing (1F),3,
Industrial and Systems Engineering Major,College of Engineering,2026-2027,Pathways Concept 1 - Discourse,ENGL 1106,First-Year Writing (1F),3,
Industrial and Systems Engineering Major,College of Engineering,2026-2027,Pathways Concept 1 - Discourse,ISE 3034,Technical Communication for Engineers (1A),3,
Industrial and Systems Engineering Major,College of Engineering,2026-2027,Pathways Concept 4 - Reasoning in the Natural Sciences,PHYS 2305,Foundations of Physics,4,
Industrial and Systems Engineering Major,College of Engineering,2026-2027,Pathways Concept 4 - Reasoning in the Natural Sciences,PHYS 2306,Foundations of Physics,4,
Industrial and Systems Engineering Major,College of Engineering,2026-2027,Pathways Concept 5 - Quantitative and Computational Thinking,MATH 1225,"Calculus of a Single Variable (5F, C-)",4,
Industrial and Systems Engineering Major,College of Engineering,2026-2027,Pathways Concept 5 - Quantitative and Computational Thinking,MATH 1226,Calculus of a Single Variable (5F),4,
Industrial and Systems Engineering Major,College of Engineering,2026-2027,Pathways Concept 5 - Quantitative and Computational Thinking,MATH 2214,"Introduction to Differential Equations (5A, C-)",3,
Industrial and Systems Engineering Major,College of Engineering,2026-2027,Pathways Concept 6 - Critique and Practice in Design and the Arts,ENGE 1215,Foundations of Engineering (6D),2,
Industrial and Systems Engineering Major,College of Engineering,2026-2027,Pathways Concept 6 - Critique and Practice in Design and the Arts,ENGE 1216,Foundations of Engineering (6D),2,
Materials Science and Engineering Major,College of Engineering,2026-2027,Degree Core Requirements,MSE 2044,Fundamentals of Materials Engineering (C),4,
Materials Science and Engineering Major,College of Engineering,2026-2027,Degree Core Requirements,MSE 2054,Fundamentals of Materials Science,3,
Materials Science and Engineering Major,College of Engineering,2026-2027,Degree Core Requirements,MSE 3044,Transport Phenomena in MSE,3,
Materials Science and Engineering Major,College of Engineering,2026-2027,Degree Core Requirements,MSE 3134,Crystallography and Crystal Structures,3,
Materials Science and Engineering Major,College of Engineering,2026-2027,Degree Core Requirements,MSE 3314,Materials Laboratory I,1,
Materials Science and Engineering Major,College of Engineering,2026-2027,Degree Core Requirements,MSE 4034,Thermodynamics of Materials Systems,3,
Materials Science and Engineering Major,College of Engineering,2026-2027,Degree Core Requirements,MSE 4424,Materials Laboratory II,1,
Materials Science and Engineering Major,College of Engineering,2026-2027,Major Requirements,MSE 2114,Math Programming MSE I,1,
Materials Science and Engineering Major,College of Engineering,2026-2027,Major Requirements,MSE 3054,Mechanical Behavior of Materials,3,
Materials Science and Engineering Major,College of Engineering,2026-2027,Major Requirements,MSE 3064,Mechanical Behavior of Materials Laboratory,1,
Materials Science and Engineering Major,College of Engineering,2026-2027,Major Requirements,MSE 3114,Mathematics Programming in Materials Science II,1,
Materials Science and Engineering Major,College of Engineering,2026-2027,Major Requirements,MSE 4055,Materials Selection and Design I and II,3,
Materials Science and Engineering Major,College of Engineering,2026-2027,Major Requirements,MSE 4644,Materials Optimization Through Designed Experiments,3,
Materials Science and Engineering Major,College of Engineering,2026-2027,Physical Materials Courses,MSE 3204,Fundamentals of Electronic Materials,3,
Materials Science and Engineering Major,College of Engineering,2026-2027,Physical Materials Courses,MSE 3304,Physical Metallurgy,3,
Materials Science and Engineering Major,College of Engineering,2026-2027,Physical Materials Courses,MSE 4414,Physical Ceramics,3,
Materials Science and Engineering Major,College of Engineering,2026-2027,Physical Materials Courses,MSE 4554,Polymer Engineering,3,
Materials Science and Engineering Major,College of Engineering,2026-2027,Additional Course Requirements,CHEM 1035,General Chemistry,3,
Materials Science and Engineering Major,College of Engineering,2026-2027,Additional Course Requirements,CHEM 1036,General Chemistry,3,
Materials Science and Engineering Major,College of Engineering,2026-2027,Additional Course Requirements,CHEM 1045,General Chemistry Laboratory,1,
Materials Science and Engineering Major,College of Engineering,2026-2027,Additional Course Requirements,ESM 2104,Statics,3,
Materials Science and Engineering Major,College of Engineering,2026-2027,Additional Course Requirements,ESM 2204,Mechanics of Deformable Bodies,3,
Materials Science and Engineering Major,College of Engineering,2026-2027,Additional Course Requirements,ISE 2214,Manufacturing Processes Laboratory,1,
Materials Science and Engineering Major,College of Engineering,2026-2027,Additional Course Requirements,MATH 2114,Introduction to Linear Algebra,3,
Materials Science and Engineering Major,College of Engineering,2026-2027,Additional Course Requirements,MATH 2204,Introduction to Multivariable Calculus,3,
Materials Science and Engineering Major,College of Engineering,2026-2027,Career Bridge Exeperience,ENGE 3900,Bridge Experience,0,
Materials Science and Engineering Major,College of Engineering,2026-2027,Pathways Concept 1 - Discourse,ENGL 1105,First-Year Writing (1F),3,
Materials Science and Engineering Major,College of Engineering,2026-2027,Pathways Concept 1 - Discourse,ENGL 1106,First-Year Writing (1F),3,
Materials Science and Engineering Major,College of Engineering,2026-2027,Pathways Concept 1 - Discourse,MSE 2884,Materials Engineering Professional Development I (1A),1,
Materials Science and Engineering Major,College of Engineering,2026-2027,Pathways Concept 1 - Discourse,MSE 3884,Materials Engineering Professional Development II (1A),1,
Materials Science and Engineering Major,College of Engineering,2026-2027,Pathways Concept 1 - Discourse,MSE 4085,Senior Capstone Recitation (1A) 1,2,
Materials Science and Engineering Major,College of Engineering,2026-2027,Pathways Concept 1 - Discourse,MSE 4086,Senior Capstone Recitation (1A) 1,1,
Materials Science and Engineering Major,College of Engineering,2026-2027,Pathways Concept 3 - Reasoning in the Social Sciences,ECON 2005,Principles of Economics,3,
Materials Science and Engineering Major,College of Engineering,2026-2027,Pathways Concept 4 - Reasoning in the Natural Sciences,PHYS 2305,Foundations of Physics,4,
Materials Science and Engineering Major,College of Engineering,2026-2027,Pathways Concept 4 - Reasoning in the Natural Sciences,PHYS 2306,Foundations of Physics,4,
Materials Science and Engineering Major,College of Engineering,2026-2027,Pathways Concept 5 - Quantitative and Computational Thinking,MATH 1225,Calculus of a Single Variable (#QUANT-5F; C-),4,
Materials Science and Engineering Major,College of Engineering,2026-2027,Pathways Concept 5 - Quantitative and Computational Thinking,MATH 1226,Calculus of a Single Variable (5F),4,
Materials Science and Engineering Major,College of Engineering,2026-2027,Pathways Concept 5 - Quantitative and Computational Thinking,MATH 2214,Introduction to Differential Equations (5A),3,
Materials Science and Engineering Major,College of Engineering,2026-2027,Pathways Concept 6 - Critique and Practice in Design and the Arts,ENGE 1215,Foundations of Engineering and Foundations of Engineering (6D),4,
Mechanical Engineering Major,College of Engineering,2026-2027,Degree Core Requirements,ME 2004,Engineering Analysis Using Numerical Methods,3,
Mechanical Engineering Major,College of Engineering,2026-2027,Degree Core Requirements,ME 2114,Introduction to Thermal and Fluid Engineering,2,
Mechanical Engineering Major,College of Engineering,2026-2027,Degree Core Requirements,ME 3304,Heat and Mass Transfer,3,
Mechanical Engineering Major,College of Engineering,2026-2027,Degree Core Requirements,ME 3404,Fluid Mechanics,3,
Mechanical Engineering Major,College of Engineering,2026-2027,Degree Core Requirements,ME 3534,Controls Engineering I (w lab),4,
Mechanical Engineering Major,College of Engineering,2026-2027,Degree Core Requirements,ME 3624,Mechanical Design (w lab),4,
Mechanical Engineering Major,College of Engineering,2026-2027,Degree Core Requirements,ME 4005,Mechanical Engineering Lab,3,
Mechanical Engineering Major,College of Engineering,2026-2027,Major Requirements,ME 3024,Engineering Design and Economics,3,
Mechanical Engineering Major,College of Engineering,2026-2027,Major Requirements,ME 3124,Thermodynamics,3,
Mechanical Engineering Major,College of Engineering,2026-2027,Major Requirements,ME 3524,Mechanical Vibrations,4,
Mechanical Engineering Major,College of Engineering,2026-2027,Major Requirements,CHEM 1035,General Chemistry,3,
Mechanical Engineering Major,College of Engineering,2026-2027,Major Requirements,CHEM 1045,General Chemistry Laboratory,1,
Mechanical Engineering Major,College of Engineering,2026-2027,Major Requirements,ECE 2054,Applied Electrical Theory,3,
Mechanical Engineering Major,College of Engineering,2026-2027,Major Requirements,ESM 2104,Statics,3,
Mechanical Engineering Major,College of Engineering,2026-2027,Major Requirements,ESM 2204,Mechanics of Deformable Bodies,3,
Mechanical Engineering Major,College of Engineering,2026-2027,Major Requirements,ESM 2304,Dynamics,3,
Mechanical Engineering Major,College of Engineering,2026-2027,Major Requirements,ISE 2214,Manufacturing Processes Laboratory,1,
Mechanical Engineering Major,College of Engineering,2026-2027,Major Requirements,MATH 2114,Introduction to Linear Algebra,3,
Mechanical Engineering Major,College of Engineering,2026-2027,Major Requirements,MATH 2204,Introduction to Multivariable Calculus,3,
Mechanical Engineering Major,College of Engineering,2026-2027,Major Requirements,MSE 2034,Elements of Materials Engineering,3,
Mechanical Engineering Major,College of Engineering,2026-2027,Major Requirements,STAT 3704,Statistics for Engineering Applications,2,
Mechanical Engineering Major,College of Engineering,2026-2027,Major Requirements,ENGE 3900,Bridge Experience 1,0,
Mechanical Engineering Major,College of Engineering,2026-2027,Pathways Concept 1 - Discourse,ENGL 1105,First-Year Writing (1F),3,
Mechanical Engineering Major,College of Engineering,2026-2027,Pathways Concept 1 - Discourse,ENGL 1106,First-Year Writing (1F),3,
Mechanical Engineering Major,College of Engineering,2026-2027,Pathways Concept 1 - Discourse,ME 4015,Engineering Design and Project and Engineering Design and Project (1A) 3,6,
Mechanical Engineering Major,College of Engineering,2026-2027,Pathways Concept 4 - Reasoning in the Natural Sciences,PHYS 2305,Foundations of Physics,4,
Mechanical Engineering Major,College of Engineering,2026-2027,Pathways Concept 4 - Reasoning in the Natural Sciences,PHYS 2306,Foundations of Physics,4,
Mechanical Engineering Major,College of Engineering,2026-2027,Pathways Concept 5 - Quantitative and Computational Thinking,MATH 1225,Calculus of a Single Variable (5F) 4,4,
Mechanical Engineering Major,College of Engineering,2026-2027,Pathways Concept 5 - Quantitative and Computational Thinking,MATH 1226,Calculus of a Single Variable (5F) 4,4,
Mechanical Engineering Major,College of Engineering,2026-2027,Pathways Concept 5 - Quantitative and Computational Thinking,MATH 2214,Introduction to Differential Equations (5A),3,
Mechanical Engineering Major,College of Engineering,2026-2027,Pathways Concept 6 - Critique and Practice in Design and the Arts,ENGE 1215,Foundations of Engineering and Foundations of Engineering (6D),4,
Mining Engineering Major,College of Engineering,2026-2027,Degree Core Requirements,MINE 2504,Introduction to Mining Engineering,3,
Mining Engineering Major,College of Engineering,2026-2027,Degree Core Requirements,MINE 2564,Resource Exploration and Design,3,
Mining Engineering Major,College of Engineering,2026-2027,Degree Core Requirements,MINE 3564,Underground Mine Design,3,
Mining Engineering Major,College of Engineering,2026-2027,Degree Core Requirements,MINE 3574,Surface Mine and Quarry Design,3,
Mining Engineering Major,College of Engineering,2026-2027,Degree Core Requirements,MINE 3604,Mining Geomechanics,3,
Mining Engineering Major,College of Engineering,2026-2027,Degree Core Requirements,MINE 3624,Mineral Resource Project Management,3,
Mining Engineering Major,College of Engineering,2026-2027,Degree Core Requirements,MINE 4614,Health and Safety Systems,3,
Mining Engineering Major,College of Engineering,2026-2027,Degree Core Requirements,MINE 4644,Environmental Management for Mining and Geoenergy,2,
Mining Engineering Major,College of Engineering,2026-2027,Major Requirements,ESM 2104,Statics,3,
Mining Engineering Major,College of Engineering,2026-2027,Major Requirements,ESM 2204,Mechanics of Deformable Bodies,3,
Mining Engineering Major,College of Engineering,2026-2027,Major Requirements,ESM 2304,Dynamics,3,
Mining Engineering Major,College of Engineering,2026-2027,Major Requirements,GEOS 1004,"Earth Science: Our Past, Present, and Future",3,
Mining Engineering Major,College of Engineering,2026-2027,Major Requirements,GEOS 1104,Introduction to Earth Sciences Laboratory,1,
Mining Engineering Major,College of Engineering,2026-2027,Major Requirements,GEOS 3404,Elements of Structural Geology,3,
Mining Engineering Major,College of Engineering,2026-2027,Major Requirements,GEOS 4624,Mineral Deposits,3,
Mining Engineering Major,College of Engineering,2026-2027,Major Requirements,MATH 2114,Introduction to Linear Algebra,3,
Mining Engineering Major,College of Engineering,2026-2027,Major Requirements,MATH 2204,Introduction to Multivariable Calculus,3,
Mining Engineering Major,College of Engineering,2026-2027,Major Requirements,MINE 2534,Mine Surveying and Mapping,3,
Mining Engineering Major,College of Engineering,2026-2027,Major Requirements,MINE 3584,Ventilation Engineering,3,
Mining Engineering Major,College of Engineering,2026-2027,Major Requirements,MINE 3634,Fundamentals of Mineral Processing,3,
Mining Engineering Major,College of Engineering,2026-2027,Major Requirements,MINE 3644,Applications in Mineral Processing,2,
Mining Engineering Major,College of Engineering,2026-2027,Major Requirements,MINE 3664,Fluids and Thermodynamics for Resources,3,
Mining Engineering Major,College of Engineering,2026-2027,Major Requirements,MINE 3674,Explosives and Rock Fragmentation,3,
Mining Engineering Major,College of Engineering,2026-2027,Major Requirements,MINE 4624,Mine and Water Reservoir Engineering,3,
Mining Engineering Major,College of Engineering,2026-2027,Major Requirements,MINE 4654,Mine Power Systems and Automation,3,
Mining Engineering Major,College of Engineering,2026-2027,Major Requirements,MINE 4664,Resource Engineering Leadership Seminar,1,
Mining Engineering Major,College of Engineering,2026-2027,Career Bridge Experience,ENGE 3900,Bridge Experience,0,
Mining Engineering Major,College of Engineering,2026-2027,Pathways Concept 1 - Discourse,ENGL 1105,First-Year Writing (1F),3,
Mining Engineering Major,College of Engineering,2026-2027,Pathways Concept 1 - Discourse,ENGL 1106,First-Year Writing (1F),3,
Mining Engineering Major,College of Engineering,2026-2027,Pathways Concept 1 - Discourse,MINE 2544,Leadership for Responsible Mining (1A),2,
Mining Engineering Major,College of Engineering,2026-2027,Pathways Concept 1 - Discourse,MINE 4635,Mining Engineering Capstone (1A),2,
Mining Engineering Major,College of Engineering,2026-2027,Pathways Concept 1 - Discourse,MINE 4636,Mining Engineering Capstone (1A),2,
Mining Engineering Major,College of Engineering,2026-2027,Pathways Concept 4 - Reasoning in the Natural Sciences,CHEM 1035,General Chemistry,3,
Mining Engineering Major,College of Engineering,2026-2027,Pathways Concept 4 - Reasoning in the Natural Sciences,CHEM 1045,General Chemistry Laboratory,1,
Mining Engineering Major,College of Engineering,2026-2027,Pathways Concept 4 - Reasoning in the Natural Sciences,PHYS 2305,Foundations of Physics,4,
Mining Engineering Major,College of Engineering,2026-2027,Pathways Concept 5 - Quantitative and Computational Thinking,MATH 1225,Calculus of a Single Variable (5F ; C-),4,
Mining Engineering Major,College of Engineering,2026-2027,Pathways Concept 5 - Quantitative and Computational Thinking,MATH 1226,Calculus of a Single Variable (5F),4,
Mining Engineering Major,College of Engineering,2026-2027,Pathways Concept 5 - Quantitative and Computational Thinking,MATH 2214,Introduction to Differential Equations (5A),3,
Mining Engineering Major,College of Engineering,2026-2027,Pathways Concept 6 - Critique and Practice in Design and the Arts,ENGE 1215,Foundations of Engineering and Foundations of Engineering (C-),4,
Biological Sciences Major with Bioinformatics Option,College of Science,2026-2027,Degree Core Requirements,BIOL 1115,Principles of Biology Laboratory 1,1,
Biological Sciences Major with Bioinformatics Option,College of Science,2026-2027,Degree Core Requirements,BIOL 1116,Principles of Biology Laboratory 1,1,
Biological Sciences Major with Bioinformatics Option,College of Science,2026-2027,Degree Core Requirements,BIOL 2004,Genetics #,3,
Biological Sciences Major with Bioinformatics Option,College of Science,2026-2027,Degree Core Requirements,BIOL 2134,Cell Function and Differentiation #,3,
Biological Sciences Major with Bioinformatics Option,College of Science,2026-2027,Degree Core Requirements,BIOL 2704,Evolutionary Biology #,3,
Biological Sciences Major with Bioinformatics Option,College of Science,2026-2027,Degree Core Requirements,BIOL 2804,Ecology #,3,
Biological Sciences Major with Bioinformatics Option,College of Science,2026-2027,Degree Core Requirements,CHEM 1035,General Chemistry 1,3,
Biological Sciences Major with Bioinformatics Option,College of Science,2026-2027,Degree Core Requirements,CHEM 1036,General Chemistry 1,3,
Biological Sciences Major with Bioinformatics Option,College of Science,2026-2027,Major Requirements,BIOL 1004,Biology Orientation Seminar,1,
Biological Sciences Major with Bioinformatics Option,College of Science,2026-2027,Major Requirements,CHEM 1045,General Chemistry Laboratory,1,
Biological Sciences Major with Bioinformatics Option,College of Science,2026-2027,Major Requirements,CHEM 1046,General Chemistry Laboratory,1,
Biological Sciences Major with Bioinformatics Option,College of Science,2026-2027,Major Requirements,CHEM 2535,Organic Chemistry,3,
Biological Sciences Major with Bioinformatics Option,College of Science,2026-2027,Major Requirements,CHEM 2536,Organic Chemistry,3,
Biological Sciences Major with Bioinformatics Option,College of Science,2026-2027,Major Requirements,CHEM 2545,Organic Chemistry Laboratory,1,
Biological Sciences Major with Bioinformatics Option,College of Science,2026-2027,Major Requirements,CHEM 2546,Organic Chemistry Laboratory,1,
Biological Sciences Major with Bioinformatics Option,College of Science,2026-2027,Major Requirements,PHYS 2205,General Physics,3,
Biological Sciences Major with Bioinformatics Option,College of Science,2026-2027,Major Requirements,PHYS 2206,General Physics,3,
Biological Sciences Major with Bioinformatics Option,College of Science,2026-2027,Major Requirements,PHYS 2215,General Physics Laboratory,1,
Biological Sciences Major with Bioinformatics Option,College of Science,2026-2027,Major Requirements,PHYS 2216,General Physics Laboratory,1,
Biological Sciences Major with Bioinformatics Option,College of Science,2026-2027,Option Required Courses,BIOL 2214,Introduction to Computational Biology #,3,
Biological Sciences Major with Bioinformatics Option,College of Science,2026-2027,Option Required Courses,BIOL 2604,General Microbiology #,3,
Biological Sciences Major with Bioinformatics Option,College of Science,2026-2027,Option Required Courses,BIOL 3774,Molecular Biology #,3,
Biological Sciences Major with Bioinformatics Option,College of Science,2026-2027,Option Required Courses,BIOL 3824,Careers in Bioinformatics #,3,
Biological Sciences Major with Bioinformatics Option,College of Science,2026-2027,Option Required Courses,BIOL 4814,Genomics of Infectious Disease #,3,
Biological Sciences Major with Bioinformatics Option,College of Science,2026-2027,Option Required Courses,BIOL 4824,Bioinformatics Methods #,3,
Biological Sciences Major with Bioinformatics Option,College of Science,2026-2027,Pathways Concept 1 - Discourse,ENGL 1105,First-Year Writing (1F),3,
Biological Sciences Major with Bioinformatics Option,College of Science,2026-2027,Pathways Concept 1 - Discourse,ENGL 1106,First-Year Writing (1F),3,
Biological Sciences Major with Bioinformatics Option,College of Science,2026-2027,Pathways Concept 4 - Reasoning in the Natural Sciences,BIOL 1105,Principles of Biology 1,3,
Biological Sciences Major with Bioinformatics Option,College of Science,2026-2027,Pathways Concept 4 - Reasoning in the Natural Sciences,BIOL 1106,Principles of Biology 1,3,
Biological Sciences Major with Bioinformatics Option,College of Science,2026-2027,Pathways Concept 5 - Quantitative and Computational Thinking,MATH 1025,Elementary Calculus (5F),3,
Biological Sciences Major with Bioinformatics Option,College of Science,2026-2027,Pathways Concept 5 - Quantitative and Computational Thinking,MATH 1026,Elementary Calculus (5F),3,
Biological Sciences Major with Bioinformatics Option,College of Science,2026-2027,Pathways Concept 5 - Quantitative and Computational Thinking,STAT 3615,Biological Statistics (5A),3,
Biological Sciences Major with Science Education Option,College of Science,2026-2027,Degree Core Requirements,BIOL 1115,Principles of Biology Laboratory 1,1,
Biological Sciences Major with Science Education Option,College of Science,2026-2027,Degree Core Requirements,BIOL 1116,Principles of Biology Laboratory 1,1,
Biological Sciences Major with Science Education Option,College of Science,2026-2027,Degree Core Requirements,BIOL 2004,Genetics #,3,
Biological Sciences Major with Science Education Option,College of Science,2026-2027,Degree Core Requirements,BIOL 2134,Cell Function and Differentiation #,3,
Biological Sciences Major with Science Education Option,College of Science,2026-2027,Degree Core Requirements,BIOL 2704,Evolutionary Biology #,3,
Biological Sciences Major with Science Education Option,College of Science,2026-2027,Degree Core Requirements,BIOL 2804,Ecology #,3,
Biological Sciences Major with Science Education Option,College of Science,2026-2027,Degree Core Requirements,CHEM 1035,General Chemistry 1,3,
Biological Sciences Major with Science Education Option,College of Science,2026-2027,Degree Core Requirements,CHEM 1036,General Chemistry 1,3,
Biological Sciences Major with Science Education Option,College of Science,2026-2027,Major Requirements,BIOL 1004,Biology Orientation Seminar 3,1,
Biological Sciences Major with Science Education Option,College of Science,2026-2027,Major Requirements,CHEM 1045,General Chemistry Laboratory,1,
Biological Sciences Major with Science Education Option,College of Science,2026-2027,Major Requirements,CHEM 1046,General Chemistry Laboratory,1,
Biological Sciences Major with Science Education Option,College of Science,2026-2027,Major Requirements,CHEM 2535,Organic Chemistry #,3,
Biological Sciences Major with Science Education Option,College of Science,2026-2027,Major Requirements,CHEM 2536,Organic Chemistry #,3,
Biological Sciences Major with Science Education Option,College of Science,2026-2027,Major Requirements,CHEM 2545,Organic Chemistry Laboratory #,1,
Biological Sciences Major with Science Education Option,College of Science,2026-2027,Major Requirements,CHEM 2546,Organic Chemistry Laboratory #,1,
Biological Sciences Major with Science Education Option,College of Science,2026-2027,Major Requirements,PHYS 2205,General Physics #,3,
Biological Sciences Major with Science Education Option,College of Science,2026-2027,Major Requirements,PHYS 2206,General Physics #,3,
Biological Sciences Major with Science Education Option,College of Science,2026-2027,Major Requirements,PHYS 2215,General Physics Laboratory #,1,
Biological Sciences Major with Science Education Option,College of Science,2026-2027,Major Requirements,PHYS 2216,General Physics Laboratory #,1,
Biological Sciences Major with Science Education Option,College of Science,2026-2027,Option Required Courses,BIOL 2304,Plant Biology #,3,
Biological Sciences Major with Science Education Option,College of Science,2026-2027,Option Required Courses,BIOL 2504,General Zoology #,3,
Biological Sciences Major with Science Education Option,College of Science,2026-2027,Option Required Courses,BIOL 2604,General Microbiology #,3,
Biological Sciences Major with Science Education Option,College of Science,2026-2027,Option Required Courses,BIOL 2614,General Microbiology Laboratory #,1-2,
Biological Sciences Major with Science Education Option,College of Science,2026-2027,Option Required Courses,BMSP 2135,Human Anatomy & Physiology #,3,
Biological Sciences Major with Science Education Option,College of Science,2026-2027,Option Required Courses,GEOS 1014,Evolution of the Earth-Life System,3,
Biological Sciences Major with Science Education Option,College of Science,2026-2027,Pathways Concept 1 - Discourse,ENGL 1105,First-Year Writing (1F),3,
Biological Sciences Major with Science Education Option,College of Science,2026-2027,Pathways Concept 1 - Discourse,ENGL 1106,First-Year Writing (1F),3,
Biological Sciences Major with Science Education Option,College of Science,2026-2027,Pathways Concept 4 - Reasoning in the Natural Sciences,BIOL 1105,Principles of Biology 1,3,
Biological Sciences Major with Science Education Option,College of Science,2026-2027,Pathways Concept 4 - Reasoning in the Natural Sciences,BIOL 1106,Principles of Biology 1,3,
Biological Sciences Major with Science Education Option,College of Science,2026-2027,Pathways Concept 5 - Quantitative and Computational Thinking,MATH 1025,Elementary Calculus (5F),3,
Biological Sciences Major with Science Education Option,College of Science,2026-2027,Pathways Concept 5 - Quantitative and Computational Thinking,MATH 1026,Elementary Calculus (5F),3,
Biological Sciences Major with Science Education Option,College of Science,2026-2027,Pathways Concept 5 - Quantitative and Computational Thinking,STAT 3615,Biological Statistics (5A) #,3,
Biological Sciences Major with Biomedical Option,College of Science,2026-2027,Degree Core Requirements,BIOL 1115,Principles of Biology Laboratory 1,1,
Biological Sciences Major with Biomedical Option,College of Science,2026-2027,Degree Core Requirements,BIOL 1116,Principles of Biology Laboratory 1,1,
Biological Sciences Major with Biomedical Option,College of Science,2026-2027,Degree Core Requirements,BIOL 2004,Genetics #,3,
Biological Sciences Major with Biomedical Option,College of Science,2026-2027,Degree Core Requirements,BIOL 2134,Cell Function and Differentiation #,3,
Biological Sciences Major with Biomedical Option,College of Science,2026-2027,Degree Core Requirements,BIOL 2704,Evolutionary Biology #,3,
Biological Sciences Major with Biomedical Option,College of Science,2026-2027,Degree Core Requirements,BIOL 2804,Ecology #,3,
Biological Sciences Major with Biomedical Option,College of Science,2026-2027,Degree Core Requirements,CHEM 1035,General Chemistry 1,3,
Biological Sciences Major with Biomedical Option,College of Science,2026-2027,Degree Core Requirements,CHEM 1036,General Chemistry 1,3,
Biological Sciences Major with Biomedical Option,College of Science,2026-2027,Major Requirements,BIOL 1004,Biology Orientation Seminar 2,1,
Biological Sciences Major with Biomedical Option,College of Science,2026-2027,Major Requirements,CHEM 1045,General Chemistry Laboratory,1,
Biological Sciences Major with Biomedical Option,College of Science,2026-2027,Major Requirements,CHEM 1046,General Chemistry Laboratory,1,
Biological Sciences Major with Biomedical Option,College of Science,2026-2027,Major Requirements,CHEM 2535,Organic Chemistry #,3,
Biological Sciences Major with Biomedical Option,College of Science,2026-2027,Major Requirements,CHEM 2536,Organic Chemistry #,3,
Biological Sciences Major with Biomedical Option,College of Science,2026-2027,Major Requirements,CHEM 2545,Organic Chemistry Laboratory #,1,
Biological Sciences Major with Biomedical Option,College of Science,2026-2027,Major Requirements,CHEM 2546,Organic Chemistry Laboratory #,1,
Biological Sciences Major with Biomedical Option,College of Science,2026-2027,Major Requirements,PHYS 2205,General Physics #,3,
Biological Sciences Major with Biomedical Option,College of Science,2026-2027,Major Requirements,PHYS 2206,General Physics #,3,
Biological Sciences Major with Biomedical Option,College of Science,2026-2027,Major Requirements,PHYS 2215,General Physics Laboratory #,1,
Biological Sciences Major with Biomedical Option,College of Science,2026-2027,Major Requirements,PHYS 2216,General Physics Laboratory #,1,
Biological Sciences Major with Biomedical Option,College of Science,2026-2027,Option Required Courses,BIOL 2604,General Microbiology #,3,
Biological Sciences Major with Biomedical Option,College of Science,2026-2027,Option Required Courses,BIOL 2614,General Microbiology Laboratory #,1-2,
Biological Sciences Major with Biomedical Option,College of Science,2026-2027,Pathways Concept 1 - Discourse,ENGL 1105,First-Year Writing (1F),3,
Biological Sciences Major with Biomedical Option,College of Science,2026-2027,Pathways Concept 1 - Discourse,ENGL 1106,First-Year Writing (1F),3,
Biological Sciences Major with Biomedical Option,College of Science,2026-2027,Pathways Concept 4 - Reasoning in the Natural Sciences,BIOL 1105,Principles of Biology 1,3,
Biological Sciences Major with Biomedical Option,College of Science,2026-2027,Pathways Concept 4 - Reasoning in the Natural Sciences,BIOL 1106,Principles of Biology 1,3,
Biological Sciences Major with Biomedical Option,College of Science,2026-2027,Pathways Concept 5 - Quantitative and Computational Thinking,MATH 1025,Elementary Calculus (5F),3,
Biological Sciences Major with Biomedical Option,College of Science,2026-2027,Pathways Concept 5 - Quantitative and Computational Thinking,MATH 1026,Elementary Calculus (5F),3,
Biological Sciences Major with Biomedical Option,College of Science,2026-2027,Pathways Concept 5 - Quantitative and Computational Thinking,STAT 3615,Biological Statistics (5A) #,3,
"Biological Sciences Major with Ecology, Evolution, and Behavior Option",College of Science,2026-2027,Degree Core Requirements,BIOL 1115,Principles of Biology Laboratory 1,1,
"Biological Sciences Major with Ecology, Evolution, and Behavior Option",College of Science,2026-2027,Degree Core Requirements,BIOL 1116,Principles of Biology Laboratory 1,1,
"Biological Sciences Major with Ecology, Evolution, and Behavior Option",College of Science,2026-2027,Degree Core Requirements,BIOL 2004,Genetics #,3,
"Biological Sciences Major with Ecology, Evolution, and Behavior Option",College of Science,2026-2027,Degree Core Requirements,BIOL 2134,Cell Function and Differentiation #,3,
"Biological Sciences Major with Ecology, Evolution, and Behavior Option",College of Science,2026-2027,Degree Core Requirements,BIOL 2704,Evolutionary Biology #,3,
"Biological Sciences Major with Ecology, Evolution, and Behavior Option",College of Science,2026-2027,Degree Core Requirements,BIOL 2804,Ecology #,3,
"Biological Sciences Major with Ecology, Evolution, and Behavior Option",College of Science,2026-2027,Degree Core Requirements,CHEM 1035,General Chemistry 1,3,
"Biological Sciences Major with Ecology, Evolution, and Behavior Option",College of Science,2026-2027,Degree Core Requirements,CHEM 1036,General Chemistry 1,3,
"Biological Sciences Major with Ecology, Evolution, and Behavior Option",College of Science,2026-2027,Major Requirements,BIOL 1004,Biology Orientation Seminar 2,1,
"Biological Sciences Major with Ecology, Evolution, and Behavior Option",College of Science,2026-2027,Major Requirements,CHEM 1045,General Chemistry Laboratory,1,
"Biological Sciences Major with Ecology, Evolution, and Behavior Option",College of Science,2026-2027,Major Requirements,CHEM 1046,General Chemistry Laboratory,1,
"Biological Sciences Major with Ecology, Evolution, and Behavior Option",College of Science,2026-2027,Major Requirements,CHEM 2535,Organic Chemistry #,3,
"Biological Sciences Major with Ecology, Evolution, and Behavior Option",College of Science,2026-2027,Major Requirements,CHEM 2536,Organic Chemistry #,3,
"Biological Sciences Major with Ecology, Evolution, and Behavior Option",College of Science,2026-2027,Major Requirements,CHEM 2545,Organic Chemistry Laboratory #,1,
"Biological Sciences Major with Ecology, Evolution, and Behavior Option",College of Science,2026-2027,Major Requirements,CHEM 2546,Organic Chemistry Laboratory #,1,
"Biological Sciences Major with Ecology, Evolution, and Behavior Option",College of Science,2026-2027,Major Requirements,PHYS 2205,General Physics #,3,
"Biological Sciences Major with Ecology, Evolution, and Behavior Option",College of Science,2026-2027,Major Requirements,PHYS 2206,General Physics #,3,
"Biological Sciences Major with Ecology, Evolution, and Behavior Option",College of Science,2026-2027,Major Requirements,PHYS 2215,General Physics Laboratory #,1,
"Biological Sciences Major with Ecology, Evolution, and Behavior Option",College of Science,2026-2027,Major Requirements,PHYS 2216,General Physics Laboratory #,1,
"Biological Sciences Major with Ecology, Evolution, and Behavior Option",College of Science,2026-2027,Pathways Concept 1 - Discourse,ENGL 1105,First-Year Writing (1F),3,
"Biological Sciences Major with Ecology, Evolution, and Behavior Option",College of Science,2026-2027,Pathways Concept 1 - Discourse,ENGL 1106,First-Year Writing (1F),3,
"Biological Sciences Major with Ecology, Evolution, and Behavior Option",College of Science,2026-2027,Pathways Concept 4 - Reasoning in the Natural Sciences,BIOL 1105,Principles of Biology 1,3,
"Biological Sciences Major with Ecology, Evolution, and Behavior Option",College of Science,2026-2027,Pathways Concept 4 - Reasoning in the Natural Sciences,BIOL 1106,Principles of Biology 1,3,
"Biological Sciences Major with Ecology, Evolution, and Behavior Option",College of Science,2026-2027,Pathways Concept 5 - Quantitative and Computational Thinking,MATH 1025,Elementary Calculus (5F),3,
"Biological Sciences Major with Ecology, Evolution, and Behavior Option",College of Science,2026-2027,Pathways Concept 5 - Quantitative and Computational Thinking,MATH 1026,Elementary Calculus (5F),3,
"Biological Sciences Major with Ecology, Evolution, and Behavior Option",College of Science,2026-2027,Pathways Concept 5 - Quantitative and Computational Thinking,STAT 3615,Biological Statistics (5A) #,3,
Biological Sciences Major,College of Science,2026-2027,Degree Core Requirements,BIOL 1115,Principles of Biology Laboratory 1,1,
Biological Sciences Major,College of Science,2026-2027,Degree Core Requirements,BIOL 1116,Principles of Biology Laboratory 1,1,
Biological Sciences Major,College of Science,2026-2027,Degree Core Requirements,BIOL 2004,Genetics #,3,
Biological Sciences Major,College of Science,2026-2027,Degree Core Requirements,BIOL 2134,Cell Function and Differentiation #,3,
Biological Sciences Major,College of Science,2026-2027,Degree Core Requirements,BIOL 2704,Evolutionary Biology #,3,
Biological Sciences Major,College of Science,2026-2027,Degree Core Requirements,BIOL 2804,Ecology #,3,
Biological Sciences Major,College of Science,2026-2027,Degree Core Requirements,CHEM 1035,General Chemistry 1,3,
Biological Sciences Major,College of Science,2026-2027,Degree Core Requirements,CHEM 1036,General Chemistry 1,3,
Biological Sciences Major,College of Science,2026-2027,Major Requirements,BIOL 1004,Biology Orientation Seminar 2,1,
Biological Sciences Major,College of Science,2026-2027,Major Requirements,CHEM 1045,General Chemistry Laboratory,1,
Biological Sciences Major,College of Science,2026-2027,Major Requirements,CHEM 1046,General Chemistry Laboratory,1,
Biological Sciences Major,College of Science,2026-2027,Major Requirements,CHEM 2535,Organic Chemistry #,3,
Biological Sciences Major,College of Science,2026-2027,Major Requirements,CHEM 2536,Organic Chemistry #,3,
Biological Sciences Major,College of Science,2026-2027,Major Requirements,CHEM 2545,Organic Chemistry Laboratory #,1,
Biological Sciences Major,College of Science,2026-2027,Major Requirements,CHEM 2546,Organic Chemistry Laboratory #,1,
Biological Sciences Major,College of Science,2026-2027,Major Requirements,PHYS 2205,General Physics #,3,
Biological Sciences Major,College of Science,2026-2027,Major Requirements,PHYS 2206,General Physics #,3,
Biological Sciences Major,College of Science,2026-2027,Major Requirements,PHYS 2215,General Physics Laboratory #,1,
Biological Sciences Major,College of Science,2026-2027,Major Requirements,PHYS 2216,General Physics Laboratory #,1,
Biological Sciences Major,College of Science,2026-2027,Pathways Concept 1 - Discourse,ENGL 1105,First-Year Writing (1F),3,
Biological Sciences Major,College of Science,2026-2027,Pathways Concept 1 - Discourse,ENGL 1106,First-Year Writing (1F),3,
Biological Sciences Major,College of Science,2026-2027,Pathways Concept 4 - Reasoning in the Natural Sciences,BIOL 1105,Principles of Biology 1,3,
Biological Sciences Major,College of Science,2026-2027,Pathways Concept 4 - Reasoning in the Natural Sciences,BIOL 1106,Principles of Biology 1,3,
Biological Sciences Major,College of Science,2026-2027,Pathways Concept 5 - Quantitative and Computational Thinking,MATH 1025,Elementary Calculus (5F),3,
Biological Sciences Major,College of Science,2026-2027,Pathways Concept 5 - Quantitative and Computational Thinking,MATH 1026,Elementary Calculus (5F),3,
Biological Sciences Major,College of Science,2026-2027,Pathways Concept 5 - Quantitative and Computational Thinking,STAT 3615,Biological Statistics (5A) #,3,
Microbiology Major with Biomedical Option,College of Science,2026-2027,Degree Core Requirements,BIOL 2004,Genetics #,3,
Microbiology Major with Biomedical Option,College of Science,2026-2027,Degree Core Requirements,BIOL 2134,Cell Function and Differentiation #,3,
Microbiology Major with Biomedical Option,College of Science,2026-2027,Degree Core Requirements,BIOL 2604,"General Microbiology 1,#",3,
Microbiology Major with Biomedical Option,College of Science,2026-2027,Degree Core Requirements,BIOL 2614,"General Microbiology Laboratory 1,#",1-2,
Microbiology Major with Biomedical Option,College of Science,2026-2027,Degree Core Requirements,BIOL 4624,Microbial Genetics #,3,
Microbiology Major with Biomedical Option,College of Science,2026-2027,Degree Core Requirements,BIOL 4634,Microbial Physiology #,3,
Microbiology Major with Biomedical Option,College of Science,2026-2027,Degree Core Requirements,BIOL 3764,Careers in Microbiology #,3,
Microbiology Major with Biomedical Option,College of Science,2026-2027,Degree Core Requirements,BCHM 3114,Biochemistry for Biotechnology and the Life Sciences #,3,
Microbiology Major with Biomedical Option,College of Science,2026-2027,Major Requirements,BIOL 1004,Biology Orientation Seminar 3,1,
Microbiology Major with Biomedical Option,College of Science,2026-2027,Major Requirements,BIOL 1115,Principles of Biology Laboratory 1,1,
Microbiology Major with Biomedical Option,College of Science,2026-2027,Major Requirements,BIOL 1116,Principles of Biology Laboratory 1,1,
Microbiology Major with Biomedical Option,College of Science,2026-2027,Major Requirements,CHEM 1035,General Chemistry 1,3,
Microbiology Major with Biomedical Option,College of Science,2026-2027,Major Requirements,CHEM 1036,General Chemistry 1,3,
Microbiology Major with Biomedical Option,College of Science,2026-2027,Major Requirements,CHEM 1045,General Chemistry Laboratory,1,
Microbiology Major with Biomedical Option,College of Science,2026-2027,Major Requirements,CHEM 1046,General Chemistry Laboratory,1,
Microbiology Major with Biomedical Option,College of Science,2026-2027,Major Requirements,CHEM 2535,Organic Chemistry #,3,
Microbiology Major with Biomedical Option,College of Science,2026-2027,Major Requirements,CHEM 2536,Organic Chemistry #,3,
Microbiology Major with Biomedical Option,College of Science,2026-2027,Major Requirements,CHEM 2545,Organic Chemistry Laboratory #,1,
Microbiology Major with Biomedical Option,College of Science,2026-2027,Major Requirements,CHEM 2546,Organic Chemistry Laboratory #,1,
Microbiology Major with Biomedical Option,College of Science,2026-2027,Major Requirements,PHYS 2205,General Physics #,3,
Microbiology Major with Biomedical Option,College of Science,2026-2027,Major Requirements,PHYS 2206,General Physics #,3,
Microbiology Major with Biomedical Option,College of Science,2026-2027,Major Requirements,PHYS 2215,General Physics Laboratory #,1,
Microbiology Major with Biomedical Option,College of Science,2026-2027,Major Requirements,PHYS 2216,General Physics Laboratory #,1,
Microbiology Major with Biomedical Option,College of Science,2026-2027,Pathways Concept 1 - Discourse,ENGL 1105,First-Year Writing (1F),3,
Microbiology Major with Biomedical Option,College of Science,2026-2027,Pathways Concept 1 - Discourse,ENGL 1106,First-Year Writing (1F),3,
Microbiology Major with Biomedical Option,College of Science,2026-2027,Pathways Concept 4 - Reasoning in the Natural Sciences,BIOL 1105,Principles of Biology 1,3,
Microbiology Major with Biomedical Option,College of Science,2026-2027,Pathways Concept 4 - Reasoning in the Natural Sciences,BIOL 1106,Principles of Biology 1,3,
Microbiology Major with Biomedical Option,College of Science,2026-2027,Pathways Concept 5 - Quantitative and Computational Thinking,MATH 1025,Elementary Calculus (5F),3,
Microbiology Major with Biomedical Option,College of Science,2026-2027,Pathways Concept 5 - Quantitative and Computational Thinking,MATH 1026,Elementary Calculus (5F),3,
Microbiology Major with Biomedical Option,College of Science,2026-2027,Pathways Concept 5 - Quantitative and Computational Thinking,STAT 3615,Biological Statistics (5A) #,3,
Microbiology Major,College of Science,2026-2027,Degree Core Requirements,BIOL 2004,Genetics #,3,
Microbiology Major,College of Science,2026-2027,Degree Core Requirements,BIOL 2134,Cell Function and Differentiation #,3,
Microbiology Major,College of Science,2026-2027,Degree Core Requirements,BIOL 2604,"General Microbiology 1,#",3,
Microbiology Major,College of Science,2026-2027,Degree Core Requirements,BIOL 2614,"General Microbiology Laboratory 1,#",1-2,
Microbiology Major,College of Science,2026-2027,Degree Core Requirements,BIOL 4624,Microbial Genetics #,3,
Microbiology Major,College of Science,2026-2027,Degree Core Requirements,BIOL 4634,Microbial Physiology #,3,
Microbiology Major,College of Science,2026-2027,Degree Core Requirements,BIOL 3764,Careers in Microbiology #,3,
Microbiology Major,College of Science,2026-2027,Degree Core Requirements,BCHM 3114,Biochemistry for Biotechnology and the Life Sciences #,3,
Microbiology Major,College of Science,2026-2027,Major Requirements,BIOL 1004,Biology Orientation Seminar 3,1,
Microbiology Major,College of Science,2026-2027,Major Requirements,BIOL 1115,Principles of Biology Laboratory 1,1,
Microbiology Major,College of Science,2026-2027,Major Requirements,BIOL 1116,Principles of Biology Laboratory 1,1,
Microbiology Major,College of Science,2026-2027,Major Requirements,CHEM 1035,General Chemistry 1,3,
Microbiology Major,College of Science,2026-2027,Major Requirements,CHEM 1036,General Chemistry 1,3,
Microbiology Major,College of Science,2026-2027,Major Requirements,CHEM 1045,General Chemistry Laboratory,1,
Microbiology Major,College of Science,2026-2027,Major Requirements,CHEM 1046,General Chemistry Laboratory,1,
Microbiology Major,College of Science,2026-2027,Major Requirements,CHEM 2535,Organic Chemistry #,3,
Microbiology Major,College of Science,2026-2027,Major Requirements,CHEM 2536,Organic Chemistry #,3,
Microbiology Major,College of Science,2026-2027,Major Requirements,CHEM 2545,Organic Chemistry Laboratory #,1,
Microbiology Major,College of Science,2026-2027,Major Requirements,CHEM 2546,Organic Chemistry Laboratory #,1,
Microbiology Major,College of Science,2026-2027,Major Requirements,PHYS 2205,General Physics #,3,
Microbiology Major,College of Science,2026-2027,Major Requirements,PHYS 2206,General Physics #,3,
Microbiology Major,College of Science,2026-2027,Major Requirements,PHYS 2215,General Physics Laboratory #,1,
Microbiology Major,College of Science,2026-2027,Major Requirements,PHYS 2216,General Physics Laboratory #,1,
Microbiology Major,College of Science,2026-2027,Elective Courses,BIOL 3774,Molecular Biology and Cell and Molecular Biology Laboratory #,3-4,
Microbiology Major,College of Science,2026-2027,Elective Courses,BIOL 4674,Pathogenic Bacteriology and Pathogenic Bacteriology Lab #,4-5,
Microbiology Major,College of Science,2026-2027,Pathways Concept 1 - Discourse,ENGL 1105,First-Year Writing (1F),3,
Microbiology Major,College of Science,2026-2027,Pathways Concept 1 - Discourse,ENGL 1106,First-Year Writing (1F),3,
Microbiology Major,College of Science,2026-2027,Pathways Concept 4 - Reasoning in the Natural Sciences,BIOL 1105,Principles of Biology 1,3,
Microbiology Major,College of Science,2026-2027,Pathways Concept 4 - Reasoning in the Natural Sciences,BIOL 1106,Principles of Biology 1,3,
Microbiology Major,College of Science,2026-2027,Pathways Concept 5 - Quantitative and Computational Thinking,MATH 1025,Elementary Calculus (5F),3,
Microbiology Major,College of Science,2026-2027,Pathways Concept 5 - Quantitative and Computational Thinking,MATH 1026,Elementary Calculus (5F),3,
Microbiology Major,College of Science,2026-2027,Pathways Concept 5 - Quantitative and Computational Thinking,STAT 3615,Biological Statistics (5A) #,3,
Chemistry Major (B.A.),College of Science,2026-2027,Degree Core Requirements,CHEM 1004,First Year Experience in Chemistry,1,
Chemistry Major (B.A.),College of Science,2026-2027,Degree Core Requirements,CHEM 1055,General Chemistry for Chemistry Majors,4,
Chemistry Major (B.A.),College of Science,2026-2027,Degree Core Requirements,CHEM 1056,General Chemistry for Chemistry Majors,4,
Chemistry Major (B.A.),College of Science,2026-2027,Degree Core Requirements,CHEM 1065,General Chemistry for Chemistry Majors Lab,1,
Chemistry Major (B.A.),College of Science,2026-2027,Degree Core Requirements,CHEM 1066,General Chemistry for Chemistry Majors Lab,1,
Chemistry Major (B.A.),College of Science,2026-2027,Degree Core Requirements,CHEM 2565,Principles of Organic Chemistry,4,
Chemistry Major (B.A.),College of Science,2026-2027,Degree Core Requirements,CHEM 2566,Principles of Organic Chemistry,3,
Chemistry Major (B.A.),College of Science,2026-2027,Degree Core Requirements,CHEM 2154,Analytical Chemistry for Chemistry Majors,4,
Chemistry Major (B.A.),College of Science,2026-2027,Degree Core Requirements,CHEM 2164,Analytical Chemistry for Chemistry Majors Lab,1,
Chemistry Major (B.A.),College of Science,2026-2027,Additional Course Requirements,CHEM 2545,Organic Chemistry Laboratory,1,
Chemistry Major (B.A.),College of Science,2026-2027,Additional Course Requirements,CHEM 2546,Organic Chemistry Laboratory,1,
Chemistry Major (B.A.),College of Science,2026-2027,Additional Course Requirements,CHEM 3004,Bridge to the Future,1,
Chemistry Major (B.A.),College of Science,2026-2027,Additional Course Requirements,CHEM 4014,Chemistry Writing,1,
Chemistry Major (B.A.),College of Science,2026-2027,Additional Course Requirements,CHEM 3900,Bridge Experience,0,
Chemistry Major (B.A.),College of Science,2026-2027,Major Requirements,CHEM 2424,Descriptive Inorganic Chemistry,3,
Chemistry Major (B.A.),College of Science,2026-2027,Major Requirements,CHEM 4615,Physical Chemistry for the Life Sciences,3,
Chemistry Major (B.A.),College of Science,2026-2027,Major Requirements,CHEM 4616,Physical Chemistry for the Life Sciences,3,
Chemistry Major (B.A.),College of Science,2026-2027,Major Requirements,CHEM 3625,Physical Chemistry Laboratory,1,
Chemistry Major (B.A.),College of Science,2026-2027,Major Requirements,CHEM 4034,Capstone Laboratory for BA Chemistry Majors,2,
Chemistry Major (B.A.),College of Science,2026-2027,Pathways Concept 1 - Discourse,ENGL 1105,First-Year Writing,3,
Chemistry Major (B.A.),College of Science,2026-2027,Pathways Concept 1 - Discourse,ENGL 1106,First-Year Writing,3,
Chemistry Major (B.A.),College of Science,2026-2027,Pathways Concept 4 - Reasoning in the Natural Sciences,PHYS 2205,"General Physics and General Physics Laboratory 1,13",4,
Chemistry Major (B.A.),College of Science,2026-2027,Pathways Concept 4 - Reasoning in the Natural Sciences,PHYS 2206,"General Physics and General Physics Laboratory 1,14",4,
Chemistry Major (B.A.),College of Science,2026-2027,Pathways Concept 5 - Quantitative and Computational Thinking,MATH 1025,"Elementary Calculus (5F) 1,15",3,
Chemistry Major (B.A.),College of Science,2026-2027,Pathways Concept 5 - Quantitative and Computational Thinking,MATH 1026,"Elementary Calculus (5F) 1,16",3,
Chemistry Major (B.A.),College of Science,2026-2027,Pathways Concept 5 - Quantitative and Computational Thinking,STAT 3005,"Statistical Methods (5A) 1,17",3,
Chemistry Major (B.S.),College of Science,2026-2027,Degree Core Requirements,CHEM 1004,First Year Experience in Chemistry,1,
Chemistry Major (B.S.),College of Science,2026-2027,Degree Core Requirements,CHEM 1055,General Chemistry for Chemistry Majors,4,
Chemistry Major (B.S.),College of Science,2026-2027,Degree Core Requirements,CHEM 1056,General Chemistry for Chemistry Majors,4,
Chemistry Major (B.S.),College of Science,2026-2027,Degree Core Requirements,CHEM 1065,General Chemistry for Chemistry Majors Lab,1,
Chemistry Major (B.S.),College of Science,2026-2027,Degree Core Requirements,CHEM 1066,General Chemistry for Chemistry Majors Lab,1,
Chemistry Major (B.S.),College of Science,2026-2027,Degree Core Requirements,CHEM 2565,Principles of Organic Chemistry,4,
Chemistry Major (B.S.),College of Science,2026-2027,Degree Core Requirements,CHEM 2566,Principles of Organic Chemistry,3,
Chemistry Major (B.S.),College of Science,2026-2027,Degree Core Requirements,CHEM 2154,Analytical Chemistry for Chemistry Majors,4,
Chemistry Major (B.S.),College of Science,2026-2027,Degree Core Requirements,CHEM 2164,Analytical Chemistry for Chemistry Majors Lab,1,
Chemistry Major (B.S.),College of Science,2026-2027,Additional Course Requirements,CHEM 2555,Organic Synthesis and Techniques Lab,2,
Chemistry Major (B.S.),College of Science,2026-2027,Additional Course Requirements,CHEM 2556,Organic Synthesis and Techniques Lab,2,
Chemistry Major (B.S.),College of Science,2026-2027,Additional Course Requirements,CHEM 3004,Bridge to the Future,1,
Chemistry Major (B.S.),College of Science,2026-2027,Additional Course Requirements,CHEM 4014,Chemistry Writing,1,
Chemistry Major (B.S.),College of Science,2026-2027,Additional Course Requirements,CHEM 3900,Bridge Experience,0,
Chemistry Major (B.S.),College of Science,2026-2027,Major Requirements,CHEM 2424,Descriptive Inorganic Chemistry,3,
Chemistry Major (B.S.),College of Science,2026-2027,Major Requirements,CHEM 3615,Physical Chemistry,3,
Chemistry Major (B.S.),College of Science,2026-2027,Major Requirements,CHEM 3616,Physical Chemistry,3,
Chemistry Major (B.S.),College of Science,2026-2027,Major Requirements,CHEM 3625,Physical Chemistry Laboratory,1,
Chemistry Major (B.S.),College of Science,2026-2027,Major Requirements,CHEM 3626,Physical Chemistry Laboratory,1,
Chemistry Major (B.S.),College of Science,2026-2027,Major Requirements,CHEM 4114,Instrumental Analysis,3,
Chemistry Major (B.S.),College of Science,2026-2027,Major Requirements,CHEM 4124,Instrumental Analysis Laboratory,1,
Chemistry Major (B.S.),College of Science,2026-2027,Major Requirements,CHEM 4404,Physical Inorganic Chemistry,3,
Chemistry Major (B.S.),College of Science,2026-2027,Major Requirements,CHEM 4414,Inorganic Chemistry Lab,2,
Chemistry Major (B.S.),College of Science,2026-2027,Major Requirements,CHEM 4584,Bioorganic Chemistry,3,
Chemistry Major (B.S.),College of Science,2026-2027,Major Requirements,MATH 2114,Introduction to Linear Algebra,3,
Chemistry Major (B.S.),College of Science,2026-2027,Major Requirements,MATH 2204,Introduction to Multivariable Calculus,3,
Chemistry Major (B.S.),College of Science,2026-2027,Pathways Concept 1 - Discourse,ENGL 1105,First-Year Writing,3,
Chemistry Major (B.S.),College of Science,2026-2027,Pathways Concept 1 - Discourse,ENGL 1106,First-Year Writing,3,
Chemistry Major (B.S.),College of Science,2026-2027,Pathways Concept 4 - Reasoning in the Natural Sciences,PHYS 2305,Foundations of Physics and Foundations of Physics,8,
Chemistry Major (B.S.),College of Science,2026-2027,Pathways Concept 5 - Quantitative and Computational Thinking,MATH 1225,Calculus of a Single Variable and Calculus of a Single Variable (5F),8,
Chemistry Major (B.S.),College of Science,2026-2027,Pathways Concept 5 - Quantitative and Computational Thinking,STAT 3005,Statistical Methods (5A),3,
Medicinal Chemistry Major,College of Science,2026-2027,Degree Core Requirements,CHEM 1004,First Year Experience in Chemistry,1,
Medicinal Chemistry Major,College of Science,2026-2027,Degree Core Requirements,CHEM 1055,General Chemistry for Chemistry Majors,4,
Medicinal Chemistry Major,College of Science,2026-2027,Degree Core Requirements,CHEM 1056,General Chemistry for Chemistry Majors,4,
Medicinal Chemistry Major,College of Science,2026-2027,Degree Core Requirements,CHEM 1065,General Chemistry for Chemistry Majors Lab,1,
Medicinal Chemistry Major,College of Science,2026-2027,Degree Core Requirements,CHEM 1066,General Chemistry for Chemistry Majors Lab,1,
Medicinal Chemistry Major,College of Science,2026-2027,Degree Core Requirements,CHEM 2565,Principles of Organic Chemistry,4,
Medicinal Chemistry Major,College of Science,2026-2027,Degree Core Requirements,CHEM 2566,Principles of Organic Chemistry,3,
Medicinal Chemistry Major,College of Science,2026-2027,Degree Core Requirements,CHEM 2154,Analytical Chemistry for Chemistry Majors,4,
Medicinal Chemistry Major,College of Science,2026-2027,Degree Core Requirements,CHEM 2164,Analytical Chemistry for Chemistry Majors Lab,1,
Medicinal Chemistry Major,College of Science,2026-2027,Additional Required Courses,CHEM 2555,Organic Synthesis and Techniques Lab,2,
Medicinal Chemistry Major,College of Science,2026-2027,Additional Required Courses,CHEM 2556,Organic Synthesis and Techniques Lab,2,
Medicinal Chemistry Major,College of Science,2026-2027,Select one of the following: (Biochemistry Elective),CHEM 3004,Bridge to the Future,1,
Medicinal Chemistry Major,College of Science,2026-2027,Select one of the following: (Biochemistry Elective),CHEM 4014,Chemistry Writing,1,
Medicinal Chemistry Major,College of Science,2026-2027,Select one of the following: (Biochemistry Elective),CHEM 3900,Bridge Experience,0,
Medicinal Chemistry Major,College of Science,2026-2027,Major Requirements,BIOL 1105,Principles of Biology,3,
Medicinal Chemistry Major,College of Science,2026-2027,Major Requirements,BIOL 1106,Principles of Biology,3,
Medicinal Chemistry Major,College of Science,2026-2027,Major Requirements,BIOL 1115,Principles of Biology Laboratory,1,
Medicinal Chemistry Major,College of Science,2026-2027,Major Requirements,BIOL 1116,Principles of Biology Laboratory,1,
Medicinal Chemistry Major,College of Science,2026-2027,Major Requirements,CHEM 4615,Physical Chemistry for the Life Sciences,3,
Medicinal Chemistry Major,College of Science,2026-2027,Major Requirements,CHEM 4616,Physical Chemistry for the Life Sciences,3,
Medicinal Chemistry Major,College of Science,2026-2027,Major Requirements,CHEM 4584,Bioorganic Chemistry,3,
Medicinal Chemistry Major,College of Science,2026-2027,Major Requirements,CHEM 4544,Medicinal Chemistry Capstone Laboratory,2,
Medicinal Chemistry Major,College of Science,2026-2027,Pathways Concept 1 - Discourse,ENGL 1105,First-Year Writing,3,
Medicinal Chemistry Major,College of Science,2026-2027,Pathways Concept 1 - Discourse,ENGL 1106,First-Year Writing,3,
Medicinal Chemistry Major,College of Science,2026-2027,Pathways Concept 4 - Reasoning in the Natural Sciences,PHYS 2205,General Physics and General Physics Laboratory,4,
Medicinal Chemistry Major,College of Science,2026-2027,Pathways Concept 4 - Reasoning in the Natural Sciences,PHYS 2206,General Physics and General Physics Laboratory,4,
Medicinal Chemistry Major,College of Science,2026-2027,Pathways Concept 5 - Quantitative and Computational Thinking,MATH 1225,Calculus of a Single Variable (5F),4,
Medicinal Chemistry Major,College of Science,2026-2027,Pathways Concept 5 - Quantitative and Computational Thinking,MATH 1226,Calculus of a Single Variable (5F),4,
Medicinal Chemistry Major,College of Science,2026-2027,Pathways Concept 5 - Quantitative and Computational Thinking,STAT 3615,Biological Statistics,3,
Polymer Chemistry Major,College of Science,2026-2027,Degree Core Requirements,CHEM 1004,First Year Experience in Chemistry,1,
Polymer Chemistry Major,College of Science,2026-2027,Degree Core Requirements,CHEM 1055,General Chemistry for Chemistry Majors,4,
Polymer Chemistry Major,College of Science,2026-2027,Degree Core Requirements,CHEM 1056,General Chemistry for Chemistry Majors,4,
Polymer Chemistry Major,College of Science,2026-2027,Degree Core Requirements,CHEM 1065,General Chemistry for Chemistry Majors Lab,1,
Polymer Chemistry Major,College of Science,2026-2027,Degree Core Requirements,CHEM 1066,General Chemistry for Chemistry Majors Lab,1,
Polymer Chemistry Major,College of Science,2026-2027,Degree Core Requirements,CHEM 2565,Principles of Organic Chemistry,4,
Polymer Chemistry Major,College of Science,2026-2027,Degree Core Requirements,CHEM 2566,Principles of Organic Chemistry,3,
Polymer Chemistry Major,College of Science,2026-2027,Degree Core Requirements,CHEM 2154,Analytical Chemistry for Chemistry Majors,4,
Polymer Chemistry Major,College of Science,2026-2027,Degree Core Requirements,CHEM 2164,Analytical Chemistry for Chemistry Majors Lab,1,
Polymer Chemistry Major,College of Science,2026-2027,Additional Course Requirements,CHEM 2555,Organic Synthesis and Techniques Lab,2,
Polymer Chemistry Major,College of Science,2026-2027,Additional Course Requirements,CHEM 2556,Organic Synthesis and Techniques Lab,2,
Polymer Chemistry Major,College of Science,2026-2027,Additional Course Requirements,CHEM 3004,Bridge to the Future,1,
Polymer Chemistry Major,College of Science,2026-2027,Additional Course Requirements,CHEM 4014,Chemistry Writing,1,
Polymer Chemistry Major,College of Science,2026-2027,Additional Course Requirements,CHEM 3900,Bridge Experience,0,
Polymer Chemistry Major,College of Science,2026-2027,Major Requirements,MATH 2204,Introduction to Multivariable Calculus,3,
Polymer Chemistry Major,College of Science,2026-2027,Major Requirements,CHEM 3615,Physical Chemistry,3,
Polymer Chemistry Major,College of Science,2026-2027,Major Requirements,CHEM 3625,Physical Chemistry Laboratory,1,
Polymer Chemistry Major,College of Science,2026-2027,Major Requirements,CHEM 4534,Organic Chemistry of Polymers,3,
Polymer Chemistry Major,College of Science,2026-2027,Major Requirements,CHEM 4074/MSE 4544,Laboratory in Polymer Science,2,
Polymer Chemistry Major,College of Science,2026-2027,Pathways Concept 1 - Discourse,ENGL 1105,First-Year Writing ((Pathways 1F)),3,
Polymer Chemistry Major,College of Science,2026-2027,Pathways Concept 1 - Discourse,ENGL 1106,First-Year Writing ((Pathways 1F)),3,
Polymer Chemistry Major,College of Science,2026-2027,Pathways Concept 4 - Reasoning in the Natural Sciences,PHYS 2305,Foundations of Physics and Foundations of Physics,8,
Polymer Chemistry Major,College of Science,2026-2027,Pathways Concept 5 - Quantitative and Computational Thinking,MATH 1225,Calculus of a Single Variable and Calculus of a Single Variable (5F) 1,8,
Polymer Chemistry Major,College of Science,2026-2027,Pathways Concept 5 - Quantitative and Computational Thinking,STAT 3005,Statistical Methods (5A) 1,3,
Computational Modeling and Data Analytics Major with Biological Sciences Option,College of Science,2026-2027,Degree Core Requirements,CMDA 3605,Mathematical Modeling: Methods and Tools *,3,
Computational Modeling and Data Analytics Major with Biological Sciences Option,College of Science,2026-2027,Degree Core Requirements,CMDA 3606,Mathematical Modeling: Methods and Tools *,3,
Computational Modeling and Data Analytics Major with Biological Sciences Option,College of Science,2026-2027,Degree Core Requirements,CMDA/CS 3634,Computer Science Foundations for Computational Modeling & Data Analytics *,3,
Computational Modeling and Data Analytics Major with Biological Sciences Option,College of Science,2026-2027,Degree Core Requirements,CMDA/CS/STAT 3654,Introductory Data Analytics and Visualization *,3,
Computational Modeling and Data Analytics Major with Biological Sciences Option,College of Science,2026-2027,Degree Core Requirements,CMDA/CS/STAT 4654,Intermediate Data Analytics and Machine Learning *,3,
Computational Modeling and Data Analytics Major with Biological Sciences Option,College of Science,2026-2027,Degree Core Requirements,MATH 2114,Introduction to Linear Algebra *,3,
Computational Modeling and Data Analytics Major with Biological Sciences Option,College of Science,2026-2027,Major Requirements,CMDA 1634,Discovering Computational Modeling and Data Analytics #,3,
Computational Modeling and Data Analytics Major with Biological Sciences Option,College of Science,2026-2027,Major Requirements,CMDA 2005,Integrated Quantitative Sciences * †,6,
Computational Modeling and Data Analytics Major with Biological Sciences Option,College of Science,2026-2027,Major Requirements,CMDA 2006,Integrated Quantitative Sciences * †,6,
Computational Modeling and Data Analytics Major with Biological Sciences Option,College of Science,2026-2027,Major Requirements,CS 1064,Introduction to Programming in Python * ‡,3,
Computational Modeling and Data Analytics Major with Biological Sciences Option,College of Science,2026-2027,Major Requirements,CS 2064,Intermediate Programming in Python * ‡,3,
Computational Modeling and Data Analytics Major with Biological Sciences Option,College of Science,2026-2027,Option Required Courses,BIOL 1105,Principles of Biology,3,
Computational Modeling and Data Analytics Major with Biological Sciences Option,College of Science,2026-2027,Option Required Courses,BIOL 1115,Principles of Biology Laboratory,1,
Computational Modeling and Data Analytics Major with Biological Sciences Option,College of Science,2026-2027,Option Required Courses,BIOL 1106,Principles of Biology,3,
Computational Modeling and Data Analytics Major with Biological Sciences Option,College of Science,2026-2027,Option Required Courses,BIOL 1116,Principles of Biology Laboratory,1,
Computational Modeling and Data Analytics Major with Biological Sciences Option,College of Science,2026-2027,Pathways Concept 4 - Reasoning in the Natural Sciences,CHEM 1035,General Chemistry,3,
Computational Modeling and Data Analytics Major with Biological Sciences Option,College of Science,2026-2027,Pathways Concept 4 - Reasoning in the Natural Sciences,CHEM 1036,General Chemistry,3,
Computational Modeling and Data Analytics Major with Biological Sciences Option,College of Science,2026-2027,Pathways Concept 5 - Quantitative and Computational Thinking,MATH 1225,Calculus of a Single Variable (5f),4,
Computational Modeling and Data Analytics Major with Biological Sciences Option,College of Science,2026-2027,Pathways Concept 5 - Quantitative and Computational Thinking,MATH 1226,Calculus of a Single Variable (5f),4,
Computational Modeling and Data Analytics Major with Biological Sciences Option,College of Science,2026-2027,Pathways Concept 5 - Quantitative and Computational Thinking,CMDA 4864,Computational Modeling and Data Analytics Capstone Project (5a) *,3,
Computational Modeling and Data Analytics Major with Biological Sciences Option,College of Science,2026-2027,Pathways Concept 6 - Critique and Practice in Design and the Arts,CS 2114,Software Design and Data Structures (6d) *,3,
Computational Modeling and Data Analytics Major with Cryptography and Cybersecurity Option,College of Science,2026-2027,Degree Core Requirements,CMDA 3605,Mathematical Modeling: Methods and Tools *,3,
Computational Modeling and Data Analytics Major with Cryptography and Cybersecurity Option,College of Science,2026-2027,Degree Core Requirements,CMDA 3606,Mathematical Modeling: Methods and Tools *,3,
Computational Modeling and Data Analytics Major with Cryptography and Cybersecurity Option,College of Science,2026-2027,Degree Core Requirements,CMDA/CS 3634,Computer Science Foundations for Computational Modeling & Data Analytics *,3,
Computational Modeling and Data Analytics Major with Cryptography and Cybersecurity Option,College of Science,2026-2027,Degree Core Requirements,CMDA/CS/STAT 3654,Introductory Data Analytics and Visualization *,3,
Computational Modeling and Data Analytics Major with Cryptography and Cybersecurity Option,College of Science,2026-2027,Degree Core Requirements,CMDA/CS/STAT 4654,Intermediate Data Analytics and Machine Learning *,3,
Computational Modeling and Data Analytics Major with Cryptography and Cybersecurity Option,College of Science,2026-2027,Degree Core Requirements,MATH 2114,Introduction to Linear Algebra *,3,
Computational Modeling and Data Analytics Major with Cryptography and Cybersecurity Option,College of Science,2026-2027,Major Requirements,CMDA 1634,Discovering Computational Modeling and Data Analytics #,3,
Computational Modeling and Data Analytics Major with Cryptography and Cybersecurity Option,College of Science,2026-2027,Major Requirements,CMDA 2005,Integrated Quantitative Sciences * †,6,
Computational Modeling and Data Analytics Major with Cryptography and Cybersecurity Option,College of Science,2026-2027,Major Requirements,CMDA 2006,Integrated Quantitative Sciences * †,6,
Computational Modeling and Data Analytics Major with Cryptography and Cybersecurity Option,College of Science,2026-2027,Major Requirements,CS 1064,Introduction to Programming in Python * ‡,3,
Computational Modeling and Data Analytics Major with Cryptography and Cybersecurity Option,College of Science,2026-2027,Major Requirements,CS 2064,Intermediate Programming in Python * ‡,3,
Computational Modeling and Data Analytics Major with Cryptography and Cybersecurity Option,College of Science,2026-2027,Option Required Courses,CS 2505,Introduction to Computer Organization *,3,
Computational Modeling and Data Analytics Major with Cryptography and Cybersecurity Option,College of Science,2026-2027,Option Required Courses,MATH 2534,Introduction to Discrete Mathematics *,3,
Computational Modeling and Data Analytics Major with Cryptography and Cybersecurity Option,College of Science,2026-2027,Option Required Courses,MATH 4175,Cryptography *,3,
Computational Modeling and Data Analytics Major with Cryptography and Cybersecurity Option,College of Science,2026-2027,Option Required Courses,MATH 4176,Cryptography *,3,
Computational Modeling and Data Analytics Major with Cryptography and Cybersecurity Option,College of Science,2026-2027,Pathways Concept 1 - Discourse,CS/PSCI/BIT 4164,Future of Security: Integrative Solutions for Complex Security Systems (1a) *,3,
Computational Modeling and Data Analytics Major with Cryptography and Cybersecurity Option,College of Science,2026-2027,Pathways Concept 3 - Reasoning in the Social Sciences,CS/PSCI/BIT 2164,Foundations of Contemporary Security Environments *,3,
Computational Modeling and Data Analytics Major with Cryptography and Cybersecurity Option,College of Science,2026-2027,Pathways Concept 5 - Quantitative and Computational Thinking,MATH 1225,Calculus of a Single Variable (5f),4,
Computational Modeling and Data Analytics Major with Cryptography and Cybersecurity Option,College of Science,2026-2027,Pathways Concept 5 - Quantitative and Computational Thinking,MATH 1226,Calculus of a Single Variable (5f),4,
Computational Modeling and Data Analytics Major with Cryptography and Cybersecurity Option,College of Science,2026-2027,Pathways Concept 5 - Quantitative and Computational Thinking,CMDA 4864,Computational Modeling and Data Analytics Capstone Project (5a) *,3,
Computational Modeling and Data Analytics Major with Cryptography and Cybersecurity Option,College of Science,2026-2027,Pathways Concept 6 - Critique and Practice in Design and the Arts,CS 2114,Software Design and Data Structures (6d) *,3,
Computational Modeling and Data Analytics Major with Economics Option,College of Science,2026-2027,Degree Core Requirements,CMDA 3605,Mathematical Modeling: Methods and Tools *,3,
Computational Modeling and Data Analytics Major with Economics Option,College of Science,2026-2027,Degree Core Requirements,CMDA 3606,Mathematical Modeling: Methods and Tools *,3,
Computational Modeling and Data Analytics Major with Economics Option,College of Science,2026-2027,Degree Core Requirements,CMDA/CS 3634,Computer Science Foundations for Computational Modeling & Data Analytics *,3,
Computational Modeling and Data Analytics Major with Economics Option,College of Science,2026-2027,Degree Core Requirements,CMDA/CS/STAT 3654,Introductory Data Analytics and Visualization *,3,
Computational Modeling and Data Analytics Major with Economics Option,College of Science,2026-2027,Degree Core Requirements,CMDA/CS/STAT 4654,Intermediate Data Analytics and Machine Learning *,3,
Computational Modeling and Data Analytics Major with Economics Option,College of Science,2026-2027,Degree Core Requirements,MATH 2114,Introduction to Linear Algebra *,3,
Computational Modeling and Data Analytics Major with Economics Option,College of Science,2026-2027,Major Requirements,CMDA 1634,Discovering Computational Modeling and Data Analytics #,3,
Computational Modeling and Data Analytics Major with Economics Option,College of Science,2026-2027,Major Requirements,CMDA 2005,Integrated Quantitative Sciences * †,6,
Computational Modeling and Data Analytics Major with Economics Option,College of Science,2026-2027,Major Requirements,CMDA 2006,Integrated Quantitative Sciences * †,6,
Computational Modeling and Data Analytics Major with Economics Option,College of Science,2026-2027,Major Requirements,CS 1064,Introduction to Programming in Python * ‡,3,
Computational Modeling and Data Analytics Major with Economics Option,College of Science,2026-2027,Major Requirements,CS 2064,Intermediate Programming in Python * ‡,3,
Computational Modeling and Data Analytics Major with Economics Option,College of Science,2026-2027,Option Required Courses,ECON 3104,Microeconomic Theory *,3,
Computational Modeling and Data Analytics Major with Economics Option,College of Science,2026-2027,Option Required Courses,ECON 3204,Macroeconomic Theory *,3,
Computational Modeling and Data Analytics Major with Economics Option,College of Science,2026-2027,Option Required Courses,ECON 4304,Introduction to Econometric Methods *,3,
Computational Modeling and Data Analytics Major with Economics Option,College of Science,2026-2027,Option Required Courses,CMDA/ECON 4314,Big Data Economics *,3,
Computational Modeling and Data Analytics Major with Economics Option,College of Science,2026-2027,Pathways Concept 3 - Reasoning in the Social Sciences,ECON 2005,Principles of Economics,3,
Computational Modeling and Data Analytics Major with Economics Option,College of Science,2026-2027,Pathways Concept 3 - Reasoning in the Social Sciences,ECON 2006,Principles of Economics,3,
Computational Modeling and Data Analytics Major with Economics Option,College of Science,2026-2027,Pathways Concept 5 - Quantitative and Computational Thinking,MATH 1225,Calculus of a Single Variable (5f),4,
Computational Modeling and Data Analytics Major with Economics Option,College of Science,2026-2027,Pathways Concept 5 - Quantitative and Computational Thinking,MATH 1226,Calculus of a Single Variable (5f),4,
Computational Modeling and Data Analytics Major with Economics Option,College of Science,2026-2027,Pathways Concept 5 - Quantitative and Computational Thinking,CMDA 4864,Computational Modeling and Data Analytics Capstone Project (5a) *,3,
Computational Modeling and Data Analytics Major with Economics Option,College of Science,2026-2027,Pathways Concept 6 - Critique and Practice in Design and the Arts,CS 2114,Software Design and Data Structures (6d) *,3,
Computational Modeling and Data Analytics Major with Geosciences Option,College of Science,2026-2027,Degree Core Requirements,CMDA 3605,Mathematical Modeling: Methods and Tools *,3,
Computational Modeling and Data Analytics Major with Geosciences Option,College of Science,2026-2027,Degree Core Requirements,CMDA 3606,Mathematical Modeling: Methods and Tools *,3,
Computational Modeling and Data Analytics Major with Geosciences Option,College of Science,2026-2027,Degree Core Requirements,CMDA/CS 3634,Computer Science Foundations for Computational Modeling & Data Analytics *,3,
Computational Modeling and Data Analytics Major with Geosciences Option,College of Science,2026-2027,Degree Core Requirements,CMDA/CS/STAT 3654,Introductory Data Analytics and Visualization *,3,
Computational Modeling and Data Analytics Major with Geosciences Option,College of Science,2026-2027,Degree Core Requirements,CMDA/CS/STAT 4654,Intermediate Data Analytics and Machine Learning *,3,
Computational Modeling and Data Analytics Major with Geosciences Option,College of Science,2026-2027,Degree Core Requirements,MATH 2114,Introduction to Linear Algebra *,3,
Computational Modeling and Data Analytics Major with Geosciences Option,College of Science,2026-2027,Major Requirements,CMDA 1634,Discovering Computational Modeling and Data Analytics #,3,
Computational Modeling and Data Analytics Major with Geosciences Option,College of Science,2026-2027,Major Requirements,CMDA 2005,Integrated Quantitative Sciences * †,6,
Computational Modeling and Data Analytics Major with Geosciences Option,College of Science,2026-2027,Major Requirements,CMDA 2006,Integrated Quantitative Sciences * †,6,
Computational Modeling and Data Analytics Major with Geosciences Option,College of Science,2026-2027,Major Requirements,CS 1064,Introduction to Programming in Python * ‡,3,
Computational Modeling and Data Analytics Major with Geosciences Option,College of Science,2026-2027,Major Requirements,CS 2064,Intermediate Programming in Python * ‡,3,
Computational Modeling and Data Analytics Major with Geosciences Option,College of Science,2026-2027,Option Required Courses,GEOS 1104,Introduction to Earth Sciences Laboratory *,1,
Computational Modeling and Data Analytics Major with Geosciences Option,College of Science,2026-2027,Option Required Courses,GEOG 2084,Principles of Geographic Information Systems *,3,
Computational Modeling and Data Analytics Major with Geosciences Option,College of Science,2026-2027,Option Required Courses,GEOG/GEOS 4084,Modeling with Geographic Information Systems *,3,
Computational Modeling and Data Analytics Major with Geosciences Option,College of Science,2026-2027,Pathways Concept 4 - Reasoning in the Natural Sciences,GEOS 1004,"Earth Science: Our Past, Present, and Future",3,
Computational Modeling and Data Analytics Major with Geosciences Option,College of Science,2026-2027,Pathways Concept 4 - Reasoning in the Natural Sciences,GEOS 1014,Evolution of the Earth-Life System,3,
Computational Modeling and Data Analytics Major with Geosciences Option,College of Science,2026-2027,Pathways Concept 5 - Quantitative and Computational Thinking,MATH 1225,Calculus of a Single Variable (5f),4,
Computational Modeling and Data Analytics Major with Geosciences Option,College of Science,2026-2027,Pathways Concept 5 - Quantitative and Computational Thinking,MATH 1226,Calculus of a Single Variable (5f),4,
Computational Modeling and Data Analytics Major with Geosciences Option,College of Science,2026-2027,Pathways Concept 5 - Quantitative and Computational Thinking,CMDA 4864,Computational Modeling and Data Analytics Capstone Project (5a) *,3,
Computational Modeling and Data Analytics Major with Geosciences Option,College of Science,2026-2027,Pathways Concept 6 - Critique and Practice in Design and the Arts,CS 2114,Software Design and Data Structures (6d) *,3,
Computational Modeling and Data Analytics Major with Physics Option,College of Science,2026-2027,Degree Core Requirements,CMDA 3605,Mathematical Modeling: Methods and Tools *,3,
Computational Modeling and Data Analytics Major with Physics Option,College of Science,2026-2027,Degree Core Requirements,CMDA 3606,Mathematical Modeling: Methods and Tools *,3,
Computational Modeling and Data Analytics Major with Physics Option,College of Science,2026-2027,Degree Core Requirements,CMDA/CS 3634,Computer Science Foundations for Computational Modeling & Data Analytics *,3,
Computational Modeling and Data Analytics Major with Physics Option,College of Science,2026-2027,Degree Core Requirements,CMDA/CS/STAT 3654,Introductory Data Analytics and Visualization *,3,
Computational Modeling and Data Analytics Major with Physics Option,College of Science,2026-2027,Degree Core Requirements,CMDA/CS/STAT 4654,Intermediate Data Analytics and Machine Learning *,3,
Computational Modeling and Data Analytics Major with Physics Option,College of Science,2026-2027,Degree Core Requirements,MATH 2114,Introduction to Linear Algebra *,3,
Computational Modeling and Data Analytics Major with Physics Option,College of Science,2026-2027,Major Requirements,CMDA 1634,Discovering Computational Modeling and Data Analytics #,3,
Computational Modeling and Data Analytics Major with Physics Option,College of Science,2026-2027,Major Requirements,CMDA 2005,Integrated Quantitative Sciences * †,6,
Computational Modeling and Data Analytics Major with Physics Option,College of Science,2026-2027,Major Requirements,CMDA 2006,Integrated Quantitative Sciences * †,6,
Computational Modeling and Data Analytics Major with Physics Option,College of Science,2026-2027,Major Requirements,CS 1064,Introduction to Programming in Python * ‡,3,
Computational Modeling and Data Analytics Major with Physics Option,College of Science,2026-2027,Major Requirements,CS 2064,Intermediate Programming in Python * ‡,3,
Computational Modeling and Data Analytics Major with Physics Option,College of Science,2026-2027,Option Required Courses,PHYS 3324,Modern Physics *,4,
Computational Modeling and Data Analytics Major with Physics Option,College of Science,2026-2027,Option Required Courses,CMDA 4604,Intermediate Topics in Mathematical Modeling *,3,
Computational Modeling and Data Analytics Major with Physics Option,College of Science,2026-2027,Option Required Courses,PHYS 4764,Computational Physics,3,
Computational Modeling and Data Analytics Major with Physics Option,College of Science,2026-2027,Pathways Concept 4 - Reasoning in the Natural Sciences,PHYS 2305,Foundations of Physics,4,
Computational Modeling and Data Analytics Major with Physics Option,College of Science,2026-2027,Pathways Concept 4 - Reasoning in the Natural Sciences,PHYS 2306,Foundations of Physics,4,
Computational Modeling and Data Analytics Major with Physics Option,College of Science,2026-2027,Pathways Concept 5 - Quantitative and Computational Thinking,MATH 1225,Calculus of a Single Variable (5f),4,
Computational Modeling and Data Analytics Major with Physics Option,College of Science,2026-2027,Pathways Concept 5 - Quantitative and Computational Thinking,MATH 1226,Calculus of a Single Variable (5f),4,
Computational Modeling and Data Analytics Major with Physics Option,College of Science,2026-2027,Pathways Concept 5 - Quantitative and Computational Thinking,CMDA 4864,Computational Modeling and Data Analytics Capstone Project (5a) *,3,
Computational Modeling and Data Analytics Major with Physics Option,College of Science,2026-2027,Pathways Concept 6 - Critique and Practice in Design and the Arts,CS 2114,Software Design and Data Structures (6d) *,3,
Computational Modeling and Data Analytics Major,College of Science,2026-2027,Degree Core Requirements,CMDA 3605,Mathematical Modeling: Methods and Tools *,3,
Computational Modeling and Data Analytics Major,College of Science,2026-2027,Degree Core Requirements,CMDA 3606,Mathematical Modeling: Methods and Tools *,3,
Computational Modeling and Data Analytics Major,College of Science,2026-2027,Degree Core Requirements,CMDA/CS 3634,Computer Science Foundations for Computational Modeling & Data Analytics *,3,
Computational Modeling and Data Analytics Major,College of Science,2026-2027,Degree Core Requirements,CMDA/CS/STAT 3654,Introductory Data Analytics and Visualization *,3,
Computational Modeling and Data Analytics Major,College of Science,2026-2027,Degree Core Requirements,CMDA/CS/STAT 4654,Intermediate Data Analytics and Machine Learning *,3,
Computational Modeling and Data Analytics Major,College of Science,2026-2027,Degree Core Requirements,MATH 2114,Introduction to Linear Algebra *,3,
Computational Modeling and Data Analytics Major,College of Science,2026-2027,Major Requirements,CMDA 1634,Discovering Computational Modeling and Data Analytics #,3,
Computational Modeling and Data Analytics Major,College of Science,2026-2027,Major Requirements,CMDA 2005,Integrated Quantitative Sciences * †,6,
Computational Modeling and Data Analytics Major,College of Science,2026-2027,Major Requirements,CMDA 2006,Integrated Quantitative Sciences * †,6,
Computational Modeling and Data Analytics Major,College of Science,2026-2027,Major Requirements,CS 1064,Introduction to Programming in Python * ‡,3,
Computational Modeling and Data Analytics Major,College of Science,2026-2027,Major Requirements,CS 2064,Intermediate Programming in Python * ‡,3,
Computational Modeling and Data Analytics Major,College of Science,2026-2027,Pathways Concept 5 - Quantitative and Computational Thinking,MATH 1225,Calculus of a Single Variable (5f),4,
Computational Modeling and Data Analytics Major,College of Science,2026-2027,Pathways Concept 5 - Quantitative and Computational Thinking,MATH 1226,Calculus of a Single Variable (5f),4,
Computational Modeling and Data Analytics Major,College of Science,2026-2027,Pathways Concept 5 - Quantitative and Computational Thinking,CMDA 4864,Computational Modeling and Data Analytics Capstone Project (5a) *,3,
Computational Modeling and Data Analytics Major,College of Science,2026-2027,Pathways Concept 6 - Critique and Practice in Design and the Arts,CS 2114,Software Design and Data Structures (6d) *,3,
Economics Major with Business Option,College of Science,2026-2027,Courses in Degree Core Requirments must be completed with a grade of C- or better.,ECON 2005,Principles of Economics and Principles of Economics (C-),6,
Economics Major with Business Option,College of Science,2026-2027,Courses in Degree Core Requirments must be completed with a grade of C- or better.,ECON 3104,Microeconomic Theory and Macroeconomic Theory (C-),6,
Economics Major with Business Option,College of Science,2026-2027,Courses in Degree Core Requirments must be completed with a grade of C- or better.,ECON 3254,Applied Econometrics (C-),3,
Economics Major with Business Option,College of Science,2026-2027,Courses in Degree Core Requirments must be completed with a grade of C- or better.,MATH 1226,Calculus of a Single Variable (C-),4,
Economics Major with Business Option,College of Science,2026-2027,Courses in Degree Core Requirments must be completed with a grade of C- or better.,STAT 3005,Statistical Methods (C-),3,
Economics Major with Business Option,College of Science,2026-2027,Major Requirements,ECON 1004,First Year Experience Seminar 6,1,
Economics Major with Business Option,College of Science,2026-2027,Pathways Concept 1 - Discourse,ENGL 1105,First-Year Writing and First-Year Writing (1F),6,
Economics Major with Managerial Economics and Data Science Option,College of Science,2026-2027,Courses in Degree Core Requirements must be completed with a grade of C- or better.,ECON 2005,Principles of Economics and Principles of Economics (C-),6,
Economics Major with Managerial Economics and Data Science Option,College of Science,2026-2027,Courses in Degree Core Requirements must be completed with a grade of C- or better.,ECON 3104,Microeconomic Theory and Macroeconomic Theory (C-),6,
Economics Major with Managerial Economics and Data Science Option,College of Science,2026-2027,Courses in Degree Core Requirements must be completed with a grade of C- or better.,ECON 3254,Applied Econometrics (C-),3,
Economics Major with Managerial Economics and Data Science Option,College of Science,2026-2027,Courses in Degree Core Requirements must be completed with a grade of C- or better.,MATH 1226,Calculus of a Single Variable (C-),4,
Economics Major with Managerial Economics and Data Science Option,College of Science,2026-2027,Courses in Degree Core Requirements must be completed with a grade of C- or better.,STAT 3005,Statistical Methods (C-),3,
Economics Major with Managerial Economics and Data Science Option,College of Science,2026-2027,Major Requirements,ECON 1004,First Year Experience Seminar 6,1,
Economics Major with Managerial Economics and Data Science Option,College of Science,2026-2027,Pathways Concept 1 - Discourse,ENGL 1105,First-Year Writing and First-Year Writing (1F),6,
Economics Major with Policy and Regulation Option,College of Science,2026-2027,Courses in Degree Core Requirements must be completed with a grade of C- or better.,ECON 2005,Principles of Economics and Principles of Economics (C-),6,
Economics Major with Policy and Regulation Option,College of Science,2026-2027,Courses in Degree Core Requirements must be completed with a grade of C- or better.,ECON 3104,Microeconomic Theory and Macroeconomic Theory (C-),6,
Economics Major with Policy and Regulation Option,College of Science,2026-2027,Courses in Degree Core Requirements must be completed with a grade of C- or better.,ECON 3254,Applied Econometrics (C-),3,
Economics Major with Policy and Regulation Option,College of Science,2026-2027,Courses in Degree Core Requirements must be completed with a grade of C- or better.,MATH 1226,Calculus of a Single Variable (C-),4,
Economics Major with Policy and Regulation Option,College of Science,2026-2027,Courses in Degree Core Requirements must be completed with a grade of C- or better.,STAT 3005,Statistical Methods (C-),3,
Economics Major with Policy and Regulation Option,College of Science,2026-2027,Major Requirements,ECON 1004,First Year Experience Seminar 6,1,
Economics Major with Policy and Regulation Option,College of Science,2026-2027,Pathways Concept 1 - Discourse,ENGL 1105,First-Year Writing and First-Year Writing (1F),6,
Economics Major,College of Science,2026-2027,Courses in Degree Core Requirements must be completed with a grade of C- or better.,ECON 2005,Principles of Economics and Principles of Economics (C-),6,
Economics Major,College of Science,2026-2027,Courses in Degree Core Requirements must be completed with a grade of C- or better.,ECON 3104,Microeconomic Theory and Macroeconomic Theory (C-),6,
Economics Major,College of Science,2026-2027,Courses in Degree Core Requirements must be completed with a grade of C- or better.,ECON 3254,Applied Econometrics (C-),3,
Economics Major,College of Science,2026-2027,Courses in Degree Core Requirements must be completed with a grade of C- or better.,MATH 1226,Calculus of a Single Variable (C-),4,
Economics Major,College of Science,2026-2027,Courses in Degree Core Requirements must be completed with a grade of C- or better.,STAT 3005,Statistical Methods (C-),3,
Economics Major,College of Science,2026-2027,Major Requirements,ECON 1004,First Year Experience Seminar 5,1,
Economics Major,College of Science,2026-2027,Pathways Concept 1 - Discourse,ENGL 1105,First-Year Writing and First-Year Writing (1F),6,
Geosciences Major with Earth Science and Society Option,College of Science,2026-2027,Degree Core Requirements,GEOS 2004,Geosciences Career and Professional Development,3,
Geosciences Major with Earth Science and Society Option,College of Science,2026-2027,Degree Core Requirements,GEOS 2024,Earth's Dynamic Systems,6,
Geosciences Major with Earth Science and Society Option,College of Science,2026-2027,Degree Core Requirements,GEOS 2444,Geoscience Field Observations,3,
Geosciences Major with Earth Science and Society Option,College of Science,2026-2027,Degree Core Requirements,GEOS 3204,Sedimentology-Stratigraphy,3,
Geosciences Major with Earth Science and Society Option,College of Science,2026-2027,Degree Core Requirements,GEOS 3404,Elements of Structural Geology,3,
Geosciences Major with Earth Science and Society Option,College of Science,2026-2027,Degree Core Requirements,GEOS 3504,Mineralogy,3,
Geosciences Major with Earth Science and Society Option,College of Science,2026-2027,Major Requirements,GEOS 4024,Senior Seminar 1,3,
Geosciences Major with Earth Science and Society Option,College of Science,2026-2027,Major Requirements,GEOG 2084,Principles of Geographic Information Systems,3,
Geosciences Major with Earth Science and Society Option,College of Science,2026-2027,Major Requirements,CHEM 1035,General Chemistry 1,3,
Geosciences Major with Earth Science and Society Option,College of Science,2026-2027,Major Requirements,CHEM 1045,General Chemistry Laboratory 1,1,
Geosciences Major with Earth Science and Society Option,College of Science,2026-2027,Option Required Courses,ENGL 2844,Introduction to Technical and Scientific Communication 2,3,
Geosciences Major with Earth Science and Society Option,College of Science,2026-2027,Pathways Concept 1 - Discourse,ENGL 1105,First-Year Writing (1F),3,
Geosciences Major with Earth Science and Society Option,College of Science,2026-2027,Pathways Concept 1 - Discourse,ENGL 1106,First-Year Writing (1F),3,
Geosciences Major with Environmental and Engineering Geoscience Option,College of Science,2026-2027,Degree Core Requirements,GEOS 2004,Geosciences Career and Professional Development,3,
Geosciences Major with Environmental and Engineering Geoscience Option,College of Science,2026-2027,Degree Core Requirements,GEOS 2024,Earth's Dynamic Systems,6,
Geosciences Major with Environmental and Engineering Geoscience Option,College of Science,2026-2027,Degree Core Requirements,GEOS 2444,Geoscience Field Observations,3,
Geosciences Major with Environmental and Engineering Geoscience Option,College of Science,2026-2027,Degree Core Requirements,GEOS 3204,Sedimentology-Stratigraphy,3,
Geosciences Major with Environmental and Engineering Geoscience Option,College of Science,2026-2027,Degree Core Requirements,GEOS 3404,Elements of Structural Geology,3,
Geosciences Major with Environmental and Engineering Geoscience Option,College of Science,2026-2027,Degree Core Requirements,GEOS 3504,Mineralogy,3,
Geosciences Major with Environmental and Engineering Geoscience Option,College of Science,2026-2027,Major Requirements,GEOS 4024,Senior Seminar 1,3,
Geosciences Major with Environmental and Engineering Geoscience Option,College of Science,2026-2027,Major Requirements,GEOG 2084,Principles of Geographic Information Systems,3,
Geosciences Major with Environmental and Engineering Geoscience Option,College of Science,2026-2027,Major Requirements,CHEM 1035,General Chemistry 1,3,
Geosciences Major with Environmental and Engineering Geoscience Option,College of Science,2026-2027,Major Requirements,CHEM 1045,General Chemistry Laboratory 1,1,
Geosciences Major with Environmental and Engineering Geoscience Option,College of Science,2026-2027,Major Requirements,STAT 3005,Statistical Methods 1,3,
Geosciences Major with Environmental and Engineering Geoscience Option,College of Science,2026-2027,Option Required Courses,MATH 1225,Calculus of a Single Variable 2,4,
Geosciences Major with Environmental and Engineering Geoscience Option,College of Science,2026-2027,Option Required Courses,MATH 1226,Calculus of a Single Variable 2,4,
Geosciences Major with Environmental and Engineering Geoscience Option,College of Science,2026-2027,Option Required Courses,PHYS 2305,Foundations of Physics 2,4,
Geosciences Major with Environmental and Engineering Geoscience Option,College of Science,2026-2027,Option Required Courses,PHYS 2306,Foundations of Physics 2,4,
Geosciences Major with Environmental and Engineering Geoscience Option,College of Science,2026-2027,Option Required Courses,CHEM 1036,General Chemistry 2,3,
Geosciences Major with Environmental and Engineering Geoscience Option,College of Science,2026-2027,Option Required Courses,CHEM 1046,General Chemistry Laboratory 2,1,
Geosciences Major with Environmental and Engineering Geoscience Option,College of Science,2026-2027,Option Required Courses,GEOS 3014,Environmental Geosciences,3,
Geosciences Major with Environmental and Engineering Geoscience Option,College of Science,2026-2027,Option Required Courses,GEOS 3104,Elementary Geophysics,3,
Geosciences Major with Environmental and Engineering Geoscience Option,College of Science,2026-2027,Option Required Courses,GEOS 3304,Geomorphology,3,
Geosciences Major with Environmental and Engineering Geoscience Option,College of Science,2026-2027,Option Required Courses,GEOS 4804,Groundwater Hydrology,3,
Geosciences Major with Environmental and Engineering Geoscience Option,College of Science,2026-2027,Option Required Courses,GEOS 4824,Engineering Geology,3,
Geosciences Major with Environmental and Engineering Geoscience Option,College of Science,2026-2027,Pathways Concept 1 - Discourse,ENGL 1105,First-Year Writing (1F),3,
Geosciences Major with Environmental and Engineering Geoscience Option,College of Science,2026-2027,Pathways Concept 1 - Discourse,ENGL 1106,First-Year Writing (1F),3,
Geosciences Major with Geobiology & Paleobiology Option,College of Science,2026-2027,Degree Core Requirements,GEOS 2004,Geosciences Career and Professional Development,3,
Geosciences Major with Geobiology & Paleobiology Option,College of Science,2026-2027,Degree Core Requirements,GEOS 2024,Earth's Dynamic Systems,6,
Geosciences Major with Geobiology & Paleobiology Option,College of Science,2026-2027,Degree Core Requirements,GEOS 2444,Geoscience Field Observations,3,
Geosciences Major with Geobiology & Paleobiology Option,College of Science,2026-2027,Degree Core Requirements,GEOS 3204,Sedimentology-Stratigraphy,3,
Geosciences Major with Geobiology & Paleobiology Option,College of Science,2026-2027,Degree Core Requirements,GEOS 3404,Elements of Structural Geology,3,
Geosciences Major with Geobiology & Paleobiology Option,College of Science,2026-2027,Degree Core Requirements,GEOS 3504,Mineralogy,3,
Geosciences Major with Geobiology & Paleobiology Option,College of Science,2026-2027,Major Requirements,GEOS 4024,Senior Seminar 1,3,
Geosciences Major with Geobiology & Paleobiology Option,College of Science,2026-2027,Major Requirements,GEOG 2084,Principles of Geographic Information Systems,3,
Geosciences Major with Geobiology & Paleobiology Option,College of Science,2026-2027,Major Requirements,CHEM 1035,General Chemistry 1,3,
Geosciences Major with Geobiology & Paleobiology Option,College of Science,2026-2027,Major Requirements,CHEM 1045,General Chemistry Laboratory 1,1,
Geosciences Major with Geobiology & Paleobiology Option,College of Science,2026-2027,Major Requirements,STAT 3005,Statistical Methods 1,3,
Geosciences Major with Geobiology & Paleobiology Option,College of Science,2026-2027,Subtotal,BIOL 1105,Principles of Biology and Principles of Biology Laboratory 2,4,
Geosciences Major with Geobiology & Paleobiology Option,College of Science,2026-2027,Subtotal,BIOL 1106,Principles of Biology and Principles of Biology Laboratory 2,4,
Geosciences Major with Geobiology & Paleobiology Option,College of Science,2026-2027,Subtotal,BIOL 2704,Evolutionary Biology,3,
Geosciences Major with Geobiology & Paleobiology Option,College of Science,2026-2027,Subtotal,STAT 2094,Basic R for Statistics,1,
Geosciences Major with Geobiology & Paleobiology Option,College of Science,2026-2027,Subtotal,COS 2024,Science Outreach and Service Learning,2-3,
Geosciences Major with Geobiology & Paleobiology Option,College of Science,2026-2027,Subtotal,GEOS 3604,Paleontology,3,
Geosciences Major with Geobiology & Paleobiology Option,College of Science,2026-2027,Subtotal,GEOS 4254,Integrative Earth System History,3,
Geosciences Major with Geobiology & Paleobiology Option,College of Science,2026-2027,Subtotal,GEOS 4234,Vertebrate Evolution,4,
Geosciences Major with Geobiology & Paleobiology Option,College of Science,2026-2027,Subtotal,GEOS 4964,Field Study,6,
Geosciences Major with Geobiology & Paleobiology Option,College of Science,2026-2027,Pathways Concept 1 - Discourse,ENGL 1105,First-Year Writing (1F),3,
Geosciences Major with Geobiology & Paleobiology Option,College of Science,2026-2027,Pathways Concept 1 - Discourse,ENGL 1106,First-Year Writing (1F),3,
Geosciences Major with Geochemistry Option,College of Science,2026-2027,Degree Core Requirements,GEOS 2004,Geosciences Career and Professional Development,3,
Geosciences Major with Geochemistry Option,College of Science,2026-2027,Degree Core Requirements,GEOS 2024,Earth's Dynamic Systems,6,
Geosciences Major with Geochemistry Option,College of Science,2026-2027,Degree Core Requirements,GEOS 2444,Geoscience Field Observations,3,
Geosciences Major with Geochemistry Option,College of Science,2026-2027,Degree Core Requirements,GEOS 3204,Sedimentology-Stratigraphy,3,
Geosciences Major with Geochemistry Option,College of Science,2026-2027,Degree Core Requirements,GEOS 3404,Elements of Structural Geology,3,
Geosciences Major with Geochemistry Option,College of Science,2026-2027,Degree Core Requirements,GEOS 3504,Mineralogy,3,
Geosciences Major with Geochemistry Option,College of Science,2026-2027,Major Requirements,GEOS 4024,Senior Seminar 1,3,
Geosciences Major with Geochemistry Option,College of Science,2026-2027,Major Requirements,GEOG 2084,Principles of Geographic Information Systems,3,
Geosciences Major with Geochemistry Option,College of Science,2026-2027,Major Requirements,CHEM 1035,General Chemistry 1,3,
Geosciences Major with Geochemistry Option,College of Science,2026-2027,Major Requirements,CHEM 1045,General Chemistry Laboratory 1,1,
Geosciences Major with Geochemistry Option,College of Science,2026-2027,Major Requirements,STAT 3005,Statistical Methods 1,3,
Geosciences Major with Geochemistry Option,College of Science,2026-2027,Option Required Courses,MATH 1225,Calculus of a Single Variable 2,4,
Geosciences Major with Geochemistry Option,College of Science,2026-2027,Option Required Courses,MATH 1226,Calculus of a Single Variable 2,4,
Geosciences Major with Geochemistry Option,College of Science,2026-2027,Option Required Courses,MATH 2204,Introduction to Multivariable Calculus,3,
Geosciences Major with Geochemistry Option,College of Science,2026-2027,Option Required Courses,PHYS 2305,Foundations of Physics 2,4,
Geosciences Major with Geochemistry Option,College of Science,2026-2027,Option Required Courses,PHYS 2306,Foundations of Physics 2,4,
Geosciences Major with Geochemistry Option,College of Science,2026-2027,Option Required Courses,CHEM 1036,General Chemistry 2,3,
Geosciences Major with Geochemistry Option,College of Science,2026-2027,Option Required Courses,CHEM 1046,General Chemistry Laboratory 2,1,
Geosciences Major with Geochemistry Option,College of Science,2026-2027,Option Required Courses,CHEM 2114,Analytical Chemistry,3,
Geosciences Major with Geochemistry Option,College of Science,2026-2027,Option Required Courses,CHEM 2124,Analytical Chemistry Laboratory Techniques and Practice,1,
Geosciences Major with Geochemistry Option,College of Science,2026-2027,Option Required Courses,CHEM 2424,Descriptive Inorganic Chemistry,3,
Geosciences Major with Geochemistry Option,College of Science,2026-2027,Option Required Courses,GEOS 3704,Igneous and Metamorphic Rocks,3,
Geosciences Major with Geochemistry Option,College of Science,2026-2027,Option Required Courses,GEOS 4634,Environmental Geochemistry,3,
Geosciences Major with Geochemistry Option,College of Science,2026-2027,Pathways Concept 1 - Discourse,ENGL 1105,First-Year Writing (1F),3,
Geosciences Major with Geochemistry Option,College of Science,2026-2027,Pathways Concept 1 - Discourse,ENGL 1106,First-Year Writing (1F),3,
Geosciences Major with Geology Option,College of Science,2026-2027,Degree Core Requirements,GEOS 2004,Geosciences Career and Professional Development,3,
Geosciences Major with Geology Option,College of Science,2026-2027,Degree Core Requirements,GEOS 2024,Earth's Dynamic Systems,6,
Geosciences Major with Geology Option,College of Science,2026-2027,Degree Core Requirements,GEOS 2444,Geoscience Field Observations,3,
Geosciences Major with Geology Option,College of Science,2026-2027,Degree Core Requirements,GEOS 3204,Sedimentology-Stratigraphy,3,
Geosciences Major with Geology Option,College of Science,2026-2027,Degree Core Requirements,GEOS 3404,Elements of Structural Geology,3,
Geosciences Major with Geology Option,College of Science,2026-2027,Degree Core Requirements,GEOS 3504,Mineralogy,3,
Geosciences Major with Geology Option,College of Science,2026-2027,Major Requirements,GEOS 4024,Senior Seminar 1,3,
Geosciences Major with Geology Option,College of Science,2026-2027,Major Requirements,GEOG 2084,Principles of Geographic Information Systems,3,
Geosciences Major with Geology Option,College of Science,2026-2027,Major Requirements,CHEM 1035,General Chemistry 1,3,
Geosciences Major with Geology Option,College of Science,2026-2027,Major Requirements,CHEM 1045,General Chemistry Laboratory 1,1,
Geosciences Major with Geology Option,College of Science,2026-2027,Major Requirements,STAT 3005,Statistical Methods 1,3,
Geosciences Major with Geology Option,College of Science,2026-2027,Subtotal,GEOS 3704,Igneous and Metamorphic Rocks,3,
Geosciences Major with Geology Option,College of Science,2026-2027,Subtotal,GEOS 3104,Elementary Geophysics,3,
Geosciences Major with Geology Option,College of Science,2026-2027,Subtotal,GEOS 4964,Field Study (approved field camp),6,
Geosciences Major with Geology Option,College of Science,2026-2027,Subtotal,GEOS 4924,Tectonics,4,
Geosciences Major with Geology Option,College of Science,2026-2027,Pathways Concept 1 - Discourse,ENGL 1105,First-Year Writing (1F),3,
Geosciences Major with Geology Option,College of Science,2026-2027,Pathways Concept 1 - Discourse,ENGL 1106,First-Year Writing (1F),3,
Geosciences Major with Geophysics Option,College of Science,2026-2027,Degree Core Requirements,GEOS 2004,Geosciences Career and Professional Development,3,
Geosciences Major with Geophysics Option,College of Science,2026-2027,Degree Core Requirements,GEOS 2024,Earth's Dynamic Systems,6,
Geosciences Major with Geophysics Option,College of Science,2026-2027,Degree Core Requirements,GEOS 2444,Geoscience Field Observations,3,
Geosciences Major with Geophysics Option,College of Science,2026-2027,Degree Core Requirements,GEOS 3204,Sedimentology-Stratigraphy,3,
Geosciences Major with Geophysics Option,College of Science,2026-2027,Degree Core Requirements,GEOS 3404,Elements of Structural Geology,3,
Geosciences Major with Geophysics Option,College of Science,2026-2027,Degree Core Requirements,GEOS 3504,Mineralogy,3,
Geosciences Major with Geophysics Option,College of Science,2026-2027,Major Requirements,GEOS 4024,Senior Seminar 1,3,
Geosciences Major with Geophysics Option,College of Science,2026-2027,Major Requirements,GEOG 2084,Principles of Geographic Information Systems,3,
Geosciences Major with Geophysics Option,College of Science,2026-2027,Major Requirements,CHEM 1035,General Chemistry 1,3,
Geosciences Major with Geophysics Option,College of Science,2026-2027,Major Requirements,CHEM 1045,General Chemistry Laboratory 1,1,
Geosciences Major with Geophysics Option,College of Science,2026-2027,Major Requirements,STAT 3005,Statistical Methods 1,3,
Geosciences Major with Geophysics Option,College of Science,2026-2027,Option Required Courses,MATH 1225,Calculus of a Single Variable 2,4,
Geosciences Major with Geophysics Option,College of Science,2026-2027,Option Required Courses,MATH 1226,Calculus of a Single Variable 2,4,
Geosciences Major with Geophysics Option,College of Science,2026-2027,Option Required Courses,MATH 2204,Introduction to Multivariable Calculus,3,
Geosciences Major with Geophysics Option,College of Science,2026-2027,Option Required Courses,MATH 2214,Introduction to Differential Equations,3,
Geosciences Major with Geophysics Option,College of Science,2026-2027,Option Required Courses,MATH 2114,Introduction to Linear Algebra,3,
Geosciences Major with Geophysics Option,College of Science,2026-2027,Option Required Courses,PHYS 2305,Foundations of Physics 2,4,
Geosciences Major with Geophysics Option,College of Science,2026-2027,Option Required Courses,PHYS 2306,Foundations of Physics 2,4,
Geosciences Major with Geophysics Option,College of Science,2026-2027,Option Required Courses,GEOS 3104,Elementary Geophysics,3,
Geosciences Major with Geophysics Option,College of Science,2026-2027,Pathways Concept 1 - Discourse,ENGL 1105,First-Year Writing (1F),3,
Geosciences Major with Geophysics Option,College of Science,2026-2027,Pathways Concept 1 - Discourse,ENGL 1106,First-Year Writing (1F),3,
Mathematics Major with Applied Computational Mathematics Option,College of Science,2026-2027,Degree Core Requirements,MATH 2114,Introduction to Linear Algebra,3,
Mathematics Major with Applied Computational Mathematics Option,College of Science,2026-2027,Degree Core Requirements,MATH 2204,Introduction to Multivariable Calculus,3,
Mathematics Major with Applied Computational Mathematics Option,College of Science,2026-2027,Degree Core Requirements,MATH 3034,Introduction to Proofs,3,
Mathematics Major with Applied Computational Mathematics Option,College of Science,2026-2027,Degree Core Requirements,MATH 3124,Modern Algebra,3,
Mathematics Major with Applied Computational Mathematics Option,College of Science,2026-2027,Degree Core Requirements,MATH 3144,Linear Algebra I,3,
Mathematics Major with Applied Computational Mathematics Option,College of Science,2026-2027,Degree Core Requirements,MATH 3214,Vector Calculus,3,
Mathematics Major with Applied Computational Mathematics Option,College of Science,2026-2027,Degree Core Requirements,MATH 3224,Advanced Calculus,3,
Mathematics Major with Applied Computational Mathematics Option,College of Science,2026-2027,Major Requirements,MATH 1225,Calculus of a Single Variable,4,
Mathematics Major with Applied Computational Mathematics Option,College of Science,2026-2027,Major Requirements,MATH 1226,Calculus of a Single Variable,4,
Mathematics Major with Applied Computational Mathematics Option,College of Science,2026-2027,Major Requirements,MATH 2214,Introduction to Differential Equations,3,
Mathematics Major with Applied Computational Mathematics Option,College of Science,2026-2027,Mathematics,MATH 4425,Fourier Series and Partial Differential Equations,3,
Mathematics Major with Applied Computational Mathematics Option,College of Science,2026-2027,Mathematics,MATH 4426,Fourier Series and Partial Differential Equations,3,
Mathematics Major with Applied Computational Mathematics Option,College of Science,2026-2027,Mathematics,MATH 4445,Introduction to Numerical Analysis,3,
Mathematics Major with Applied Computational Mathematics Option,College of Science,2026-2027,Mathematics,MATH 4446,Introduction to Numerical Analysis,3,
Mathematics Major with Applied Computational Mathematics Option,College of Science,2026-2027,Pathways Concept 1 - Discourse,ENGL 1105,First-Year Writing (1F),3,
Mathematics Major with Applied Computational Mathematics Option,College of Science,2026-2027,Pathways Concept 1 - Discourse,ENGL 1106,First-Year Writing (1F),3,
Mathematics Major with Applied Discrete Mathematics Option,College of Science,2026-2027,Degree Core Requirements,MATH 2114,Introduction to Linear Algebra,3,
Mathematics Major with Applied Discrete Mathematics Option,College of Science,2026-2027,Degree Core Requirements,MATH 2204,Introduction to Multivariable Calculus,3,
Mathematics Major with Applied Discrete Mathematics Option,College of Science,2026-2027,Degree Core Requirements,MATH 3034,Introduction to Proofs,3,
Mathematics Major with Applied Discrete Mathematics Option,College of Science,2026-2027,Degree Core Requirements,MATH 3124,Modern Algebra,3,
Mathematics Major with Applied Discrete Mathematics Option,College of Science,2026-2027,Degree Core Requirements,MATH 3144,Linear Algebra I,3,
Mathematics Major with Applied Discrete Mathematics Option,College of Science,2026-2027,Degree Core Requirements,MATH 3214,Vector Calculus,3,
Mathematics Major with Applied Discrete Mathematics Option,College of Science,2026-2027,Degree Core Requirements,MATH 3224,Advanced Calculus,3,
Mathematics Major with Applied Discrete Mathematics Option,College of Science,2026-2027,Major Requirements,MATH 1225,Calculus of a Single Variable,4,
Mathematics Major with Applied Discrete Mathematics Option,College of Science,2026-2027,Major Requirements,MATH 1226,Calculus of a Single Variable,4,
Mathematics Major with Applied Discrete Mathematics Option,College of Science,2026-2027,Major Requirements,MATH 2214,Introduction to Differential Equations,3,
Mathematics Major with Applied Discrete Mathematics Option,College of Science,2026-2027,Mathematics,MATH 3134,Applied Combinatorics and Graph Theory,3,
Mathematics Major with Applied Discrete Mathematics Option,College of Science,2026-2027,Computer Science,CS 1114,Introduction to Software Design,3,
Mathematics Major with Applied Discrete Mathematics Option,College of Science,2026-2027,Computer Science,CS 2114,Software Design and Data Structures ( Pathway 6d ),3,
Mathematics Major with Applied Discrete Mathematics Option,College of Science,2026-2027,Computer Science,CS 2505,Introduction to Computer Organization,3,
Mathematics Major with Applied Discrete Mathematics Option,College of Science,2026-2027,Computer Science,CS 3114,Data Structures and Algorithms,3,
Mathematics Major with Applied Discrete Mathematics Option,College of Science,2026-2027,Computer Science,CS 4104,Data and Algorithm Analysis,3,
Mathematics Major with Applied Discrete Mathematics Option,College of Science,2026-2027,Statistics,STAT 4705,Probability and Statistics for Engineers,3,
Mathematics Major with Applied Discrete Mathematics Option,College of Science,2026-2027,Pathways Concept 1 - Discourse,ENGL 1105,First-Year Writing (1F),3,
Mathematics Major with Applied Discrete Mathematics Option,College of Science,2026-2027,Pathways Concept 1 - Discourse,ENGL 1106,First-Year Writing (1F),3,
Mathematics Major with Mathematics Education (Master's Track) Option,College of Science,2026-2027,Degree Core Requirements,MATH 2114,Introduction to Linear Algebra,3,
Mathematics Major with Mathematics Education (Master's Track) Option,College of Science,2026-2027,Degree Core Requirements,MATH 2204,Introduction to Multivariable Calculus,3,
Mathematics Major with Mathematics Education (Master's Track) Option,College of Science,2026-2027,Degree Core Requirements,MATH 3034,Introduction to Proofs,3,
Mathematics Major with Mathematics Education (Master's Track) Option,College of Science,2026-2027,Degree Core Requirements,MATH 3124,Modern Algebra,3,
Mathematics Major with Mathematics Education (Master's Track) Option,College of Science,2026-2027,Degree Core Requirements,MATH 3144,Linear Algebra I,3,
Mathematics Major with Mathematics Education (Master's Track) Option,College of Science,2026-2027,Degree Core Requirements,MATH 3214,Vector Calculus,3,
Mathematics Major with Mathematics Education (Master's Track) Option,College of Science,2026-2027,Degree Core Requirements,MATH 3224,Advanced Calculus,3,
Mathematics Major with Mathematics Education (Master's Track) Option,College of Science,2026-2027,Major Requirements,MATH 1225,Calculus of a Single Variable,4,
Mathematics Major with Mathematics Education (Master's Track) Option,College of Science,2026-2027,Major Requirements,MATH 1226,Calculus of a Single Variable,4,
Mathematics Major with Mathematics Education (Master's Track) Option,College of Science,2026-2027,Major Requirements,MATH 2214,Introduction to Differential Equations,3,
Mathematics Major with Mathematics Education (Master's Track) Option,College of Science,2026-2027,Mathematics,MATH 2644,Mathematics Tutoring 2,1,
Mathematics Major with Mathematics Education (Master's Track) Option,College of Science,2026-2027,Mathematics,MATH 4044,History of Mathematics,3,
Mathematics Major with Mathematics Education (Master's Track) Option,College of Science,2026-2027,Mathematics,MATH 4334,College Geometry,3,
Mathematics Major with Mathematics Education (Master's Track) Option,College of Science,2026-2027,Mathematics,MATH 4625,Mathematics for Secondary Teachers,3,
Mathematics Major with Mathematics Education (Master's Track) Option,College of Science,2026-2027,Mathematics,MATH 4626,Mathematics for Secondary Teachers,3,
Mathematics Major with Mathematics Education (Master's Track) Option,College of Science,2026-2027,Statistics,STAT 3005,Statistical Methods (Recommended),3,
Mathematics Major with Mathematics Education (Master's Track) Option,College of Science,2026-2027,Education and Field Experience,EDCI 2004,Exploring the Teaching Profession- Field Studies in Education,3,
Mathematics Major with Mathematics Education (Master's Track) Option,College of Science,2026-2027,Education and Field Experience,EDEP 2374,Educational Psychology for PK-12 Teachers,3,
Mathematics Major with Mathematics Education (Master's Track) Option,College of Science,2026-2027,Education and Field Experience,EDCI 2574,Social Foundations of Education,3,
Mathematics Major with Mathematics Education (Master's Track) Option,College of Science,2026-2027,Education and Field Experience,EDCI 3144,Education of Exceptional Learners,3,
Mathematics Major with Mathematics Education (Master's Track) Option,College of Science,2026-2027,Pathways Concept 1 - Discourse,ENGL 1105,First-Year Writing (1F),3,
Mathematics Major with Mathematics Education (Master's Track) Option,College of Science,2026-2027,Pathways Concept 1 - Discourse,ENGL 1106,First-Year Writing (1F),3,
Mathematics Major,College of Science,2026-2027,Degree Core Requirements,MATH 2114,Introduction to Linear Algebra,3,
Mathematics Major,College of Science,2026-2027,Degree Core Requirements,MATH 2204,Introduction to Multivariable Calculus,3,
Mathematics Major,College of Science,2026-2027,Degree Core Requirements,MATH 3034,Introduction to Proofs,3,
Mathematics Major,College of Science,2026-2027,Degree Core Requirements,MATH 3124,Modern Algebra,3,
Mathematics Major,College of Science,2026-2027,Degree Core Requirements,MATH 3144,Linear Algebra I,3,
Mathematics Major,College of Science,2026-2027,Degree Core Requirements,MATH 3214,Vector Calculus,3,
Mathematics Major,College of Science,2026-2027,Degree Core Requirements,MATH 3224,Advanced Calculus,3,
Mathematics Major,College of Science,2026-2027,Major Requirements,MATH 1225,Calculus of a Single Variable,4,
Mathematics Major,College of Science,2026-2027,Major Requirements,MATH 1226,Calculus of a Single Variable,4,
Mathematics Major,College of Science,2026-2027,Major Requirements,MATH 2214,Introduction to Differential Equations,3,
Mathematics Major,College of Science,2026-2027,Pathways Concept 1 - Discourse,ENGL 1105,First-Year Writing (1F),3,
Mathematics Major,College of Science,2026-2027,Pathways Concept 1 - Discourse,ENGL 1106,First-Year Writing (1F),3,
Nanomedicine Major,College of Science,2026-2027,Pathways Concept 4 - Reasoning in the Natural Sciences,PHYS 2205,General Physics 2,3,
Nanomedicine Major,College of Science,2026-2027,Pathways Concept 4 - Reasoning in the Natural Sciences,PHYS 2206,General Physics 2,3,
Nanomedicine Major,College of Science,2026-2027,Pathways Concept 4 - Reasoning in the Natural Sciences,PHYS 2215,General Physics Laboratory 2,1,
Nanomedicine Major,College of Science,2026-2027,Pathways Concept 4 - Reasoning in the Natural Sciences,PHYS 2216,General Physics Laboratory 2,1,
Nanomedicine Major,College of Science,2026-2027,Pathways Concept 5 - Quantitative and Computational Thinking,MATH 1025,Elementary Calculus (5F) 2,3,
Nanomedicine Major,College of Science,2026-2027,Pathways Concept 5 - Quantitative and Computational Thinking,MATH 1026,Elementary Calculus (5F) 2,3,
Nanomedicine Major,College of Science,2026-2027,Pathways Concept 5 - Quantitative and Computational Thinking,NANO 2314,Applied Quantitative Methods: From Quantum to the Macroscale (5A),3,
Nanoscience Major,College of Science,2026-2027,Degree Core Requirements,NANO 1014,Introduction to Nanoscience: From Atoms to Applications 2,3,
Nanoscience Major,College of Science,2026-2027,Degree Core Requirements,NANO 1024,Nanoscience: From Principles to Technology 2,3,
Nanoscience Major,College of Science,2026-2027,Degree Core Requirements,NANO 2114,Nanoscience Research Seminar 2,1,
Nanoscience Major,College of Science,2026-2027,Degree Core Requirements,NANO 2334,Applied Quantum Nanoscience: From Quantization to Innovation 2,3,
Nanoscience Major,College of Science,2026-2027,Degree Core Requirements,NANO 3015,"Nanoscale Synthesis, Fabrication, and Characterization 2",4,
Nanoscience Major,College of Science,2026-2027,Degree Core Requirements,NANO 3114,Professional Dissemination of Nanoscience Research 2,1,
Nanoscience Major,College of Science,2026-2027,Degree Core Requirements,NANO 4324,Introduction to Nanomedicine 2,3,
Nanoscience Major,College of Science,2026-2027,Degree Core Requirements,NANO 3016,"Nanoscale Synthesis, Fabrication, and Characterization 2",4,
Nanoscience Major,College of Science,2026-2027,Degree Core Requirements,NANO 3124,Nanoscience and the Environment 2,3,
Nanoscience Major,College of Science,2026-2027,Degree Core Requirements,NANO 4994,"Undergraduate Research 2, 3",8,
Nanoscience Major,College of Science,2026-2027,Major Requirements,BIOL 1105,Principles of Biology,3,
Nanoscience Major,College of Science,2026-2027,Major Requirements,CHEM 1035,General Chemistry 2,3,
Nanoscience Major,College of Science,2026-2027,Major Requirements,CHEM 1036,General Chemistry 2,3,
Nanoscience Major,College of Science,2026-2027,Major Requirements,CHEM 1045,General Chemistry Laboratory 2,1,
Nanoscience Major,College of Science,2026-2027,Major Requirements,CHEM 1046,General Chemistry Laboratory 2,1,
Nanoscience Major,College of Science,2026-2027,Major Requirements,CHEM 2535,Organic Chemistry,3,
Nanoscience Major,College of Science,2026-2027,Major Requirements,CHEM 2545,Organic Chemistry Laboratory,1,
Nanoscience Major,College of Science,2026-2027,Major Requirements,NANO 2814,NanoCareers 2,1,
Nanoscience Major,College of Science,2026-2027,Major Requirements,NANO 4124,Advanced Nanomaterials and Devices 2,3,
Nanoscience Major,College of Science,2026-2027,Pathways Concept 4 - Reasoning in the Natural Sciences,PHYS 2305,Foundations of Physics 2,4,
Nanoscience Major,College of Science,2026-2027,Pathways Concept 4 - Reasoning in the Natural Sciences,PHYS 2306,Foundations of Physics 2,4,
Nanoscience Major,College of Science,2026-2027,Pathways Concept 5 - Quantitative and Computational Thinking,MATH 1225,Calculus of a Single Variable (5F) 2,4,
Nanoscience Major,College of Science,2026-2027,Pathways Concept 5 - Quantitative and Computational Thinking,MATH 1226,Calculus of a Single Variable (5F) 2,4,
Nanoscience Major,College of Science,2026-2027,Pathways Concept 5 - Quantitative and Computational Thinking,NANO 2314,Applied Quantitative Methods: From Quantum to the Macroscale (5A),3,
Clinical Neuroscience Major,College of Science,2026-2027,Degree Core Requirements,CHEM 1035,General Chemistry 1,3,
Clinical Neuroscience Major,College of Science,2026-2027,Degree Core Requirements,CHEM 1036,General Chemistry 1,3,
Clinical Neuroscience Major,College of Science,2026-2027,Degree Core Requirements,NEUR 1004,Neuroscience Orientation Seminar 1,1,
Clinical Neuroscience Major,College of Science,2026-2027,Degree Core Requirements,NEUR 2025,Introduction to Neuroscience,4,
Clinical Neuroscience Major,College of Science,2026-2027,Degree Core Requirements,NEUR 2026,Introduction to Neuroscience,4,
Clinical Neuroscience Major,College of Science,2026-2027,Degree Core Requirements,NEUR 3044,Cellular and Molecular Neuroscience,4,
Clinical Neuroscience Major,College of Science,2026-2027,Degree Core Requirements,NEUR 3084,Cognitive Neuroscience,3,
Clinical Neuroscience Major,College of Science,2026-2027,Degree Core Requirements,NEUR 4044,Neuroscience Senior Seminar 1,3,
Clinical Neuroscience Major,College of Science,2026-2027,Major Requirements,BIOL 1115,Principles of Biology Laboratory 1,1,
Clinical Neuroscience Major,College of Science,2026-2027,Major Requirements,BIOL 1116,Principles of Biology Laboratory 1,1,
Clinical Neuroscience Major,College of Science,2026-2027,Major Requirements,CHEM 1045,General Chemistry Laboratory,1,
Clinical Neuroscience Major,College of Science,2026-2027,Major Requirements,CHEM 1046,General Chemistry Laboratory,1,
Clinical Neuroscience Major,College of Science,2026-2027,Major Requirements,CHEM 2535,Organic Chemistry,3,
Clinical Neuroscience Major,College of Science,2026-2027,Major Requirements,CHEM 2536,Organic Chemistry,3,
Clinical Neuroscience Major,College of Science,2026-2027,Major Requirements,CHEM 2545,Organic Chemistry Laboratory,1,
Clinical Neuroscience Major,College of Science,2026-2027,Major Requirements,CHEM 2546,Organic Chemistry Laboratory,1,
Clinical Neuroscience Major,College of Science,2026-2027,Major Requirements,NEUR 3594,Neurobiology of Psychiatric Disorders,3,
Clinical Neuroscience Major,College of Science,2026-2027,Major Requirements,NEUR 3604,Neurobiochemistry,3,
Clinical Neuroscience Major,College of Science,2026-2027,Major Requirements,NEUR 3704,Human Anatomy and Physiology with Neuroendocrine Focus,4,
Clinical Neuroscience Major,College of Science,2026-2027,Major Requirements,NEUR 3914,Neuroscience of Drug Addiction,3,
Clinical Neuroscience Major,College of Science,2026-2027,Major Requirements,NEUR 4034,Diseases of the Nervous System,3,
Clinical Neuroscience Major,College of Science,2026-2027,Major Requirements,PHYS 2205,General Physics,3,
Clinical Neuroscience Major,College of Science,2026-2027,Major Requirements,PHYS 2206,General Physics,3,
Clinical Neuroscience Major,College of Science,2026-2027,Major Requirements,PHYS 2215,General Physics Laboratory,1,
Clinical Neuroscience Major,College of Science,2026-2027,Major Requirements,PHYS 2216,General Physics Laboratory,1,
Clinical Neuroscience Major,College of Science,2026-2027,Major Requirements,STAT 3616,Biological Statistics,3,
Clinical Neuroscience Major,College of Science,2026-2027,Pathways Concept 3 - Reasoning in the Social Sciences,PSYC 1004,Introductory Psychology 1,3,
Clinical Neuroscience Major,College of Science,2026-2027,Pathways Concept 4 - Reasoning in the Natural Sciences,BIOL 1105,Principles of Biology 1,3,
Clinical Neuroscience Major,College of Science,2026-2027,Pathways Concept 4 - Reasoning in the Natural Sciences,BIOL 1106,Principles of Biology 1,3,
Clinical Neuroscience Major,College of Science,2026-2027,Pathways Concept 5 - Quantitative and Computational Thinking,MATH 1025,Elementary Calculus (5F) 1,3,
Clinical Neuroscience Major,College of Science,2026-2027,Pathways Concept 5 - Quantitative and Computational Thinking,MATH 1026,Elementary Calculus (5F) 1,3,
Clinical Neuroscience Major,College of Science,2026-2027,Pathways Concept 5 - Quantitative and Computational Thinking,STAT 3615,Biological Statistics (5A),3,
Cognitive and Behavioral Neuroscience Major,College of Science,2026-2027,Degree Core Requirements,CHEM 1035,General Chemistry 1,3,
Cognitive and Behavioral Neuroscience Major,College of Science,2026-2027,Degree Core Requirements,CHEM 1036,General Chemistry 1,3,
Cognitive and Behavioral Neuroscience Major,College of Science,2026-2027,Degree Core Requirements,NEUR 1004,Neuroscience Orientation Seminar 1,1,
Cognitive and Behavioral Neuroscience Major,College of Science,2026-2027,Degree Core Requirements,NEUR 2025,Introduction to Neuroscience,4,
Cognitive and Behavioral Neuroscience Major,College of Science,2026-2027,Degree Core Requirements,NEUR 2026,Introduction to Neuroscience,4,
Cognitive and Behavioral Neuroscience Major,College of Science,2026-2027,Degree Core Requirements,NEUR 3044,Cellular and Molecular Neuroscience,4,
Cognitive and Behavioral Neuroscience Major,College of Science,2026-2027,Degree Core Requirements,NEUR 3084,Cognitive Neuroscience,3,
Cognitive and Behavioral Neuroscience Major,College of Science,2026-2027,Degree Core Requirements,NEUR 4044,Neuroscience Senior Seminar 1,3,
Cognitive and Behavioral Neuroscience Major,College of Science,2026-2027,Major Requirements,NEUR 3144,Mechanisms of Learning and Memory,3,
Cognitive and Behavioral Neuroscience Major,College of Science,2026-2027,Major Requirements,NEUR 3594,Neurobiology of Psychiatric Disorders,3,
Cognitive and Behavioral Neuroscience Major,College of Science,2026-2027,Major Requirements,NEUR 3914,Neuroscience of Drug Addiction,3,
Cognitive and Behavioral Neuroscience Major,College of Science,2026-2027,Pathways Concept 3 - Reasoning in the Social Sciences,PSYC 1004,Introductory Psychology 1,3,
Cognitive and Behavioral Neuroscience Major,College of Science,2026-2027,Pathways Concept 4 - Reasoning in the Natural Sciences,BIOL 1105,Principles of Biology 1,3,
Cognitive and Behavioral Neuroscience Major,College of Science,2026-2027,Pathways Concept 4 - Reasoning in the Natural Sciences,BIOL 1106,Principles of Biology 1,3,
Cognitive and Behavioral Neuroscience Major,College of Science,2026-2027,Pathways Concept 5 - Quantitative and Computational Thinking,MATH 1025,Elementary Calculus (5F) 1,3,
Cognitive and Behavioral Neuroscience Major,College of Science,2026-2027,Pathways Concept 5 - Quantitative and Computational Thinking,STAT 3615,Biological Statistics (5A),3,
Computational and Systems Neuroscience Major,College of Science,2026-2027,Degree Core Requirements,CHEM 1035,General Chemistry 1,3,
Computational and Systems Neuroscience Major,College of Science,2026-2027,Degree Core Requirements,CHEM 1036,General Chemistry 1,3,
Computational and Systems Neuroscience Major,College of Science,2026-2027,Degree Core Requirements,NEUR 1004,Neuroscience Orientation Seminar 1,1,
Computational and Systems Neuroscience Major,College of Science,2026-2027,Degree Core Requirements,NEUR 2025,Introduction to Neuroscience,4,
Computational and Systems Neuroscience Major,College of Science,2026-2027,Degree Core Requirements,NEUR 2026,Introduction to Neuroscience,4,
Computational and Systems Neuroscience Major,College of Science,2026-2027,Degree Core Requirements,NEUR 3044,Cellular and Molecular Neuroscience,4,
Computational and Systems Neuroscience Major,College of Science,2026-2027,Degree Core Requirements,NEUR 3084,Cognitive Neuroscience,3,
Computational and Systems Neuroscience Major,College of Science,2026-2027,Degree Core Requirements,NEUR 4044,Neuroscience Senior Seminar 1,3,
Computational and Systems Neuroscience Major,College of Science,2026-2027,Major Requirements,CS 1114,Introduction to Software Design,3,
Computational and Systems Neuroscience Major,College of Science,2026-2027,Major Requirements,NEUR 3234,The Artificial Brain,3,
Computational and Systems Neuroscience Major,College of Science,2026-2027,Major Requirements,NEUR 3844,Computational Neuroscience and Neural Engineering,3,
Computational and Systems Neuroscience Major,College of Science,2026-2027,Major Requirements,PHYS 2305,Foundations of Physics,4,
Computational and Systems Neuroscience Major,College of Science,2026-2027,Major Requirements,PHYS 2306,Foundations of Physics,4,
Computational and Systems Neuroscience Major,College of Science,2026-2027,Major Requirements,STAT 3616,Biological Statistics,3,
Computational and Systems Neuroscience Major,College of Science,2026-2027,Pathways Concept 3 - Reasoning in the Social Sciences,PSYC 1004,Introductory Psychology 1,3,
Computational and Systems Neuroscience Major,College of Science,2026-2027,Pathways Concept 4 - Reasoning in the Natural Sciences,BIOL 1105,Principles of Biology 1,3,
Computational and Systems Neuroscience Major,College of Science,2026-2027,Pathways Concept 4 - Reasoning in the Natural Sciences,BIOL 1106,Principles of Biology 1,3,
Computational and Systems Neuroscience Major,College of Science,2026-2027,Pathways Concept 5 - Quantitative and Computational Thinking,MATH 1225,Calculus of a Single Variable (5F) 1,4,
Computational and Systems Neuroscience Major,College of Science,2026-2027,Pathways Concept 5 - Quantitative and Computational Thinking,MATH 1226,Calculus of a Single Variable (5F) 1,4,
Computational and Systems Neuroscience Major,College of Science,2026-2027,Pathways Concept 5 - Quantitative and Computational Thinking,STAT 3615,Biological Statistics (5A),3,
Neuroscience Major,College of Science,2026-2027,Degree Core Requirements,CHEM 1035,General Chemistry 1,3,
Neuroscience Major,College of Science,2026-2027,Degree Core Requirements,CHEM 1036,General Chemistry 1,3,
Neuroscience Major,College of Science,2026-2027,Degree Core Requirements,NEUR 1004,Neuroscience Orientation Seminar 1,1,
Neuroscience Major,College of Science,2026-2027,Degree Core Requirements,NEUR 2025,Introduction to Neuroscience,4,
Neuroscience Major,College of Science,2026-2027,Degree Core Requirements,NEUR 2026,Introduction to Neuroscience,4,
Neuroscience Major,College of Science,2026-2027,Degree Core Requirements,NEUR 3044,Cellular and Molecular Neuroscience,4,
Neuroscience Major,College of Science,2026-2027,Degree Core Requirements,NEUR 3084,Cognitive Neuroscience,3,
Neuroscience Major,College of Science,2026-2027,Degree Core Requirements,NEUR 4044,Neuroscience Senior Seminar 1,3,
Neuroscience Major,College of Science,2026-2027,Major Requirements,BIOL 1115,Principles of Biology Laboratory,1,
Neuroscience Major,College of Science,2026-2027,Major Requirements,BIOL 1116,Principles of Biology Laboratory,1,
Neuroscience Major,College of Science,2026-2027,Major Requirements,CHEM 1045,General Chemistry Laboratory,1,
Neuroscience Major,College of Science,2026-2027,Major Requirements,CHEM 1046,General Chemistry Laboratory,1,
Neuroscience Major,College of Science,2026-2027,Major Requirements,CHEM 2535,Organic Chemistry,3,
Neuroscience Major,College of Science,2026-2027,Major Requirements,CHEM 2545,Organic Chemistry Laboratory,1,
Neuroscience Major,College of Science,2026-2027,Major Requirements,NEUR 3074,Evolutionary Neuroscience,3,
Neuroscience Major,College of Science,2026-2027,Major Requirements,NEUR 3604,Neurobiochemistry,3,
Neuroscience Major,College of Science,2026-2027,Major Requirements,NEUR 3704,Human Anatomy and Physiology with Neuroendocrine Focus,4,
Neuroscience Major,College of Science,2026-2027,Major Requirements,PHYS 2205,General Physics,3,
Neuroscience Major,College of Science,2026-2027,Major Requirements,PHYS 2206,General Physics,3,
Neuroscience Major,College of Science,2026-2027,Major Requirements,PHYS 2215,General Physics Laboratory,1,
Neuroscience Major,College of Science,2026-2027,Major Requirements,PHYS 2216,General Physics Laboratory,1,
Neuroscience Major,College of Science,2026-2027,Major Requirements,STAT 3616,Biological Statistics,3,
Neuroscience Major,College of Science,2026-2027,Pathways Concept 3 - Reasoning in the Social Sciences,PSYC 1004,Introductory Psychology 1,3,
Neuroscience Major,College of Science,2026-2027,Pathways Concept 4 - Reasoning in the Natural Sciences,BIOL 1105,Principles of Biology 1,3,
Neuroscience Major,College of Science,2026-2027,Pathways Concept 4 - Reasoning in the Natural Sciences,BIOL 1106,Principles of Biology 1,3,
Neuroscience Major,College of Science,2026-2027,Pathways Concept 5 - Quantitative and Computational Thinking,MATH 1025,Elementary Calculus (5F) 1,3,
Neuroscience Major,College of Science,2026-2027,Pathways Concept 5 - Quantitative and Computational Thinking,MATH 1026,Elementary Calculus (5F) 1,3,
Neuroscience Major,College of Science,2026-2027,Pathways Concept 5 - Quantitative and Computational Thinking,STAT 3615,Biological Statistics (5A),3,
Physics Major with Physics Education Option,College of Science,2026-2027,Degree Core Requirements,PHYS 2504,Math Methods in Physics 1,3,
Physics Major with Physics Education Option,College of Science,2026-2027,Degree Core Requirements,PHYS 3314,Intermediate Laboratory,3,
Physics Major with Physics Education Option,College of Science,2026-2027,Degree Core Requirements,PHYS 3324,Modern Physics 1,4,
Physics Major with Physics Education Option,College of Science,2026-2027,Degree Core Requirements,PHYS 3355,Intermediate Mechanics 1,3,
Physics Major with Physics Education Option,College of Science,2026-2027,Degree Core Requirements,PHYS 3405,Intermediate Electricity and Magnetism 1,3,
Physics Major with Physics Education Option,College of Science,2026-2027,Degree Core Requirements,PHYS 3704,Thermal Physics 1,3,
Physics Major with Physics Education Option,College of Science,2026-2027,Degree Core Requirements,PHYS 4315,Modern Experimental Physics 1,2,
Physics Major with Physics Education Option,College of Science,2026-2027,Option Required Courses,PHYS 2325,Seminar for Physics Majors and Seminar for Physics Majors 1,2,
Physics Major with Physics Education Option,College of Science,2026-2027,Option Required Courses,PHYS 3655,Introduction to Astrophysics 1,3,
Physics Major with Physics Education Option,College of Science,2026-2027,Option Required Courses,MATH 2114,Introduction to Linear Algebra 1,3,
Physics Major with Physics Education Option,College of Science,2026-2027,Option Required Courses,MATH 2204,Introduction to Multivariable Calculus 1,3,
Physics Major with Physics Education Option,College of Science,2026-2027,Option Required Courses,MATH 3214,Vector Calculus 1,3,
Physics Major with Physics Education Option,College of Science,2026-2027,Pathways Concept 1 - Discourse,ENGL 1105,First-Year Writing (1F),3,
Physics Major with Physics Education Option,College of Science,2026-2027,Pathways Concept 1 - Discourse,ENGL 1106,First-Year Writing (1F),3,
Physics Major with Physics Education Option,College of Science,2026-2027,Pathways Concept 4 - Reasoning in the Natural Sciences,PHYS 2305,Foundations of Physics and Foundations of Physics 1,8,
Physics Major with Physics Education Option,College of Science,2026-2027,Pathways Concept 5 - Quantitative and Computational Thinking,MATH 1225,Calculus of a Single Variable (5F),4,
Physics Major with Physics Education Option,College of Science,2026-2027,Pathways Concept 5 - Quantitative and Computational Thinking,MATH 1226,Calculus of a Single Variable (5F),4,
Physics Major with Physics Education Option,College of Science,2026-2027,Pathways Concept 5 - Quantitative and Computational Thinking,MATH 2214,Introduction to Differential Equations (5A) 1,3,
Physics Major with Pre-Health Option,College of Science,2026-2027,Degree Core Requirements,PHYS 2504,Math Methods in Physics 1,3,
Physics Major with Pre-Health Option,College of Science,2026-2027,Degree Core Requirements,PHYS 3314,Intermediate Laboratory,3,
Physics Major with Pre-Health Option,College of Science,2026-2027,Degree Core Requirements,PHYS 3324,Modern Physics 1,4,
Physics Major with Pre-Health Option,College of Science,2026-2027,Degree Core Requirements,PHYS 3355,Intermediate Mechanics 1,3,
Physics Major with Pre-Health Option,College of Science,2026-2027,Degree Core Requirements,PHYS 3405,Intermediate Electricity and Magnetism 1,3,
Physics Major with Pre-Health Option,College of Science,2026-2027,Degree Core Requirements,PHYS 3704,Thermal Physics 1,3,
Physics Major with Pre-Health Option,College of Science,2026-2027,Degree Core Requirements,PHYS 4315,Modern Experimental Physics 1,2,
Physics Major with Pre-Health Option,College of Science,2026-2027,Option Required Courses,PHYS 2325,Seminar for Physics Majors and Seminar for Physics Majors 1,2,
Physics Major with Pre-Health Option,College of Science,2026-2027,Option Required Courses,MATH 2114,Introduction to Linear Algebra 1,3,
Physics Major with Pre-Health Option,College of Science,2026-2027,Option Required Courses,MATH 2204,Introduction to Multivariable Calculus 1,3,
Physics Major with Pre-Health Option,College of Science,2026-2027,Option Required Courses,MATH 3214,Vector Calculus 1,3,
Physics Major with Pre-Health Option,College of Science,2026-2027,Physics,PHYS 4714,Introduction to Biophysics 1,3,
Physics Major with Pre-Health Option,College of Science,2026-2027,Chemistry,CHEM 1035,General Chemistry and General Chemistry 1,6,
Physics Major with Pre-Health Option,College of Science,2026-2027,Chemistry,CHEM 1045,General Chemistry Laboratory and General Chemistry Laboratory 1,2,
Physics Major with Pre-Health Option,College of Science,2026-2027,Chemistry,CHEM 2535,Organic Chemistry and Organic Chemistry 1,6,
Physics Major with Pre-Health Option,College of Science,2026-2027,Chemistry,CHEM 2545,Organic Chemistry Laboratory and Organic Chemistry Laboratory 1,2,
Physics Major with Pre-Health Option,College of Science,2026-2027,Statistics,STAT 3615,Biological Statistics 1,3,
Physics Major with Pre-Health Option,College of Science,2026-2027,Pathways Concept 1 - Discourse,ENGL 1105,First-Year Writing (1F),3,
Physics Major with Pre-Health Option,College of Science,2026-2027,Pathways Concept 1 - Discourse,ENGL 1106,First-Year Writing (1F),3,
Physics Major with Pre-Health Option,College of Science,2026-2027,Pathways Concept 4 - Reasoning in the Natural Sciences,PHYS 2305,Foundations of Physics and Foundations of Physics 1,8,
Physics Major with Pre-Health Option,College of Science,2026-2027,Pathways Concept 5 - Quantitative and Computational Thinking,MATH 1225,Calculus of a Single Variable (5F),4,
Physics Major with Pre-Health Option,College of Science,2026-2027,Pathways Concept 5 - Quantitative and Computational Thinking,MATH 1226,Calculus of a Single Variable (5F),4,
Physics Major with Pre-Health Option,College of Science,2026-2027,Pathways Concept 5 - Quantitative and Computational Thinking,MATH 2214,Introduction to Differential Equations (5A) 1,3,
Physics Major with Pre-Law Option,College of Science,2026-2027,Degree Core Requirements,PHYS 2504,Math Methods in Physics 1,3,
Physics Major with Pre-Law Option,College of Science,2026-2027,Degree Core Requirements,PHYS 3314,Intermediate Laboratory,3,
Physics Major with Pre-Law Option,College of Science,2026-2027,Degree Core Requirements,PHYS 3324,Modern Physics 1,4,
Physics Major with Pre-Law Option,College of Science,2026-2027,Degree Core Requirements,PHYS 3355,Intermediate Mechanics 1,3,
Physics Major with Pre-Law Option,College of Science,2026-2027,Degree Core Requirements,PHYS 3405,Intermediate Electricity and Magnetism 1,3,
Physics Major with Pre-Law Option,College of Science,2026-2027,Degree Core Requirements,PHYS 3704,Thermal Physics 1,3,
Physics Major with Pre-Law Option,College of Science,2026-2027,Degree Core Requirements,PHYS 4315,Modern Experimental Physics 1,2,
Physics Major with Pre-Law Option,College of Science,2026-2027,Option Required Courses,PHYS 2325,Seminar for Physics Majors and Seminar for Physics Majors 1,2,
Physics Major with Pre-Law Option,College of Science,2026-2027,Option Required Courses,MATH 2114,Introduction to Linear Algebra 1,3,
Physics Major with Pre-Law Option,College of Science,2026-2027,Option Required Courses,MATH 2204,Introduction to Multivariable Calculus 1,3,
Physics Major with Pre-Law Option,College of Science,2026-2027,Option Required Courses,MATH 3214,Vector Calculus 1,3,
Physics Major with Pre-Law Option,College of Science,2026-2027,Topical Courses,COMM 2004,Public Speaking,3,
Physics Major with Pre-Law Option,College of Science,2026-2027,Topical Courses,ENGL 3764,Technical Writing 1,3,
Physics Major with Pre-Law Option,College of Science,2026-2027,Topical Courses,STL 2304,"Foundations of Science, Technology and Law 1",3,
Physics Major with Pre-Law Option,College of Science,2026-2027,Topical Courses,STL 4304,Intellectual Property Law 1,3,
Physics Major with Pre-Law Option,College of Science,2026-2027,Topical Courses,STL 4314,"Current Topics in Science, Technology and Law 1",3,
Physics Major with Pre-Law Option,College of Science,2026-2027,Topical Courses,STL 4324,Global Aspects of Intellectual Property Law 1,3,
Physics Major with Pre-Law Option,College of Science,2026-2027,Pathways Concept 1 - Discourse,ENGL 1105,First-Year Writing (1F),3,
Physics Major with Pre-Law Option,College of Science,2026-2027,Pathways Concept 1 - Discourse,ENGL 1106,First-Year Writing (1F),3,
Physics Major with Pre-Law Option,College of Science,2026-2027,Pathways Concept 4 - Reasoning in the Natural Sciences,PHYS 2305,Foundations of Physics and Foundations of Physics 1,8,
Physics Major with Pre-Law Option,College of Science,2026-2027,Pathways Concept 5 - Quantitative and Computational Thinking,MATH 1225,Calculus of a Single Variable (5F),4,
Physics Major with Pre-Law Option,College of Science,2026-2027,Pathways Concept 5 - Quantitative and Computational Thinking,MATH 1226,Calculus of a Single Variable (5F),4,
Physics Major with Pre-Law Option,College of Science,2026-2027,Pathways Concept 5 - Quantitative and Computational Thinking,MATH 2214,Introduction to Differential Equations (5A) 1,3,
Physics Major,College of Science,2026-2027,Degree Core Requirements,PHYS 2504,Math Methods in Physics 1,3,
Physics Major,College of Science,2026-2027,Degree Core Requirements,PHYS 3314,Intermediate Laboratory,3,
Physics Major,College of Science,2026-2027,Degree Core Requirements,PHYS 3324,Modern Physics 1,4,
Physics Major,College of Science,2026-2027,Degree Core Requirements,PHYS 3355,Intermediate Mechanics 1,3,
Physics Major,College of Science,2026-2027,Degree Core Requirements,PHYS 3405,Intermediate Electricity and Magnetism 1,3,
Physics Major,College of Science,2026-2027,Degree Core Requirements,PHYS 3704,Thermal Physics 1,3,
Physics Major,College of Science,2026-2027,Degree Core Requirements,PHYS 4315,Modern Experimental Physics 1,2,
Physics Major,College of Science,2026-2027,Option Required Courses,PHYS 2325,Seminar for Physics Majors and Seminar for Physics Majors 1,2,
Physics Major,College of Science,2026-2027,Option Required Courses,MATH 2114,Introduction to Linear Algebra 1,3,
Physics Major,College of Science,2026-2027,Option Required Courses,MATH 2204,Introduction to Multivariable Calculus 1,3,
Physics Major,College of Science,2026-2027,Option Required Courses,MATH 3214,Vector Calculus 1,3,
Physics Major,College of Science,2026-2027,Pathways Concept 1 - Discourse,ENGL 1105,First-Year Writing (1F),3,
Physics Major,College of Science,2026-2027,Pathways Concept 1 - Discourse,ENGL 1106,First-Year Writing (1F),3,
Physics Major,College of Science,2026-2027,Pathways Concept 4 - Reasoning in the Natural Sciences,PHYS 2305,Foundations of Physics and Foundations of Physics 1,8,
Physics Major,College of Science,2026-2027,Pathways Concept 5 - Quantitative and Computational Thinking,MATH 1225,Calculus of a Single Variable (5F),4,
Physics Major,College of Science,2026-2027,Pathways Concept 5 - Quantitative and Computational Thinking,MATH 1226,Calculus of a Single Variable (5F),4,
Physics Major,College of Science,2026-2027,Pathways Concept 5 - Quantitative and Computational Thinking,MATH 2214,Introduction to Differential Equations (5A) 1,3,
Physics Major,College of Science,2026-2027,Degree Core Requirements,PHYS 2504,Math Methods in Physics 1,3,
Physics Major,College of Science,2026-2027,Degree Core Requirements,PHYS 3314,Intermediate Laboratory,3,
Physics Major,College of Science,2026-2027,Degree Core Requirements,PHYS 3324,Modern Physics 1,4,
Physics Major,College of Science,2026-2027,Degree Core Requirements,PHYS 3355,Intermediate Mechanics 1,3,
Physics Major,College of Science,2026-2027,Degree Core Requirements,PHYS 3405,Intermediate Electricity and Magnetism 1,3,
Physics Major,College of Science,2026-2027,Degree Core Requirements,PHYS 3704,Thermal Physics 1,3,
Physics Major,College of Science,2026-2027,Degree Core Requirements,PHYS 4315,Modern Experimental Physics 1,2,
Physics Major,College of Science,2026-2027,Additional Course Requirements,PHYS 2325,Seminar for Physics Majors and Seminar for Physics Majors 1,2,
Physics Major,College of Science,2026-2027,Additional Course Requirements,PHYS 2305,Foundations of Physics and Foundations of Physics 1,8,
Physics Major,College of Science,2026-2027,Additional Course Requirements,PHYS 3406,Intermediate Electricity and Magnetism 1,3,
Physics Major,College of Science,2026-2027,Additional Course Requirements,PHYS 4316,Modern Experimental Physics 1,2,
Physics Major,College of Science,2026-2027,Additional Course Requirements,PHYS 4455,Introduction to Quantum Mechanics and Introduction to Quantum Mechanics 1,6,
Physics Major,College of Science,2026-2027,Additional Course Requirements,MATH 2114,Introduction to Linear Algebra 1,3,
Physics Major,College of Science,2026-2027,Additional Course Requirements,MATH 2204,Introduction to Multivariable Calculus 1,3,
Physics Major,College of Science,2026-2027,Additional Course Requirements,MATH 4425,Fourier Series and Partial Differential Equations 1,3,
Physics Major,College of Science,2026-2027,Additional Course Requirements,MATH 4574,Vector and Complex Analysis for Engineers 1,3,
Physics Major,College of Science,2026-2027,Pathways Concept 1 - Discourse,ENGL 1105,First-Year Writing (1F),3,
Physics Major,College of Science,2026-2027,Pathways Concept 1 - Discourse,ENGL 1106,First-Year Writing (1F),3,
Physics Major,College of Science,2026-2027,Pathways Concept 4 - Reasoning in the Natural Sciences,CHEM 1035,General Chemistry 1,3,
Physics Major,College of Science,2026-2027,Pathways Concept 4 - Reasoning in the Natural Sciences,CHEM 1045,General Chemistry Laboratory 1,1,
Physics Major,College of Science,2026-2027,Pathways Concept 4 - Reasoning in the Natural Sciences,CHEM 1036,General Chemistry 1,3,
Physics Major,College of Science,2026-2027,Pathways Concept 4 - Reasoning in the Natural Sciences,CHEM 1046,General Chemistry Laboratory 1,1,
Physics Major,College of Science,2026-2027,Pathways Concept 5 - Quantitative and Computational Thinking,MATH 1225,Calculus of a Single Variable (5F),4,
Physics Major,College of Science,2026-2027,Pathways Concept 5 - Quantitative and Computational Thinking,MATH 1226,Calculus of a Single Variable (5F),4,
Physics Major,College of Science,2026-2027,Pathways Concept 5 - Quantitative and Computational Thinking,MATH 2214,Introduction to Differential Equations (5A) 1,3,
Psychology Major,College of Science,2026-2027,Introductory Requirements,PSYC 1004,Introductory Psychology,3,
Psychology Major,College of Science,2026-2027,Introductory Requirements,PSYC 1094,Principles of Psychological Research 1,3,
Psychology Major,College of Science,2026-2027,Psychology Special Topics Senior Seminar,PSYC 4364,Senior Seminar,3,
Psychology Major,College of Science,2026-2027,First Year Experience,PSYC 1024,Pathways Through and Beyond the Psychology Major 7,2,
Psychology Major,College of Science,2026-2027,Pathways Concept 1 - Discourse,ENGL 1105,First-Year Writing (1F),3,
Psychology Major,College of Science,2026-2027,Pathways Concept 1 - Discourse,ENGL 1106,First-Year Writing (1F),3,
Statistics Majors with Statistical Data Science Option,College of Science,2026-2027,Degree Core Requirements,STAT 3006,Statistical Methods,3,
Statistics Majors with Statistical Data Science Option,College of Science,2026-2027,Degree Core Requirements,STAT 3104,Probability and Distributions,3,
Statistics Majors with Statistical Data Science Option,College of Science,2026-2027,Degree Core Requirements,STAT 4105,Theoretical Statistics,3,
Statistics Majors with Statistical Data Science Option,College of Science,2026-2027,Degree Core Requirements,STAT 4106,Theoretical Statistics,3,
Statistics Majors with Statistical Data Science Option,College of Science,2026-2027,Degree Core Requirements,STAT 4204,Experimental Designs,3,
Statistics Majors with Statistical Data Science Option,College of Science,2026-2027,Degree Core Requirements,STAT 4214,Methods of Regression Analysis,3,
Statistics Majors with Statistical Data Science Option,College of Science,2026-2027,Degree Core Requirements,STAT 4444,Applied Bayesian Statistics,3,
Statistics Majors with Statistical Data Science Option,College of Science,2026-2027,Major Requirements,STAT/CMDA/CS 3654,Introductory Data Analytics and Visualization,3,
Statistics Majors with Statistical Data Science Option,College of Science,2026-2027,Major Requirements,STAT 4004,Methods of Statistical Computing,3,
Statistics Majors with Statistical Data Science Option,College of Science,2026-2027,Major Requirements,STAT 4024,Communication in Statistical Collaborations,3,
Statistics Majors with Statistical Data Science Option,College of Science,2026-2027,Major Requirements,MATH 2204,Introduction to Multivariable Calculus,3,
Statistics Majors with Statistical Data Science Option,College of Science,2026-2027,Major Requirements,MATH 2114,Introduction to Linear Algebra,3,
Statistics Majors with Statistical Data Science Option,College of Science,2026-2027,Option Required Courses,STAT/CMDA/CS 4654,Intermediate Data Analytics and Machine Learning,3,
Statistics Majors with Statistical Data Science Option,College of Science,2026-2027,Pathways Concept 1 - Discourse,ENGL 1105,First-Year Writing (1F),3,
Statistics Majors with Statistical Data Science Option,College of Science,2026-2027,Pathways Concept 1 - Discourse,ENGL 1106,First-Year Writing (1F),3,
Statistics Majors with Statistical Data Science Option,College of Science,2026-2027,Pathways Concept 1 - Discourse,ENGL 3764,Technical Writing (1A),3,
Statistics Majors with Statistical Data Science Option,College of Science,2026-2027,Pathways Concept 5 - Quantitative and Computational Thinking,MATH 1225,Calculus of a Single Variable and Calculus of a Single Variable (required of all students majoring in Statistics; 5F),8,
Statistics Majors with Statistical Data Science Option,College of Science,2026-2027,Pathways Concept 5 - Quantitative and Computational Thinking,STAT 3005,Statistical Methods (required of all students majoring in Statistics; 5F),3,
Statistics Majors with Statistical Methods and Theory Option,College of Science,2026-2027,Degree Core Requirements,STAT 3006,Statistical Methods,3,
Statistics Majors with Statistical Methods and Theory Option,College of Science,2026-2027,Degree Core Requirements,STAT 3104,Probability and Distributions,3,
Statistics Majors with Statistical Methods and Theory Option,College of Science,2026-2027,Degree Core Requirements,STAT 4105,Theoretical Statistics,3,
Statistics Majors with Statistical Methods and Theory Option,College of Science,2026-2027,Degree Core Requirements,STAT 4106,Theoretical Statistics,3,
Statistics Majors with Statistical Methods and Theory Option,College of Science,2026-2027,Degree Core Requirements,STAT 4204,Experimental Designs,3,
Statistics Majors with Statistical Methods and Theory Option,College of Science,2026-2027,Degree Core Requirements,STAT 4214,Methods of Regression Analysis,3,
Statistics Majors with Statistical Methods and Theory Option,College of Science,2026-2027,Degree Core Requirements,STAT 4444,Applied Bayesian Statistics,3,
Statistics Majors with Statistical Methods and Theory Option,College of Science,2026-2027,Major Requirements,STAT/CMDA/CS 3654,Introductory Data Analytics and Visualization,3,
Statistics Majors with Statistical Methods and Theory Option,College of Science,2026-2027,Major Requirements,STAT 4004,Methods of Statistical Computing,3,
Statistics Majors with Statistical Methods and Theory Option,College of Science,2026-2027,Major Requirements,STAT 4024,Communication in Statistical Collaborations,3,
Statistics Majors with Statistical Methods and Theory Option,College of Science,2026-2027,Major Requirements,MATH 2204,Introduction to Multivariable Calculus,3,
Statistics Majors with Statistical Methods and Theory Option,College of Science,2026-2027,Major Requirements,MATH 2114,Introduction to Linear Algebra,3,
Statistics Majors with Statistical Methods and Theory Option,College of Science,2026-2027,Option Required Courses,STAT 4584,Advanced Calculus for Statistics,3,
Statistics Majors with Statistical Methods and Theory Option,College of Science,2026-2027,Option Required Courses,MATH 3034,Introduction to Proofs,3,
Statistics Majors with Statistical Methods and Theory Option,College of Science,2026-2027,Pathways Concept 1 - Discourse,ENGL 1105,First-Year Writing (1F),3,
Statistics Majors with Statistical Methods and Theory Option,College of Science,2026-2027,Pathways Concept 1 - Discourse,ENGL 1106,First-Year Writing (1F),3,
Statistics Majors with Statistical Methods and Theory Option,College of Science,2026-2027,Pathways Concept 1 - Discourse,ENGL 3764,Technical Writing (1A),3,
Statistics Majors with Statistical Methods and Theory Option,College of Science,2026-2027,Pathways Concept 5 - Quantitative and Computational Thinking,MATH 1225,Calculus of a Single Variable and Calculus of a Single Variable (required of all students majoring in Statistics; 5F),8,
Statistics Majors with Statistical Methods and Theory Option,College of Science,2026-2027,Pathways Concept 5 - Quantitative and Computational Thinking,STAT 3005,Statistical Methods (required of all students majoring in Statistics; 5F),3,
Advertising Major,College of Liberal Arts and Human Sciences,2026-2027,Degree Core Requirements,COMM 1004,First-Semester Experience in Communication,1,
Advertising Major,College of Liberal Arts and Human Sciences,2026-2027,Degree Core Requirements,COMM 1014,Introduction to Communication,3,
Advertising Major,College of Liberal Arts and Human Sciences,2026-2027,Degree Core Requirements,COMM 2024,Media Writing,3,
Advertising Major,College of Liberal Arts and Human Sciences,2026-2027,Degree Core Requirements,COMM 2084,Media and Society,3,
Advertising Major,College of Liberal Arts and Human Sciences,2026-2027,Degree Core Requirements,COMM 2094,Communication and Issues of Diversity,3,
Advertising Major,College of Liberal Arts and Human Sciences,2026-2027,Degree Core Requirements,COMM 2124,Introduction to Communication Research,3,
Advertising Major,College of Liberal Arts and Human Sciences,2026-2027,Degree Core Requirements,COMM 4024,Communication Law,3,
Advertising Major,College of Liberal Arts and Human Sciences,2026-2027,Major Requirements,ADV 2034,Visual Communication Strategies,3,
Advertising Major,College of Liberal Arts and Human Sciences,2026-2027,Major Requirements,ADV 3004,Advertising Copywriting and Brand Storytelling,3,
Advertising Major,College of Liberal Arts and Human Sciences,2026-2027,Major Requirements,ADV 3014,Account Planning and Media Buying,3,
Advertising Major,College of Liberal Arts and Human Sciences,2026-2027,Major Requirements,ADV 3024,Ethics and Social Responsibility in Advertising,3,
Advertising Major,College of Liberal Arts and Human Sciences,2026-2027,Major Requirements,MKTG 3104,Marketing Management,3,
Advertising Major,College of Liberal Arts and Human Sciences,2026-2027,Major Requirements,MKTG 3504,Advertising,3,
Advertising Major,College of Liberal Arts and Human Sciences,2026-2027,Major Requirements,MKTG 4204,Consumer Behavior,3,
Advertising Major,College of Liberal Arts and Human Sciences,2026-2027,Major Requirements,ADV 4304,Advertising Campaigns,3,
Advertising Major,College of Liberal Arts and Human Sciences,2026-2027,Major Requirements,COMM 3900,Bridge Experience,0,
Advertising Major,College of Liberal Arts and Human Sciences,2026-2027,Pathways Concept 1 - Discourse,COMM 1015,Communication Skills 1,3,
Advertising Major,College of Liberal Arts and Human Sciences,2026-2027,Pathways Concept 1 - Discourse,COMM 1016,Communication Skills 1,3,
Communication Major,College of Liberal Arts and Human Sciences,2026-2027,Degree Core Requirements,COMM 1004,First-Semester Experience in Communication,1,
Communication Major,College of Liberal Arts and Human Sciences,2026-2027,Degree Core Requirements,COMM 1014,Introduction to Communication,3,
Communication Major,College of Liberal Arts and Human Sciences,2026-2027,Degree Core Requirements,COMM 2024,Media Writing,3,
Communication Major,College of Liberal Arts and Human Sciences,2026-2027,Degree Core Requirements,COMM 2084,Media and Society,3,
Communication Major,College of Liberal Arts and Human Sciences,2026-2027,Degree Core Requirements,COMM 2094,Communication and Issues of Diversity,3,
Communication Major,College of Liberal Arts and Human Sciences,2026-2027,Degree Core Requirements,COMM 2124,Introduction to Communication Research,3,
Communication Major,College of Liberal Arts and Human Sciences,2026-2027,Degree Core Requirements,COMM 4024,Communication Law,3,
Communication Major,College of Liberal Arts and Human Sciences,2026-2027,Major Requirements,CMST 2034,Visual Media,3,
Communication Major,College of Liberal Arts and Human Sciences,2026-2027,Major Requirements,CMST 2064,The Tradition of Rhetoric and Societal Change (PATHWAY-2),3,
Communication Major,College of Liberal Arts and Human Sciences,2026-2027,Major Requirements,CMST 3064,Persuasion,3,
Communication Major,College of Liberal Arts and Human Sciences,2026-2027,Major Requirements,CMST 3214,Professional Communication (PATHWAY-1A),3,
Communication Major,College of Liberal Arts and Human Sciences,2026-2027,Major Requirements,CMST 4714,Senior Seminar in Communication,3,
Communication Major,College of Liberal Arts and Human Sciences,2026-2027,Major Requirements,COMM 3900,Bridge Experience,0,
Communication Major,College of Liberal Arts and Human Sciences,2026-2027,Pathways Concept 1 - Discourse,COMM 1015,Communication Skills and Communication Skills 2,6,
Multimedia Journalism Major,College of Liberal Arts and Human Sciences,2026-2027,Degree Core Requirements,COMM 1004,First-Semester Experience in Communication,1,
Multimedia Journalism Major,College of Liberal Arts and Human Sciences,2026-2027,Degree Core Requirements,COMM 1014,Introduction to Communication,3,
Multimedia Journalism Major,College of Liberal Arts and Human Sciences,2026-2027,Degree Core Requirements,COMM 2024,Media Writing,3,
Multimedia Journalism Major,College of Liberal Arts and Human Sciences,2026-2027,Degree Core Requirements,COMM 2084,Media and Society,3,
Multimedia Journalism Major,College of Liberal Arts and Human Sciences,2026-2027,Degree Core Requirements,COMM 2094,Communication and Issues of Diversity,3,
Multimedia Journalism Major,College of Liberal Arts and Human Sciences,2026-2027,Degree Core Requirements,COMM 2124,Introduction to Communication Research,3,
Multimedia Journalism Major,College of Liberal Arts and Human Sciences,2026-2027,Degree Core Requirements,COMM 4024,Communication Law,3,
Multimedia Journalism Major,College of Liberal Arts and Human Sciences,2026-2027,Major Requirements,JMC 2034,Visual News Reporting,3,
Multimedia Journalism Major,College of Liberal Arts and Human Sciences,2026-2027,Major Requirements,JMC 3154,Multimedia Reporting (PATHWAY-1A),3,
Multimedia Journalism Major,College of Liberal Arts and Human Sciences,2026-2027,Major Requirements,JMC 3284,Data Journalism,3,
Multimedia Journalism Major,College of Liberal Arts and Human Sciences,2026-2027,Major Requirements,JMC 3174,Advanced Multimedia Reporting,3,
Multimedia Journalism Major,College of Liberal Arts and Human Sciences,2026-2027,Major Requirements,JMC 4334,Communication Ethics,3,
Multimedia Journalism Major,College of Liberal Arts and Human Sciences,2026-2027,Major Requirements,JMC 4814,Digital Newsroom: Online,3,
Multimedia Journalism Major,College of Liberal Arts and Human Sciences,2026-2027,Major Requirements,COMM 3900,Bridge Experience,0,
Multimedia Journalism Major,College of Liberal Arts and Human Sciences,2026-2027,Pathways Concept 1 - Discourse,COMM 1015,Communication Skills 2,3,
Multimedia Journalism Major,College of Liberal Arts and Human Sciences,2026-2027,Pathways Concept 1 - Discourse,COMM 1016,Communication Skills 2,3,
Public Relations Major,College of Liberal Arts and Human Sciences,2026-2027,Degree Core Requirements,COMM 1004,First-Semester Experience in Communication,1,
Public Relations Major,College of Liberal Arts and Human Sciences,2026-2027,Degree Core Requirements,COMM 1014,Introduction to Communication,3,
Public Relations Major,College of Liberal Arts and Human Sciences,2026-2027,Degree Core Requirements,COMM 2024,Media Writing,3,
Public Relations Major,College of Liberal Arts and Human Sciences,2026-2027,Degree Core Requirements,COMM 2084,Media and Society,3,
Public Relations Major,College of Liberal Arts and Human Sciences,2026-2027,Degree Core Requirements,COMM 2094,Communication and Issues of Diversity,3,
Public Relations Major,College of Liberal Arts and Human Sciences,2026-2027,Degree Core Requirements,COMM 2124,Introduction to Communication Research,3,
Public Relations Major,College of Liberal Arts and Human Sciences,2026-2027,Degree Core Requirements,COMM 4024,Communication Law,3,
Public Relations Major,College of Liberal Arts and Human Sciences,2026-2027,Major Requirements,PR 2044,Principles of Public Relations (PATHWAY-3),3,
Public Relations Major,College of Liberal Arts and Human Sciences,2026-2027,Major Requirements,ADV 2034,Visual Communication Strategies,3,
Public Relations Major,College of Liberal Arts and Human Sciences,2026-2027,Major Requirements,PR 3014,Public Relations Cases,3,
Public Relations Major,College of Liberal Arts and Human Sciences,2026-2027,Major Requirements,PR 3144,Writing and Editing for Public Relations (PATHWAY-1A),3,
Public Relations Major,College of Liberal Arts and Human Sciences,2026-2027,Major Requirements,PR 4304,Public Relations Campaigns,3,
Public Relations Major,College of Liberal Arts and Human Sciences,2026-2027,Major Requirements,PR 4414,Public Relations Standards and Practices,3,
Public Relations Major,College of Liberal Arts and Human Sciences,2026-2027,Major Requirements,COMM 3900,Bridge Experience,0,
Public Relations Major,College of Liberal Arts and Human Sciences,2026-2027,Pathways Concept 1 - Discourse,COMM 1015,Communication Skills and Communication Skills 2,6,
Sports Media and Analytics Major,College of Liberal Arts and Human Sciences,2026-2027,Degree Core Requirements,COMM 1004,First-Semester Experience in Communication,1,
Sports Media and Analytics Major,College of Liberal Arts and Human Sciences,2026-2027,Degree Core Requirements,COMM 1014,Introduction to Communication,3,
Sports Media and Analytics Major,College of Liberal Arts and Human Sciences,2026-2027,Degree Core Requirements,COMM 2024,Media Writing,3,
Sports Media and Analytics Major,College of Liberal Arts and Human Sciences,2026-2027,Degree Core Requirements,COMM 2084,Media and Society,3,
Sports Media and Analytics Major,College of Liberal Arts and Human Sciences,2026-2027,Degree Core Requirements,COMM 2094,Communication and Issues of Diversity,3,
Sports Media and Analytics Major,College of Liberal Arts and Human Sciences,2026-2027,Degree Core Requirements,COMM 2124,Introduction to Communication Research,3,
Sports Media and Analytics Major,College of Liberal Arts and Human Sciences,2026-2027,Degree Core Requirements,COMM 4024,Communication Law,3,
Sports Media and Analytics Major,College of Liberal Arts and Human Sciences,2026-2027,Major Requirements,JMC 2034,Visual News Reporting,3,
Sports Media and Analytics Major,College of Liberal Arts and Human Sciences,2026-2027,Major Requirements,JMC 2074,Introduction to Sports Media (PATHWAY-3),3,
Sports Media and Analytics Major,College of Liberal Arts and Human Sciences,2026-2027,Major Requirements,JMC 3154,Multimedia Reporting (PATHWAY-1A),3,
Sports Media and Analytics Major,College of Liberal Arts and Human Sciences,2026-2027,Major Requirements,JMC 3314,Sports Journalism,3,
Sports Media and Analytics Major,College of Liberal Arts and Human Sciences,2026-2027,Major Requirements,JMC 3174,Advanced Multimedia Reporting,3,
Sports Media and Analytics Major,College of Liberal Arts and Human Sciences,2026-2027,Major Requirements,JMC 3344,Sports Data Journalism,3,
Sports Media and Analytics Major,College of Liberal Arts and Human Sciences,2026-2027,Major Requirements,JMC 4334,Communication Ethics,3,
Sports Media and Analytics Major,College of Liberal Arts and Human Sciences,2026-2027,Major Requirements,JMC 4834,Sportscenter,3,
Sports Media and Analytics Major,College of Liberal Arts and Human Sciences,2026-2027,Major Requirements,COMM 3900,Bridge Experience,0,
Sports Media and Analytics Major,College of Liberal Arts and Human Sciences,2026-2027,Pathways Concept 1 - Discourse,COMM 1015,Communication Skills 2,3,
Sports Media and Analytics Major,College of Liberal Arts and Human Sciences,2026-2027,Pathways Concept 1 - Discourse,COMM 1016,Communication Skills 2,3,
Career and Technical Education - Agricultural Education Major,College of Liberal Arts and Human Sciences,2026-2027,Degree Core Requirements,EDEP 2374,Educational Psychology for PK-12 Teachers,3,
Career and Technical Education - Agricultural Education Major,College of Liberal Arts and Human Sciences,2026-2027,Degree Core Requirements,EDCI 2574,Social Foundations of Education,3,
Career and Technical Education - Agricultural Education Major,College of Liberal Arts and Human Sciences,2026-2027,Degree Core Requirements,EDCI 3144,Education of Exceptional Learners,3,
Career and Technical Education - Agricultural Education Major,College of Liberal Arts and Human Sciences,2026-2027,Degree Core Requirements,EDEP 3474,Principles and Practices in PK-12 Assessment,3,
Career and Technical Education - Agricultural Education Major,College of Liberal Arts and Human Sciences,2026-2027,Degree Core Requirements,EDCI 4724,Secondary School Teaching Methods I,3,
Career and Technical Education - Agricultural Education Major,College of Liberal Arts and Human Sciences,2026-2027,Degree Core Requirements,EDCI 4734,Adolescent Literacy and Reading,3,
Career and Technical Education - Agricultural Education Major,College of Liberal Arts and Human Sciences,2026-2027,Degree Core Requirements,EDCI 4744,Secondary School Teaching Methods II,3,
Career and Technical Education - Agricultural Education Major,College of Liberal Arts and Human Sciences,2026-2027,Major Requirements,EDCI 1004,Introduction to Teacher Education and Licensure,1,
Career and Technical Education - Agricultural Education Major,College of Liberal Arts and Human Sciences,2026-2027,Major Requirements,ALCE 2094,Introduction to Metal Fabrication,1,
Career and Technical Education - Agricultural Education Major,College of Liberal Arts and Human Sciences,2026-2027,Major Requirements,ALCE 2484,Engine and Power Train Technology,3,
Career and Technical Education - Agricultural Education Major,College of Liberal Arts and Human Sciences,2026-2027,Major Requirements,ALCE 4064,Ag Mechanical Lab Management,3,
Career and Technical Education - Agricultural Education Major,College of Liberal Arts and Human Sciences,2026-2027,Major Requirements,APSC 1454,Introduction to Animal and Poultry Science,3,
Career and Technical Education - Agricultural Education Major,College of Liberal Arts and Human Sciences,2026-2027,Major Requirements,CSES 3114/GEOS 3614,Soils,3,
Career and Technical Education - Agricultural Education Major,College of Liberal Arts and Human Sciences,2026-2027,Major Requirements,EDCT 2604,Introduction to Career and Technical Education,3,
Career and Technical Education - Agricultural Education Major,College of Liberal Arts and Human Sciences,2026-2027,Major Requirements,ALCE/EDCT 4884,Youth Program Management,3,
Career and Technical Education - Agricultural Education Major,College of Liberal Arts and Human Sciences,2026-2027,Field-Based Requirements,EDCI 2004,Exploring the Teaching Profession- Field Studies in Education,3,
Career and Technical Education - Agricultural Education Major,College of Liberal Arts and Human Sciences,2026-2027,Field-Based Requirements,EDCT 4624,Managing a Career and Technical Education Program,3,
Career and Technical Education - Agricultural Education Major,College of Liberal Arts and Human Sciences,2026-2027,Field-Based Requirements,EDCI 3964,Field Study,3,
Career and Technical Education - Agricultural Education Major,College of Liberal Arts and Human Sciences,2026-2027,Field-Based Requirements,EDCI 4964,Field Study,9,
Career and Technical Education - Agricultural Education Major,College of Liberal Arts and Human Sciences,2026-2027,Pathways Concept 1 - Discourse,ENGL 1105,First-Year Writing (1F),3,
Career and Technical Education - Agricultural Education Major,College of Liberal Arts and Human Sciences,2026-2027,Pathways Concept 1 - Discourse,ENGL 1106,First-Year Writing (1F),3,
Career and Technical Education - Agricultural Education Major,College of Liberal Arts and Human Sciences,2026-2027,Pathways Concept 1 - Discourse,ALCE 2414,Exploring Human Experience in Ag & Life Sci,3,
Career and Technical Education - Agricultural Education Major,College of Liberal Arts and Human Sciences,2026-2027,Pathways Concept 3 - Reasoning in the Social Sciences,AAEC 1005,Economics of the Food and Fiber System,3,
Career and Technical Education - Agricultural Education Major,College of Liberal Arts and Human Sciences,2026-2027,Pathways Concept 3 - Reasoning in the Social Sciences,AAEC 1006,Economics of the Food and Fiber System,3,
Career and Technical Education - Agricultural Education Major,College of Liberal Arts and Human Sciences,2026-2027,Pathways Concept 4 - Reasoning in the Natural Sciences,FREC 2004,Forest Ecosystems,3,
Career and Technical Education - Agricultural Education Major,College of Liberal Arts and Human Sciences,2026-2027,Pathways Concept 5 - Quantitative and Computational Thinking,STAT 2004,Introductory Statistics (5f),3,
Career and Technical Education - Agricultural Education Major,College of Liberal Arts and Human Sciences,2026-2027,Pathways Concept 5 - Quantitative and Computational Thinking,MATH 1014,Precalculus with Transcendental Functions (5f),3,
Career and Technical Education - Agricultural Education Major,College of Liberal Arts and Human Sciences,2026-2027,Pathways Concept 6 - Critique and Practice in Design and the Arts,HORT 2164,Floral Design 2,3,
Career and Technical Education Major with Business and Information Technologies Education Option,College of Liberal Arts and Human Sciences,2026-2027,Degree Core Requirements,EDEP 2374,Educational Psychology for PK-12 Teachers,3,
Career and Technical Education Major with Business and Information Technologies Education Option,College of Liberal Arts and Human Sciences,2026-2027,Degree Core Requirements,EDCI 2574,Social Foundations of Education,3,
Career and Technical Education Major with Business and Information Technologies Education Option,College of Liberal Arts and Human Sciences,2026-2027,Degree Core Requirements,EDCI 3144,Education of Exceptional Learners,3,
Career and Technical Education Major with Business and Information Technologies Education Option,College of Liberal Arts and Human Sciences,2026-2027,Degree Core Requirements,EDEP 3474,Principles and Practices in PK-12 Assessment,3,
Career and Technical Education Major with Business and Information Technologies Education Option,College of Liberal Arts and Human Sciences,2026-2027,Degree Core Requirements,EDCI 4724,Secondary School Teaching Methods I,3,
Career and Technical Education Major with Business and Information Technologies Education Option,College of Liberal Arts and Human Sciences,2026-2027,Degree Core Requirements,EDCI 4734,Adolescent Literacy and Reading,3,
Career and Technical Education Major with Business and Information Technologies Education Option,College of Liberal Arts and Human Sciences,2026-2027,Degree Core Requirements,EDCI 4744,Secondary School Teaching Methods II,3,
Career and Technical Education Major with Business and Information Technologies Education Option,College of Liberal Arts and Human Sciences,2026-2027,Major Requirements,EDCI 1004,Introduction to Teacher Education and Licensure,1,
Career and Technical Education Major with Business and Information Technologies Education Option,College of Liberal Arts and Human Sciences,2026-2027,Major Requirements,EDCT/ALCE 4884,Youth Program Management,3,
Career and Technical Education Major with Business and Information Technologies Education Option,College of Liberal Arts and Human Sciences,2026-2027,Major Requirements,EDCT 2604,Introduction to Career and Technical Education,3,
Career and Technical Education Major with Business and Information Technologies Education Option,College of Liberal Arts and Human Sciences,2026-2027,Field-Based Requirements,EDCI 2004,Exploring the Teaching Profession- Field Studies in Education,3,
Career and Technical Education Major with Business and Information Technologies Education Option,College of Liberal Arts and Human Sciences,2026-2027,Field-Based Requirements,EDCI 3964,Field Study,3,
Career and Technical Education Major with Business and Information Technologies Education Option,College of Liberal Arts and Human Sciences,2026-2027,Field-Based Requirements,EDCI 4964,Field Study,9,
Career and Technical Education Major with Business and Information Technologies Education Option,College of Liberal Arts and Human Sciences,2026-2027,Field-Based Requirements,EDCT 4624,Managing a Career and Technical Education Program,3,
Career and Technical Education Major with Business and Information Technologies Education Option,College of Liberal Arts and Human Sciences,2026-2027,Option Required Courses,ACIS 2115,Principles of Accounting,3,
Career and Technical Education Major with Business and Information Technologies Education Option,College of Liberal Arts and Human Sciences,2026-2027,Option Required Courses,ACIS 2116,Principles of Accounting,3,
Career and Technical Education Major with Business and Information Technologies Education Option,College of Liberal Arts and Human Sciences,2026-2027,Option Required Courses,HTM/MGT 2314,Introduction to International Business,3,
Career and Technical Education Major with Business and Information Technologies Education Option,College of Liberal Arts and Human Sciences,2026-2027,Option Required Courses,MGT 1104,Foundations of Business,3,
Career and Technical Education Major with Business and Information Technologies Education Option,College of Liberal Arts and Human Sciences,2026-2027,Option Required Courses,MGT 3304,Management Theory and Leadership Practice,3,
Career and Technical Education Major with Business and Information Technologies Education Option,College of Liberal Arts and Human Sciences,2026-2027,Pathways Concept 1 - Discourse,ENGL 1105,First-Year Writing (1F),3,
Career and Technical Education Major with Business and Information Technologies Education Option,College of Liberal Arts and Human Sciences,2026-2027,Pathways Concept 1 - Discourse,ENGL 1106,First-Year Writing (1F),3,
Career and Technical Education Major with Business and Information Technologies Education Option,College of Liberal Arts and Human Sciences,2026-2027,Pathways Concept 1 - Discourse,ENGL 3844,Writing and Digital Media (1A),3,
Career and Technical Education Major with Business and Information Technologies Education Option,College of Liberal Arts and Human Sciences,2026-2027,Pathways Concept 2 - Critical Thinking in the Humanities,STS 2664,Technology Ethics,3,
Career and Technical Education Major with Business and Information Technologies Education Option,College of Liberal Arts and Human Sciences,2026-2027,Pathways Concept 2 - Critical Thinking in the Humanities,STS 2604,Introduction to Data in Social Context,3,
Career and Technical Education Major with Business and Information Technologies Education Option,College of Liberal Arts and Human Sciences,2026-2027,Pathways Concept 3 - Reasoning in the Social Sciences,ECON 2005,Principles of Economics,3,
Career and Technical Education Major with Business and Information Technologies Education Option,College of Liberal Arts and Human Sciences,2026-2027,Pathways Concept 3 - Reasoning in the Social Sciences,FIN 3054,Legal and Ethical Environment of Business,3,
Career and Technical Education Major with Business and Information Technologies Education Option,College of Liberal Arts and Human Sciences,2026-2027,Pathways Concept 5 - Quantitative and Computational Thinking,FIN 2114,Investments and Financial Literacy (5f),3,
Career and Technical Education Major with Business and Information Technologies Education Option,College of Liberal Arts and Human Sciences,2026-2027,Pathways Concept 5 - Quantitative and Computational Thinking,CS 1014,Introduction to Computational Thinking (5f),3,
Career and Technical Education Major with Business and Information Technologies Education Option,College of Liberal Arts and Human Sciences,2026-2027,Pathways Concept 5 - Quantitative and Computational Thinking,AAEC 2104,Personal Financial Planning (5A),3,
Career and Technical Education Major with Business and Information Technologies Education Option,College of Liberal Arts and Human Sciences,2026-2027,Pathways Concept 6 - Critique and Practice in Design and the Arts,MGT 2064,Foundations of Entrepreneurship (6a),3,
Career and Technical Education Major with Business and Information Technologies Education Option,College of Liberal Arts and Human Sciences,2026-2027,Pathways Concept 6 - Critique and Practice in Design and the Arts,CS 2114,Software Design and Data Structures (6d),3,
Career and Technical Education Major with Family and Consumer Sciences Education Option,College of Liberal Arts and Human Sciences,2026-2027,Degree Core Requirements,EDEP 2374,Educational Psychology for PK-12 Teachers,3,
Career and Technical Education Major with Family and Consumer Sciences Education Option,College of Liberal Arts and Human Sciences,2026-2027,Degree Core Requirements,EDCI 2574,Social Foundations of Education,3,
Career and Technical Education Major with Family and Consumer Sciences Education Option,College of Liberal Arts and Human Sciences,2026-2027,Degree Core Requirements,EDCI 3144,Education of Exceptional Learners,3,
Career and Technical Education Major with Family and Consumer Sciences Education Option,College of Liberal Arts and Human Sciences,2026-2027,Degree Core Requirements,EDEP 3474,Principles and Practices in PK-12 Assessment,3,
Career and Technical Education Major with Family and Consumer Sciences Education Option,College of Liberal Arts and Human Sciences,2026-2027,Degree Core Requirements,EDCI 4724,Secondary School Teaching Methods I,3,
Career and Technical Education Major with Family and Consumer Sciences Education Option,College of Liberal Arts and Human Sciences,2026-2027,Degree Core Requirements,EDCI 4734,Adolescent Literacy and Reading,3,
Career and Technical Education Major with Family and Consumer Sciences Education Option,College of Liberal Arts and Human Sciences,2026-2027,Degree Core Requirements,EDCI 4744,Secondary School Teaching Methods II,3,
Career and Technical Education Major with Family and Consumer Sciences Education Option,College of Liberal Arts and Human Sciences,2026-2027,Major Requirements,EDCI 1004,Introduction to Teacher Education and Licensure,1,
Career and Technical Education Major with Family and Consumer Sciences Education Option,College of Liberal Arts and Human Sciences,2026-2027,Major Requirements,EDCT 2604,Introduction to Career and Technical Education,3,
Career and Technical Education Major with Family and Consumer Sciences Education Option,College of Liberal Arts and Human Sciences,2026-2027,Major Requirements,EDCT/ALCE 4884,Youth Program Management,3,
Career and Technical Education Major with Family and Consumer Sciences Education Option,College of Liberal Arts and Human Sciences,2026-2027,Field-Based Requirements,EDCI 2004,Exploring the Teaching Profession- Field Studies in Education,3,
Career and Technical Education Major with Family and Consumer Sciences Education Option,College of Liberal Arts and Human Sciences,2026-2027,Field-Based Requirements,EDCI 3964,Field Study,3,
Career and Technical Education Major with Family and Consumer Sciences Education Option,College of Liberal Arts and Human Sciences,2026-2027,Field-Based Requirements,EDCI 4964,Field Study,9,
Career and Technical Education Major with Family and Consumer Sciences Education Option,College of Liberal Arts and Human Sciences,2026-2027,Field-Based Requirements,EDCT 4624,Managing a Career and Technical Education Program,3,
Career and Technical Education Major with Family and Consumer Sciences Education Option,College of Liberal Arts and Human Sciences,2026-2027,Option Required Courses,TA 3014,Production Lab,3,
Career and Technical Education Major with Family and Consumer Sciences Education Option,College of Liberal Arts and Human Sciences,2026-2027,Option Required Courses,HD 1004,Childhood and Adolescence,3,
Career and Technical Education Major with Family and Consumer Sciences Education Option,College of Liberal Arts and Human Sciences,2026-2027,Option Required Courses,HD 2004,Adulthood and Aging,3,
Career and Technical Education Major with Family and Consumer Sciences Education Option,College of Liberal Arts and Human Sciences,2026-2027,Option Required Courses,HD 2304,Family Relationships,3,
Career and Technical Education Major with Family and Consumer Sciences Education Option,College of Liberal Arts and Human Sciences,2026-2027,Option Required Courses,HNFE 1004,"Foods, Nutrition And Exercise",3,
Career and Technical Education Major with Family and Consumer Sciences Education Option,College of Liberal Arts and Human Sciences,2026-2027,Option Required Courses,HTM 3414,Chef Lab: Culinary Operations Management 2,4,
Career and Technical Education Major with Family and Consumer Sciences Education Option,College of Liberal Arts and Human Sciences,2026-2027,Option Required Courses,HTM 4414,Restaurant Management: Design and Innovation,3,
Career and Technical Education Major with Family and Consumer Sciences Education Option,College of Liberal Arts and Human Sciences,2026-2027,Option Required Courses,RED 2644,Housing and the Consumer,3,
Career and Technical Education Major with Family and Consumer Sciences Education Option,College of Liberal Arts and Human Sciences,2026-2027,Pathways Concept 1 - Discourse,ENGL 1105,First-Year Writing (1F),3,
Career and Technical Education Major with Family and Consumer Sciences Education Option,College of Liberal Arts and Human Sciences,2026-2027,Pathways Concept 1 - Discourse,ENGL 1106,First-Year Writing (1F),3,
Career and Technical Education Major with Family and Consumer Sciences Education Option,College of Liberal Arts and Human Sciences,2026-2027,Pathways Concept 1 - Discourse,COMM 2004,Public Speaking (1A),3,
Career and Technical Education Major with Family and Consumer Sciences Education Option,College of Liberal Arts and Human Sciences,2026-2027,Pathways Concept 3 - Reasoning in the Social Sciences,AHRM 2404,Consumer Rights,3,
Career and Technical Education Major with Family and Consumer Sciences Education Option,College of Liberal Arts and Human Sciences,2026-2027,Pathways Concept 3 - Reasoning in the Social Sciences,FMD 1204,Clothing and People (Also Counts as Concept 7),3,
Career and Technical Education Major with Family and Consumer Sciences Education Option,College of Liberal Arts and Human Sciences,2026-2027,Pathways Concept 5 - Quantitative and Computational Thinking,CONS 2304,Consumer and Family Finances (5f),3,
Career and Technical Education Major with Family and Consumer Sciences Education Option,College of Liberal Arts and Human Sciences,2026-2027,Pathways Concept 5 - Quantitative and Computational Thinking,AAEC 2104,Personal Financial Planning (5a),3,
Career and Technical Education Major with Family and Consumer Sciences Education Option,College of Liberal Arts and Human Sciences,2026-2027,Pathways Concept 6 - Critique and Practice in Design and the Arts,AHRM 1014,Design and Art for Consumers (6a),3,
Career and Technical Education Major with Family and Consumer Sciences Education Option,College of Liberal Arts and Human Sciences,2026-2027,Pathways Concept 6 - Critique and Practice in Design and the Arts,AHRM 2014,Design for Consumers Studio (6d),3,
Career and Technical Education Major with Marketing Education Option,College of Liberal Arts and Human Sciences,2026-2027,Degree Core Requirements,EDEP 2374,Educational Psychology for PK-12 Teachers,3,
Career and Technical Education Major with Marketing Education Option,College of Liberal Arts and Human Sciences,2026-2027,Degree Core Requirements,EDCI 2574,Social Foundations of Education,3,
Career and Technical Education Major with Marketing Education Option,College of Liberal Arts and Human Sciences,2026-2027,Degree Core Requirements,EDCI 3144,Education of Exceptional Learners,3,
Career and Technical Education Major with Marketing Education Option,College of Liberal Arts and Human Sciences,2026-2027,Degree Core Requirements,EDEP 3474,Principles and Practices in PK-12 Assessment,3,
Career and Technical Education Major with Marketing Education Option,College of Liberal Arts and Human Sciences,2026-2027,Degree Core Requirements,EDCI 4724,Secondary School Teaching Methods I,3,
Career and Technical Education Major with Marketing Education Option,College of Liberal Arts and Human Sciences,2026-2027,Degree Core Requirements,EDCI 4734,Adolescent Literacy and Reading,3,
Career and Technical Education Major with Marketing Education Option,College of Liberal Arts and Human Sciences,2026-2027,Degree Core Requirements,EDCI 4744,Secondary School Teaching Methods II,3,
Career and Technical Education Major with Marketing Education Option,College of Liberal Arts and Human Sciences,2026-2027,Major Requirements,EDCI 1004,Introduction to Teacher Education and Licensure,1,
Career and Technical Education Major with Marketing Education Option,College of Liberal Arts and Human Sciences,2026-2027,Major Requirements,EDCT 2604,Introduction to Career and Technical Education,3,
Career and Technical Education Major with Marketing Education Option,College of Liberal Arts and Human Sciences,2026-2027,Major Requirements,EDCT/ALCE 4884,Youth Program Management,3,
Career and Technical Education Major with Marketing Education Option,College of Liberal Arts and Human Sciences,2026-2027,Field-Based Requirements,EDCI 2004,Exploring the Teaching Profession- Field Studies in Education,3,
Career and Technical Education Major with Marketing Education Option,College of Liberal Arts and Human Sciences,2026-2027,Field-Based Requirements,EDCI 3964,Field Study,3,
Career and Technical Education Major with Marketing Education Option,College of Liberal Arts and Human Sciences,2026-2027,Field-Based Requirements,EDCI 4964,Field Study,9,
Career and Technical Education Major with Marketing Education Option,College of Liberal Arts and Human Sciences,2026-2027,Field-Based Requirements,EDCT 4624,Managing a Career and Technical Education Program,3,
Career and Technical Education Major with Marketing Education Option,College of Liberal Arts and Human Sciences,2026-2027,Option Required Courses,MGT 1104,Foundations of Business,3,
Career and Technical Education Major with Marketing Education Option,College of Liberal Arts and Human Sciences,2026-2027,Option Required Courses,MGT 3304,Management Theory and Leadership Practice,3,
Career and Technical Education Major with Marketing Education Option,College of Liberal Arts and Human Sciences,2026-2027,Option Required Courses,MKTG 3104,Marketing Management,3,
Career and Technical Education Major with Marketing Education Option,College of Liberal Arts and Human Sciences,2026-2027,Option Required Courses,MKTG 3504,Advertising,3,
Career and Technical Education Major with Marketing Education Option,College of Liberal Arts and Human Sciences,2026-2027,Option Required Courses,MKTG 4554,Principles of Professional Selling,3,
Career and Technical Education Major with Marketing Education Option,College of Liberal Arts and Human Sciences,2026-2027,Option Required Courses,MKTG 4604,Retail Management,3,
Career and Technical Education Major with Marketing Education Option,College of Liberal Arts and Human Sciences,2026-2027,Option Required Courses,MKTG 4704,International Marketing,3,
Career and Technical Education Major with Marketing Education Option,College of Liberal Arts and Human Sciences,2026-2027,Pathways Concept 1 - Discourse,ENGL 1105,First-Year Writing (1f),3,
Career and Technical Education Major with Marketing Education Option,College of Liberal Arts and Human Sciences,2026-2027,Pathways Concept 1 - Discourse,ENGL 1106,First-Year Writing (1f),3,
Career and Technical Education Major with Marketing Education Option,College of Liberal Arts and Human Sciences,2026-2027,Pathways Concept 1 - Discourse,COMM 2004,Public Speaking (1a),3,
Career and Technical Education Major with Marketing Education Option,College of Liberal Arts and Human Sciences,2026-2027,Pathways Concept 2 - Critical Thinking in the Humanities,STS 2664,Technology Ethics,3,
Career and Technical Education Major with Marketing Education Option,College of Liberal Arts and Human Sciences,2026-2027,Pathways Concept 2 - Critical Thinking in the Humanities,STS 2254,Innovation in Context,3,
Career and Technical Education Major with Marketing Education Option,College of Liberal Arts and Human Sciences,2026-2027,Pathways Concept 3 - Reasoning in the Social Sciences,ECON 2005,Principles of Economics,3,
Career and Technical Education Major with Marketing Education Option,College of Liberal Arts and Human Sciences,2026-2027,Pathways Concept 3 - Reasoning in the Social Sciences,AHRM 2404,Consumer Rights,3,
Career and Technical Education Major with Marketing Education Option,College of Liberal Arts and Human Sciences,2026-2027,Select 3 credits for Concept 5f,FIN 2114,Investments and Financial Literacy (5f),3,
Career and Technical Education Major with Marketing Education Option,College of Liberal Arts and Human Sciences,2026-2027,Pathways Concept 6 - Critique and Practice in Design and the Arts,HTM 3424,Event Management (6d),3,
Career and Technical Education Major with Marketing Education Option,College of Liberal Arts and Human Sciences,2026-2027,Pathways Concept 6 - Critique and Practice in Design and the Arts,CS 2114,Software Design and Data Structures,3,
Elementary Education (PK-6) Major,College of Liberal Arts and Human Sciences,2026-2027,Degree Core Requirements,EDCI 1004,Introduction to Teacher Education and Licensure,1,
Elementary Education (PK-6) Major,College of Liberal Arts and Human Sciences,2026-2027,Degree Core Requirements,EDEP 2374,Educational Psychology for PK-12 Teachers,3,
Elementary Education (PK-6) Major,College of Liberal Arts and Human Sciences,2026-2027,Degree Core Requirements,EDCI 2574,Social Foundations of Education,3,
Elementary Education (PK-6) Major,College of Liberal Arts and Human Sciences,2026-2027,Degree Core Requirements,EDCI 3144,Education of Exceptional Learners,3,
Elementary Education (PK-6) Major,College of Liberal Arts and Human Sciences,2026-2027,Degree Core Requirements,EDCI 3234,Foundations of Reading Instruction (PK-6),3,
Elementary Education (PK-6) Major,College of Liberal Arts and Human Sciences,2026-2027,Degree Core Requirements,EDCI 3244,"Curriculum and Instruction in Elementary Mathematics, PK-3",3,
Elementary Education (PK-6) Major,College of Liberal Arts and Human Sciences,2026-2027,Degree Core Requirements,EDCI 3334,Teaching Language Arts in the Elementary Classroom,4,
Elementary Education (PK-6) Major,College of Liberal Arts and Human Sciences,2026-2027,Major Requirements,EDCI 2464,Foundations of Social Studies Education,3,
Elementary Education (PK-6) Major,College of Liberal Arts and Human Sciences,2026-2027,Major Requirements,EDCI 3074,Elementary Curriculum: Methods in Teaching,3,
Elementary Education (PK-6) Major,College of Liberal Arts and Human Sciences,2026-2027,Major Requirements,EDCI 3254,Elementary Methods in Science,3,
Elementary Education (PK-6) Major,College of Liberal Arts and Human Sciences,2026-2027,Major Requirements,EDCI 3354,STEM in Elementary Schools,3,
Elementary Education (PK-6) Major,College of Liberal Arts and Human Sciences,2026-2027,Major Requirements,EDCI 3464,Elementary Social Studies Teaching Methods,3,
Elementary Education (PK-6) Major,College of Liberal Arts and Human Sciences,2026-2027,Major Requirements,EDCI 4074,Culturally Responsive Teaching in the Elementary Classroom,3,
Elementary Education (PK-6) Major,College of Liberal Arts and Human Sciences,2026-2027,Major Requirements,EDEP 3474,Principles and Practices in PK-12 Assessment,3,
Elementary Education (PK-6) Major,College of Liberal Arts and Human Sciences,2026-2027,Major Requirements,MATH 1614,Numbers and Operations for Teachers,3,
Elementary Education (PK-6) Major,College of Liberal Arts and Human Sciences,2026-2027,Major Requirements,MATH 1624,Geometry for Teachers,3,
Elementary Education (PK-6) Major,College of Liberal Arts and Human Sciences,2026-2027,Field-Based Requirements,EDCI 2004,Exploring the Teaching Profession- Field Studies in Education,3,
Elementary Education (PK-6) Major,College of Liberal Arts and Human Sciences,2026-2027,Field-Based Requirements,EDCI 3964,Field Study,6,
Elementary Education (PK-6) Major,College of Liberal Arts and Human Sciences,2026-2027,Field-Based Requirements,EDCI 4964,Field Study,9,
Elementary Education (PK-6) Major,College of Liberal Arts and Human Sciences,2026-2027,Pathways Concept 1 - Discourse,ENGL 1105,First-Year Writing (1F),3,
Elementary Education (PK-6) Major,College of Liberal Arts and Human Sciences,2026-2027,Pathways Concept 1 - Discourse,ENGL 1106,First-Year Writing (1F),3,
Elementary Education (PK-6) Major,College of Liberal Arts and Human Sciences,2026-2027,Pathways Concept 2 - Critical Thinking in the Humanities,HIST 1115,History of the United States (also meets Pathways Concept 7 - Critical Analysis of Identity and Equity in the United States requirement),3,
Elementary Education (PK-6) Major,College of Liberal Arts and Human Sciences,2026-2027,Pathways Concept 3 - Reasoning in the Social Sciences,GEOG 1014,World Regions,3,
Elementary Education (PK-6) Major,College of Liberal Arts and Human Sciences,2026-2027,Pathways Concept 3 - Reasoning in the Social Sciences,HD 1004,Childhood and Adolescence,3,
Elementary Education (PK-6) Major,College of Liberal Arts and Human Sciences,2026-2027,Pathways Concept 4 - Reasoning in the Natural Sciences,ISC 1005,Integrated Scientific Reasoning,3,
Elementary Education (PK-6) Major,College of Liberal Arts and Human Sciences,2026-2027,Pathways Concept 4 - Reasoning in the Natural Sciences,ISC 1006,Integrated Scientific Reasoning,3,
Elementary Education (PK-6) Major,College of Liberal Arts and Human Sciences,2026-2027,Pathways Concept 5 - Quantitative and Computational Thinking,EDCI 4244,Curriculum and Instruction in Middle School Mathematics (4-8) (5A),3,
English Language Arts Education Major,College of Liberal Arts and Human Sciences,2026-2027,Degree Core Requirements,EDCI 2574,Social Foundations of Education,3,
English Language Arts Education Major,College of Liberal Arts and Human Sciences,2026-2027,Degree Core Requirements,EDCI 4724,Secondary School Teaching Methods I,3,
English Language Arts Education Major,College of Liberal Arts and Human Sciences,2026-2027,Degree Core Requirements,EDCI 3144,Education of Exceptional Learners,3,
English Language Arts Education Major,College of Liberal Arts and Human Sciences,2026-2027,Degree Core Requirements,EDCI 4734,Adolescent Literacy and Reading,3,
English Language Arts Education Major,College of Liberal Arts and Human Sciences,2026-2027,Degree Core Requirements,EDCI 4744,Secondary School Teaching Methods II,3,
English Language Arts Education Major,College of Liberal Arts and Human Sciences,2026-2027,Degree Core Requirements,EDEP 2374,Educational Psychology for PK-12 Teachers,3,
English Language Arts Education Major,College of Liberal Arts and Human Sciences,2026-2027,Degree Core Requirements,EDEP 3474,Principles and Practices in PK-12 Assessment,3,
English Language Arts Education Major,College of Liberal Arts and Human Sciences,2026-2027,Major Requirements,EDCI 1004,Introduction to Teacher Education and Licensure,1,
English Language Arts Education Major,College of Liberal Arts and Human Sciences,2026-2027,Major Requirements,ENGL 2534,American Literary History,3,
English Language Arts Education Major,College of Liberal Arts and Human Sciences,2026-2027,Major Requirements,ENGL 2544,British Literary History,3,
English Language Arts Education Major,College of Liberal Arts and Human Sciences,2026-2027,Major Requirements,ENGL 3324,Acts of Interpretation,3,
English Language Arts Education Major,College of Liberal Arts and Human Sciences,2026-2027,World Literature,ENGL 3514,Ethnic Literature for Children,3,
English Language Arts Education Major,College of Liberal Arts and Human Sciences,2026-2027,History of the English Language,ENGL 4054,History of the English Language,3,
English Language Arts Education Major,College of Liberal Arts and Human Sciences,2026-2027,Writing,ENGL 2604,Introduction to Critical Reading,3,
English Language Arts Education Major,College of Liberal Arts and Human Sciences,2026-2027,Secondary Teaching Practicum,EDCI 2004,Exploring the Teaching Profession- Field Studies in Education,3,
English Language Arts Education Major,College of Liberal Arts and Human Sciences,2026-2027,Secondary Teaching Practicum,EDCI 3964,Field Study,6,
English Language Arts Education Major,College of Liberal Arts and Human Sciences,2026-2027,Secondary Teaching Practicum,EDCI 4964,Field Study,9,
English Language Arts Education Major,College of Liberal Arts and Human Sciences,2026-2027,Pathways Concept 1 - Discourse,ENGL 1105,First-Year Writing (1F),3,
English Language Arts Education Major,College of Liberal Arts and Human Sciences,2026-2027,Pathways Concept 1 - Discourse,ENGL 1106,First-Year Writing (1F),3,
English Language Arts Education Major,College of Liberal Arts and Human Sciences,2026-2027,Pathways Concept 1 - Discourse,ENGL 3134,Gender and Linguistics (1A),3,
English Language Arts Education Major,College of Liberal Arts and Human Sciences,2026-2027,Pathways Concept 2 - Critical Thinking in the Humanities,ENGL 4164,Studies in Shakespeare,3,
English Language Arts Education Major,College of Liberal Arts and Human Sciences,2026-2027,Pathways Concept 3 - Reasoning in the Social Sciences,ENGL 3144,Language and Ethnicity in the United States,3,
English Language Arts Education Major,College of Liberal Arts and Human Sciences,2026-2027,Pathways Concept 6 - Critique and Practice in Design and the Arts,ENGL 2744,Introduction to Creative Writing,3,
History and Social Sciences Education Major,College of Liberal Arts and Human Sciences,2026-2027,Degree Core Requirements,EDEP 2374,Educational Psychology for PK-12 Teachers,3,
History and Social Sciences Education Major,College of Liberal Arts and Human Sciences,2026-2027,Degree Core Requirements,EDCI 2574,Social Foundations of Education,3,
History and Social Sciences Education Major,College of Liberal Arts and Human Sciences,2026-2027,Degree Core Requirements,EDCI 3144,Education of Exceptional Learners,3,
History and Social Sciences Education Major,College of Liberal Arts and Human Sciences,2026-2027,Degree Core Requirements,EDEP 3474,Principles and Practices in PK-12 Assessment,3,
History and Social Sciences Education Major,College of Liberal Arts and Human Sciences,2026-2027,Degree Core Requirements,EDCI 4724,Secondary School Teaching Methods I,3,
History and Social Sciences Education Major,College of Liberal Arts and Human Sciences,2026-2027,Degree Core Requirements,EDCI 4734,Adolescent Literacy and Reading,3,
History and Social Sciences Education Major,College of Liberal Arts and Human Sciences,2026-2027,Degree Core Requirements,EDCI 4744,Secondary School Teaching Methods II,3,
History and Social Sciences Education Major,College of Liberal Arts and Human Sciences,2026-2027,Major Requirements,EDCI 1004,Introduction to Teacher Education and Licensure,1,
History and Social Sciences Education Major,College of Liberal Arts and Human Sciences,2026-2027,Virginia/South History,HIST 3224,History of Virginia,3,
History and Social Sciences Education Major,College of Liberal Arts and Human Sciences,2026-2027,World History,HIST 1215,Intro to World History,3,
History and Social Sciences Education Major,College of Liberal Arts and Human Sciences,2026-2027,World History,HIST 1216,Intro to World History,3,
History and Social Sciences Education Major,College of Liberal Arts and Human Sciences,2026-2027,Political Science,PSCI/IS 1024,Comp Gov & Politics,3,
History and Social Sciences Education Major,College of Liberal Arts and Human Sciences,2026-2027,Secondary Teaching Practicum,EDCI 2004,Exploring the Teaching Profession- Field Studies in Education (This course should be entitled Exploring the Teaching Profession (title change approved spring of 2023)),3,
History and Social Sciences Education Major,College of Liberal Arts and Human Sciences,2026-2027,Secondary Teaching Practicum,EDCI 3964,Field Study,6,
History and Social Sciences Education Major,College of Liberal Arts and Human Sciences,2026-2027,Secondary Teaching Practicum,EDCI 4964,Field Study,9,
History and Social Sciences Education Major,College of Liberal Arts and Human Sciences,2026-2027,Pathways Concept 2 - Critical Thinking in the Humanities,HIST 1115,History of the United States,3,
History and Social Sciences Education Major,College of Liberal Arts and Human Sciences,2026-2027,Pathways Concept 2 - Critical Thinking in the Humanities,HIST 1116,History of the United States,3,
History and Social Sciences Education Major,College of Liberal Arts and Human Sciences,2026-2027,Pathways Concept 3 - Reasoning in the Social Sciences,GEOG 1014,World Regions,3,
History and Social Sciences Education Major,College of Liberal Arts and Human Sciences,2026-2027,Pathways Concept 3 - Reasoning in the Social Sciences,PSCI/GEOG/IS 2064,The Global Economy and World Politics 3,3,
History and Social Sciences Education Major,College of Liberal Arts and Human Sciences,2026-2027,Pathways Concept 5 - Quantitative and Computational Thinking,GEOG 1084,Digital Planet,3,
History and Social Sciences Education Major,College of Liberal Arts and Human Sciences,2026-2027,Pathways Concept 7 - Critical Analysis of Identity and Equity in the United States,PSCI 1014,Introduction to United States Government and Politics,3,
Mathematics Education Major,College of Liberal Arts and Human Sciences,2026-2027,Degree Core Requirements,EDEP 2374,Educational Psychology for PK-12 Teachers,3,
Mathematics Education Major,College of Liberal Arts and Human Sciences,2026-2027,Degree Core Requirements,EDCI 2574,Social Foundations of Education,3,
Mathematics Education Major,College of Liberal Arts and Human Sciences,2026-2027,Degree Core Requirements,EDCI 3144,Education of Exceptional Learners,3,
Mathematics Education Major,College of Liberal Arts and Human Sciences,2026-2027,Degree Core Requirements,EDEP 3474,Principles and Practices in PK-12 Assessment,3,
Mathematics Education Major,College of Liberal Arts and Human Sciences,2026-2027,Degree Core Requirements,EDCI 4724,Secondary School Teaching Methods I,3,
Mathematics Education Major,College of Liberal Arts and Human Sciences,2026-2027,Degree Core Requirements,EDCI 4734,Adolescent Literacy and Reading,3,
Mathematics Education Major,College of Liberal Arts and Human Sciences,2026-2027,Degree Core Requirements,EDCI 4744,Secondary School Teaching Methods II,3,
Mathematics Education Major,College of Liberal Arts and Human Sciences,2026-2027,Major Requirements,EDCI 1004,Introduction to Teacher Education and Licensure,1,
Mathematics Education Major,College of Liberal Arts and Human Sciences,2026-2027,Major Requirements,MATH 2114,Introduction to Linear Algebra,3,
Mathematics Education Major,College of Liberal Arts and Human Sciences,2026-2027,Major Requirements,MATH 2204,Introduction to Multivariable Calculus,3,
Mathematics Education Major,College of Liberal Arts and Human Sciences,2026-2027,Major Requirements,MATH 3034,Introduction to Proofs,3,
Mathematics Education Major,College of Liberal Arts and Human Sciences,2026-2027,Major Requirements,MATH 3124,Modern Algebra,3,
Mathematics Education Major,College of Liberal Arts and Human Sciences,2026-2027,Major Requirements,EDCI 4274,Curriculum and Instruction in Middle School Mathematics,3,
Mathematics Education Major,College of Liberal Arts and Human Sciences,2026-2027,Major Requirements,MATH 4334,College Geometry,3,
Mathematics Education Major,College of Liberal Arts and Human Sciences,2026-2027,Major Requirements,MATH 4625,Mathematics for Secondary Teachers,3,
Mathematics Education Major,College of Liberal Arts and Human Sciences,2026-2027,Major Requirements,MATH 4626,Mathematics for Secondary Teachers,3,
Mathematics Education Major,College of Liberal Arts and Human Sciences,2026-2027,Secondary Teaching Practicum,EDCI 2004,Exploring the Teaching Profession- Field Studies in Education ( EDCI 2004 should be listed as Exploring the Teaching Profession (name change spring of 2023). It should be listed with the EDCI 3964 and 4964 coures. ),3,
Mathematics Education Major,College of Liberal Arts and Human Sciences,2026-2027,Secondary Teaching Practicum,EDCI 3964,Field Study,6,
Mathematics Education Major,College of Liberal Arts and Human Sciences,2026-2027,Secondary Teaching Practicum,EDCI 4964,Field Study,9,
Mathematics Education Major,College of Liberal Arts and Human Sciences,2026-2027,Pathways Concept 1 - Discourse,ENGL 1105,First-Year Writing (1F),3,
Mathematics Education Major,College of Liberal Arts and Human Sciences,2026-2027,Pathways Concept 1 - Discourse,ENGL 1106,First-Year Writing (1F),3,
Mathematics Education Major,College of Liberal Arts and Human Sciences,2026-2027,Pathways Concept 5 - Quantitative and Computational Thinking,MATH 1225,Calculus of a Single Variable (5F),4,
Mathematics Education Major,College of Liberal Arts and Human Sciences,2026-2027,Pathways Concept 5 - Quantitative and Computational Thinking,MATH 1226,Calculus of a Single Variable (5F),4,
Mathematics Education Major,College of Liberal Arts and Human Sciences,2026-2027,Pathways Concept 5 - Quantitative and Computational Thinking,STAT 3005,Statistical Methods (5A),3,
Technology Education Major,College of Liberal Arts and Human Sciences,2026-2027,Degree Core Requirements,EDEP 2374,Educational Psychology for PK-12 Teachers,3,
Technology Education Major,College of Liberal Arts and Human Sciences,2026-2027,Degree Core Requirements,EDCI 2574,Social Foundations of Education,3,
Technology Education Major,College of Liberal Arts and Human Sciences,2026-2027,Degree Core Requirements,EDCI 3144,Education of Exceptional Learners,3,
Technology Education Major,College of Liberal Arts and Human Sciences,2026-2027,Degree Core Requirements,EDEP 3474,Principles and Practices in PK-12 Assessment,3,
Technology Education Major,College of Liberal Arts and Human Sciences,2026-2027,Degree Core Requirements,EDCI 4724,Secondary School Teaching Methods I,3,
Technology Education Major,College of Liberal Arts and Human Sciences,2026-2027,Degree Core Requirements,EDCI 4734,Adolescent Literacy and Reading,3,
Technology Education Major,College of Liberal Arts and Human Sciences,2026-2027,Degree Core Requirements,EDCI 4744,Secondary School Teaching Methods II,3,
Technology Education Major,College of Liberal Arts and Human Sciences,2026-2027,Major Requirements,CS 1014,Introduction to Computational Thinking,3,
Technology Education Major,College of Liberal Arts and Human Sciences,2026-2027,Major Requirements,CS 1064,Introduction to Programming in Python,3,
Technology Education Major,College of Liberal Arts and Human Sciences,2026-2027,Major Requirements,ECE 1004,Introduction to ECE Concepts,3,
Technology Education Major,College of Liberal Arts and Human Sciences,2026-2027,Major Requirements,EDTE 1014,"Teaching Technology, Engineering, and Design",3,
Technology Education Major,College of Liberal Arts and Human Sciences,2026-2027,Major Requirements,EDTE 2005,Engineering Technologies,3,
Technology Education Major,College of Liberal Arts and Human Sciences,2026-2027,Major Requirements,EDTE 2006,Engineering Technologies,3,
Technology Education Major,College of Liberal Arts and Human Sciences,2026-2027,Major Requirements,EDTE 2204,Emerging Issues in Technology and Engineering,3,
Technology Education Major,College of Liberal Arts and Human Sciences,2026-2027,Major Requirements,EDTE 3204,Robotics Education,3,
Technology Education Major,College of Liberal Arts and Human Sciences,2026-2027,Major Requirements,EDTE 4204,Capstone in Technology and Engineering Education,3,
Technology Education Major,College of Liberal Arts and Human Sciences,2026-2027,Field-Based Requirements,EDCI 2004,Exploring the Teaching Profession- Field Studies in Education,3,
Technology Education Major,College of Liberal Arts and Human Sciences,2026-2027,Field-Based Requirements,EDCI 3964,Field Study,3,
Technology Education Major,College of Liberal Arts and Human Sciences,2026-2027,Field-Based Requirements,EDCI 4964,Field Study,9,
Technology Education Major,College of Liberal Arts and Human Sciences,2026-2027,Field-Based Requirements,EDCT 4624,Managing a Career and Technical Education Program,3,
Technology Education Major,College of Liberal Arts and Human Sciences,2026-2027,Pathways Concept 1 - Discourse,ENGL 1105,First-Year Writing,3,
Technology Education Major,College of Liberal Arts and Human Sciences,2026-2027,Pathways Concept 1 - Discourse,ENGL 1106,First-Year Writing,3,
Technology Education Major,College of Liberal Arts and Human Sciences,2026-2027,Pathways Concept 2 - Critical Thinking in the Humanities,STS 1504,"Introduction to Science, Technology, and Society",3,
Technology Education Major,College of Liberal Arts and Human Sciences,2026-2027,Pathways Concept 5 - Quantitative and Computational Thinking,MATH 1025,Elementary Calculus,3,
Technology Education Major,College of Liberal Arts and Human Sciences,2026-2027,Pathways Concept 5 - Quantitative and Computational Thinking,MATH 1026,Elementary Calculus,3,
Technology Education Major,College of Liberal Arts and Human Sciences,2026-2027,Pathways Concept 6 - Critique and Practice in Design and the Arts,EDTE 1004,Introduction to Integrative STEM Education,3,
Creative Writing Major,College of Liberal Arts and Human Sciences,2026-2027,Foundational Theories and Content,ENGL 1004,"Books, Libraries, Archives",3,
Creative Writing Major,College of Liberal Arts and Human Sciences,2026-2027,Foundational Theories and Content,ENGL 1514,Language and Society,3,
Creative Writing Major,College of Liberal Arts and Human Sciences,2026-2027,Foundational Theories and Content,ENGL 2604,Introduction to Critical Reading,3,
Creative Writing Major,College of Liberal Arts and Human Sciences,2026-2027,Foundational Theories and Content,ENGL 3324,Acts of Interpretation,3,
Creative Writing Major,College of Liberal Arts and Human Sciences,2026-2027,Foundational Theories and Content,ENGL 3754,Advanced Writing and Research,3,
Creative Writing Major,College of Liberal Arts and Human Sciences,2026-2027,Fundamental Coursework,ENGL 2744,Introduction to Creative Writing,3,
Creative Writing Major,College of Liberal Arts and Human Sciences,2026-2027,Fundamental Coursework,ENGL 3704,Creative Writing: Fiction,3,
Creative Writing Major,College of Liberal Arts and Human Sciences,2026-2027,Fundamental Coursework,ENGL 3714,Creative Writing: Poetry,3,
Creative Writing Major,College of Liberal Arts and Human Sciences,2026-2027,Capstone Experience,ENGL 3900,Bridge Experience,0,
Creative Writing Major,College of Liberal Arts and Human Sciences,2026-2027,Pathways Concept 1 - Discourse,ENGL 1105,First-Year Writing (1F),3,
Creative Writing Major,College of Liberal Arts and Human Sciences,2026-2027,Pathways Concept 1 - Discourse,ENGL 1106,First-Year Writing (1F),3,
English Major with Literature Option,College of Liberal Arts and Human Sciences,2026-2027,Foundational Theories and Content,ENGL 1004,"Books, Libraries, Archives",3,
English Major with Literature Option,College of Liberal Arts and Human Sciences,2026-2027,Foundational Theories and Content,ENGL 1514,Language and Society,3,
English Major with Literature Option,College of Liberal Arts and Human Sciences,2026-2027,Foundational Theories and Content,ENGL 2604,Introduction to Critical Reading,3,
English Major with Literature Option,College of Liberal Arts and Human Sciences,2026-2027,Foundational Theories and Content,ENGL 3324,Acts of Interpretation,3,
English Major with Literature Option,College of Liberal Arts and Human Sciences,2026-2027,Foundational Theories and Content,ENGL 3754,Advanced Writing and Research,3,
English Major with Literature Option,College of Liberal Arts and Human Sciences,2026-2027,Literary History,ENGL 2534,American Literary History,3,
English Major with Literature Option,College of Liberal Arts and Human Sciences,2026-2027,Literary History,ENGL 2544,British Literary History,3,
English Major with Literature Option,College of Liberal Arts and Human Sciences,2026-2027,Capstone Experience,ENGL 4784,Senior Seminar,3,
English Major with Literature Option,College of Liberal Arts and Human Sciences,2026-2027,Capstone Experience,ENGL 3900,Bridge Experience,0,
English Major with Literature Option,College of Liberal Arts and Human Sciences,2026-2027,Pathways Concept 1 - Discourse,ENGL 1105,First-Year Writing (1F),3,
English Major with Literature Option,College of Liberal Arts and Human Sciences,2026-2027,Pathways Concept 1 - Discourse,ENGL 1106,First-Year Writing (1F),3,
English Major with Pre-Education Option,College of Liberal Arts and Human Sciences,2026-2027,Foundational Theories and Content,ENGL 1004,"Books, Libraries, Archives",3,
English Major with Pre-Education Option,College of Liberal Arts and Human Sciences,2026-2027,Foundational Theories and Content,ENGL 1514,Language and Society,3,
English Major with Pre-Education Option,College of Liberal Arts and Human Sciences,2026-2027,Foundational Theories and Content,ENGL 2604,Introduction to Critical Reading,3,
English Major with Pre-Education Option,College of Liberal Arts and Human Sciences,2026-2027,Foundational Theories and Content,ENGL 3324,Acts of Interpretation,3,
English Major with Pre-Education Option,College of Liberal Arts and Human Sciences,2026-2027,Foundational Theories and Content,ENGL 3754,Advanced Writing and Research,3,
English Major with Pre-Education Option,College of Liberal Arts and Human Sciences,2026-2027,Literary History,ENGL 2534,American Literary History,3,
English Major with Pre-Education Option,College of Liberal Arts and Human Sciences,2026-2027,Literary History,ENGL 2544,British Literary History,3,
English Major with Pre-Education Option,College of Liberal Arts and Human Sciences,2026-2027,Capstone Experience,ENGL 4784,Senior Seminar,3,
English Major with Pre-Education Option,College of Liberal Arts and Human Sciences,2026-2027,Capstone Experience,ENGL 3900,Bridge Experience,0,
English Major with Pre-Education Option,College of Liberal Arts and Human Sciences,2026-2027,Shakespeare,ENGL 4164,Studies in Shakespeare,3,
English Major with Pre-Education Option,College of Liberal Arts and Human Sciences,2026-2027,Literature by Women (3000 or 4000 level),ENGL 3364,Topics in Literature by Women,3,
English Major with Pre-Education Option,College of Liberal Arts and Human Sciences,2026-2027,Pathways Concept 1 - Discourse,ENGL 1105,First-Year Writing (1F),3,
English Major with Pre-Education Option,College of Liberal Arts and Human Sciences,2026-2027,Pathways Concept 1 - Discourse,ENGL 1106,First-Year Writing (1F),3,
English Major with Pre-Law Option,College of Liberal Arts and Human Sciences,2026-2027,Foundational Theories and Content,ENGL 1004,"Books, Libraries, Archives",3,
English Major with Pre-Law Option,College of Liberal Arts and Human Sciences,2026-2027,Foundational Theories and Content,ENGL 1514,Language and Society,3,
English Major with Pre-Law Option,College of Liberal Arts and Human Sciences,2026-2027,Foundational Theories and Content,ENGL 2604,Introduction to Critical Reading,3,
English Major with Pre-Law Option,College of Liberal Arts and Human Sciences,2026-2027,Foundational Theories and Content,ENGL 3324,Acts of Interpretation,3,
English Major with Pre-Law Option,College of Liberal Arts and Human Sciences,2026-2027,Foundational Theories and Content,ENGL 3754,Advanced Writing and Research,3,
English Major with Pre-Law Option,College of Liberal Arts and Human Sciences,2026-2027,Literary History,ENGL 2534,American Literary History,3,
English Major with Pre-Law Option,College of Liberal Arts and Human Sciences,2026-2027,Literary History,ENGL 2544,British Literary History,3,
English Major with Pre-Law Option,College of Liberal Arts and Human Sciences,2026-2027,Capstone Experience,ENGL 4784,Senior Seminar,3,
English Major with Pre-Law Option,College of Liberal Arts and Human Sciences,2026-2027,Capstone Experience,ENGL 3900,Bridge Experience,0,
English Major with Pre-Law Option,College of Liberal Arts and Human Sciences,2026-2027,Law and Literature,ENGL 3684,Literature and the Law,3,
English Major with Pre-Law Option,College of Liberal Arts and Human Sciences,2026-2027,Pathways Concept 1 - Discourse,ENGL 1105,First-Year Writing (1F),3,
English Major with Pre-Law Option,College of Liberal Arts and Human Sciences,2026-2027,Pathways Concept 1 - Discourse,ENGL 1106,First-Year Writing (1F),3,
Technical and Scientific Communication Major,College of Liberal Arts and Human Sciences,2026-2027,Foundational Theories and Content,ENGL 1004,"Books, Libraries, Archives",3,
Technical and Scientific Communication Major,College of Liberal Arts and Human Sciences,2026-2027,Foundational Theories and Content,ENGL 1514,Language and Society,3,
Technical and Scientific Communication Major,College of Liberal Arts and Human Sciences,2026-2027,Foundational Theories and Content,ENGL 2604,Introduction to Critical Reading,3,
Technical and Scientific Communication Major,College of Liberal Arts and Human Sciences,2026-2027,Foundational Theories and Content,ENGL 3324,Acts of Interpretation,3,
Technical and Scientific Communication Major,College of Liberal Arts and Human Sciences,2026-2027,Foundational Theories and Content,ENGL 3754,Advanced Writing and Research,3,
Technical and Scientific Communication Major,College of Liberal Arts and Human Sciences,2026-2027,Pathways Concept 1 - Discourse,ENGL 1105,First-Year Writing,3,
Technical and Scientific Communication Major,College of Liberal Arts and Human Sciences,2026-2027,Pathways Concept 1 - Discourse,ENGL 1106,First-Year Writing,3,
History Major with Undergraduate Research/Thesis Option,College of Liberal Arts and Human Sciences,2026-2027,Degree Core Requirements,HIST 1004,Introduction to History (or equivalent),3,
History Major with Undergraduate Research/Thesis Option,College of Liberal Arts and Human Sciences,2026-2027,Select one of the following:,HIST 3814,Historical Methods,3,
History Major with Undergraduate Research/Thesis Option,College of Liberal Arts and Human Sciences,2026-2027,Select one of the following:,HIST 3914,Critical Reading and Analysis in History,3,
History Major with Undergraduate Research/Thesis Option,College of Liberal Arts and Human Sciences,2026-2027,Select one of the following:,HIST 4914,History Research Seminar,3,
History Major,College of Liberal Arts and Human Sciences,2026-2027,Degree Core Requirements,HIST 1004,Introduction to History (or equivalent),3,
History Major,College of Liberal Arts and Human Sciences,2026-2027,Select one of the following:,HIST 3814,Historical Methods,3,
History Major,College of Liberal Arts and Human Sciences,2026-2027,Select one of the following:,HIST 3914,Critical Reading and Analysis in History,3,
History Major,College of Liberal Arts and Human Sciences,2026-2027,Select one of the following:,HIST 4914,History Research Seminar,3,
Early Childhood Development and Education Major,College of Liberal Arts and Human Sciences,2026-2027,Degree Core Requirements,HD 1004,Childhood and Adolescence,3,
Early Childhood Development and Education Major,College of Liberal Arts and Human Sciences,2026-2027,Degree Core Requirements,HD 1434,Introduction to Human Services,3,
Early Childhood Development and Education Major,College of Liberal Arts and Human Sciences,2026-2027,Degree Core Requirements,HD 2004,Adulthood and Aging,3,
Early Childhood Development and Education Major,College of Liberal Arts and Human Sciences,2026-2027,Degree Core Requirements,HD 2304,Family Relationships,3,
Early Childhood Development and Education Major,College of Liberal Arts and Human Sciences,2026-2027,Degree Core Requirements,HD 2434,Skills in Human Services,3,
Early Childhood Development and Education Major,College of Liberal Arts and Human Sciences,2026-2027,Degree Core Requirements,HD 3014,Research Methods in Human Development,3,
Early Childhood Development and Education Major,College of Liberal Arts and Human Sciences,2026-2027,Degree Core Requirements,HD 4714,Senior Capstone Seminar,3,
Early Childhood Development and Education Major,College of Liberal Arts and Human Sciences,2026-2027,Major Requirements,HD 1014,Introduction to Human Development & Family Science First Year Experience,1,
Early Childhood Development and Education Major,College of Liberal Arts and Human Sciences,2026-2027,Major Requirements,HD 3214,Infancy and Early Childhood,3,
Early Childhood Development and Education Major,College of Liberal Arts and Human Sciences,2026-2027,Major Requirements,HD 3224,Middle Childhood and Adolescence,3,
Early Childhood Development and Education Major,College of Liberal Arts and Human Sciences,2026-2027,Major Requirements,HD 3254,Curriculum in Early Childhood,3,
Early Childhood Development and Education Major,College of Liberal Arts and Human Sciences,2026-2027,Major Requirements,EDCI 2574,Social Foundations of Education,3,
Early Childhood Development and Education Major,College of Liberal Arts and Human Sciences,2026-2027,Major Requirements,EDCI 3144,Education of Exceptional Learners,3,
Early Childhood Development and Education Major,College of Liberal Arts and Human Sciences,2026-2027,Major Requirements,EDEP 2374,Educational Psychology for PK-12 Teachers,3,
Early Childhood Development and Education Major,College of Liberal Arts and Human Sciences,2026-2027,Major Requirements,HD 4964,Field Study,6,
Early Childhood Development and Education Major,College of Liberal Arts and Human Sciences,2026-2027,Major Requirements,HD 3900,Bridge Experience,0,
Early Childhood Development and Education Major,College of Liberal Arts and Human Sciences,2026-2027,Pathways Concept 1 - Discourse,ENGL 1105,First-Year Writing (1F),3,
Early Childhood Development and Education Major,College of Liberal Arts and Human Sciences,2026-2027,Pathways Concept 1 - Discourse,ENGL 1106,First-Year Writing (1F),3,
Early Childhood Development and Education Major,College of Liberal Arts and Human Sciences,2026-2027,Pathways Concept 1 - Discourse,COMM 2004,Public Speaking (1A),3,
Early Childhood Development and Education Major,College of Liberal Arts and Human Sciences,2026-2027,Pathways Concept 2 - Critical Thinking in the Humanities,HIST 1115,History of the United States (Recommended) 1,3,
Early Childhood Development and Education Major,College of Liberal Arts and Human Sciences,2026-2027,Pathways Concept 2 - Critical Thinking in the Humanities,HIST 1116,History of the United States (Recommended) 1,3,
Early Childhood Development and Education Major,College of Liberal Arts and Human Sciences,2026-2027,Pathways Concept 3 - Reasoning in the Social Sciences,PSYC 1004,Introductory Psychology,3,
Early Childhood Development and Education Major,College of Liberal Arts and Human Sciences,2026-2027,Pathways Concept 3 - Reasoning in the Social Sciences,SOC 1004,Introductory Sociology (double counts for Concept 7) 1,3,
Early Childhood Development and Education Major,College of Liberal Arts and Human Sciences,2026-2027,Pathways Concept 5 - Quantitative and Computational Thinking,SOC 2104,Quantitative Approaches to Community Research 2,3,
Human Development Major,College of Liberal Arts and Human Sciences,2026-2027,Degree Core Requirements,HD 1004,Childhood and Adolescence,3,
Human Development Major,College of Liberal Arts and Human Sciences,2026-2027,Degree Core Requirements,HD 1434,Introduction to Human Services,3,
Human Development Major,College of Liberal Arts and Human Sciences,2026-2027,Degree Core Requirements,HD 2004,Adulthood and Aging,3,
Human Development Major,College of Liberal Arts and Human Sciences,2026-2027,Degree Core Requirements,HD 2304,Family Relationships,3,
Human Development Major,College of Liberal Arts and Human Sciences,2026-2027,Degree Core Requirements,HD 2434,Skills in Human Services,3,
Human Development Major,College of Liberal Arts and Human Sciences,2026-2027,Degree Core Requirements,HD 3014,Research Methods in Human Development,3,
Human Development Major,College of Liberal Arts and Human Sciences,2026-2027,Degree Core Requirements,HD 4714,Senior Capstone Seminar,3,
Human Development Major,College of Liberal Arts and Human Sciences,2026-2027,Major Requirements,HD 1014,Introduction to Human Development & Family Science First Year Experience,1,
Human Development Major,College of Liberal Arts and Human Sciences,2026-2027,Major Requirements,HD 4324,Family Challenges and Change,3,
Human Development Major,College of Liberal Arts and Human Sciences,2026-2027,Major Requirements,HD 4964,Field Study,6,
Human Development Major,College of Liberal Arts and Human Sciences,2026-2027,Major Requirements,HD 3900,Bridge Experience,0,
Human Development Major,College of Liberal Arts and Human Sciences,2026-2027,Pathways Concept 1 - Discourse,ENGL 1105,First-Year Writing (1F),3,
Human Development Major,College of Liberal Arts and Human Sciences,2026-2027,Pathways Concept 1 - Discourse,ENGL 1106,First-Year Writing (1F),3,
Human Development Major,College of Liberal Arts and Human Sciences,2026-2027,Pathways Concept 1 - Discourse,COMM 2004,Public Speaking,3,
Human Development Major,College of Liberal Arts and Human Sciences,2026-2027,Pathways Concept 3 - Reasoning in the Social Sciences,PSYC 1004,Introductory Psychology,3,
Human Development Major,College of Liberal Arts and Human Sciences,2026-2027,Pathways Concept 3 - Reasoning in the Social Sciences,SOC 1004,Introductory Sociology (Double counts for Pathway 7 ),3,
Human Development Major,College of Liberal Arts and Human Sciences,2026-2027,Pathways Concept 5 - Quantitative and Computational Thinking,SOC 2104,Quantitative Approaches to Community Research 3,3,
Human Development Major,College of Liberal Arts and Human Sciences,2026-2027,Pathways Concept 7 - Critical Analysis of Identity and Equity in the United States,SOC 1004,Introductory Sociology 5,3,
"Environment, Development, and Global Economy Major",College of Liberal Arts and Human Sciences,2026-2027,Required International Studies Courses,IS 1034,Introduction to International Studies and Political Science,3,
"Environment, Development, and Global Economy Major",College of Liberal Arts and Human Sciences,2026-2027,Required International Studies Courses,IS 2084,The Evolution of World Order,3,
"Environment, Development, and Global Economy Major",College of Liberal Arts and Human Sciences,2026-2027,Major Requirements,IS 1004,Nations and Nationalities,3,
"Environment, Development, and Global Economy Major",College of Liberal Arts and Human Sciences,2026-2027,Major Requirements,IS 2004,Research and Writing in International Studies,3,
"Environment, Development, and Global Economy Major",College of Liberal Arts and Human Sciences,2026-2027,Major Requirements,IS 2054,Introduction to World Politics,3,
"Environment, Development, and Global Economy Major",College of Liberal Arts and Human Sciences,2026-2027,Major Requirements,IS 2064,The Global Economy and World Politics,3,
"Environment, Development, and Global Economy Major",College of Liberal Arts and Human Sciences,2026-2027,Pathways Concept 1 - Discourse,ENGL 1105,First-Year Writing (1F),3,
"Environment, Development, and Global Economy Major",College of Liberal Arts and Human Sciences,2026-2027,Pathways Concept 1 - Discourse,ENGL 1106,First-Year Writing (1F),3,
International Relations Major,College of Liberal Arts and Human Sciences,2026-2027,Required International Studies Courses,IS 1034,Introduction to International Studies and Political Science,3,
International Relations Major,College of Liberal Arts and Human Sciences,2026-2027,Required International Studies Courses,IS 2084,The Evolution of World Order,3,
International Relations Major,College of Liberal Arts and Human Sciences,2026-2027,Major Courses,IS 1004,Nations and Nationalities,3,
International Relations Major,College of Liberal Arts and Human Sciences,2026-2027,Major Courses,IS 2004,Research and Writing in International Studies,3,
International Relations Major,College of Liberal Arts and Human Sciences,2026-2027,Major Courses,IS 2054,Introduction to World Politics,3,
International Relations Major,College of Liberal Arts and Human Sciences,2026-2027,Major Courses,IS 2064,The Global Economy and World Politics,3,
International Relations Major,College of Liberal Arts and Human Sciences,2026-2027,Major Courses,IS 3615,International Relations 2,3,
International Relations Major,College of Liberal Arts and Human Sciences,2026-2027,Major Courses,IS 3616,International Relations 2,3,
International Relations Major,College of Liberal Arts and Human Sciences,2026-2027,Pathways Concept 1 - Discourse,ENGL 1105,First-Year Writing (1F),3,
International Relations Major,College of Liberal Arts and Human Sciences,2026-2027,Pathways Concept 1 - Discourse,ENGL 1106,First-Year Writing (1F),3,
International Relations Major,College of Liberal Arts and Human Sciences,2026-2027,Pathways Concept 1 - Discourse,IS 2004,Research and Writing in International Studies (1A),3,
International Relations Major,College of Liberal Arts and Human Sciences,2026-2027,Pathways Concept 3 - Reasoning in the Social Sciences,IS 2054,Introduction to World Politics (major requirement),3,
International Relations Major,College of Liberal Arts and Human Sciences,2026-2027,Pathways Concept 3 - Reasoning in the Social Sciences,IS 2064,The Global Economy and World Politics (major requirement),3,
International Relations Major,College of Liberal Arts and Human Sciences,2026-2027,Pathways Concept 7 - Critical Analysis of Identity and Equity in the United States,IS 1004,Nations and Nationalities (major requirement),3,
International Studies Major,College of Liberal Arts and Human Sciences,2026-2027,Required International Studies Courses,IS 1034,Introduction to International Studies and Political Science,3,
International Studies Major,College of Liberal Arts and Human Sciences,2026-2027,Required International Studies Courses,IS 2084,The Evolution of World Order,3,
International Studies Major,College of Liberal Arts and Human Sciences,2026-2027,Major Requirements,IS 1004,Nations and Nationalities,3,
International Studies Major,College of Liberal Arts and Human Sciences,2026-2027,Major Requirements,IS 2004,Research and Writing in International Studies,3,
International Studies Major,College of Liberal Arts and Human Sciences,2026-2027,Major Requirements,IS 2054,Introduction to World Politics,3,
International Studies Major,College of Liberal Arts and Human Sciences,2026-2027,Major Requirements,IS 2064,The Global Economy and World Politics,3,
International Studies Major,College of Liberal Arts and Human Sciences,2026-2027,Major Requirements,IS 3615,International Relations,3,
International Studies Major,College of Liberal Arts and Human Sciences,2026-2027,Pathways Concept 1 - Discourse,ENGL 1105,First-Year Writing (1F),3,
International Studies Major,College of Liberal Arts and Human Sciences,2026-2027,Pathways Concept 1 - Discourse,ENGL 1106,First-Year Writing (1F),3,
International Studies Major,College of Liberal Arts and Human Sciences,2026-2027,Pathways Concept 1 - Discourse,IS 2004,Research and Writing in International Studies (1A ; major requirement),3,
International Studies Major,College of Liberal Arts and Human Sciences,2026-2027,Pathways Concept 3 - Reasoning in the Social Sciences,IS 2054,Introduction to World Politics (major requirement),3,
International Studies Major,College of Liberal Arts and Human Sciences,2026-2027,Pathways Concept 3 - Reasoning in the Social Sciences,IS 2064,The Global Economy and World Politics (major requirement),3,
National Security & Foreign Affairs Major,College of Liberal Arts and Human Sciences,2026-2027,Required International Studies Courses,IS 1034,Introduction to International Studies and Political Science,3,
National Security & Foreign Affairs Major,College of Liberal Arts and Human Sciences,2026-2027,Required International Studies Courses,IS 2084,The Evolution of World Order,3,
National Security & Foreign Affairs Major,College of Liberal Arts and Human Sciences,2026-2027,NSFA Major Courses,IS 1004,Nations and Nationalities,3,
National Security & Foreign Affairs Major,College of Liberal Arts and Human Sciences,2026-2027,NSFA Major Courses,IS 2004,Research and Writing in International Studies,3,
National Security & Foreign Affairs Major,College of Liberal Arts and Human Sciences,2026-2027,NSFA Major Courses,IS 2054,Introduction to World Politics,3,
National Security & Foreign Affairs Major,College of Liberal Arts and Human Sciences,2026-2027,NSFA Major Courses,IS 2064,The Global Economy and World Politics,3,
National Security & Foreign Affairs Major,College of Liberal Arts and Human Sciences,2026-2027,Pathways Concept 1 - Discourse,ENGL 1105,First-Year Writing (1F),3,
National Security & Foreign Affairs Major,College of Liberal Arts and Human Sciences,2026-2027,Pathways Concept 1 - Discourse,ENGL 1106,First-Year Writing (1F),3,
Arabic Major,College of Liberal Arts and Human Sciences,2026-2027,First Year Experience,RLCL 1004,Introduction to Religion and Culture,3,
Arabic Major,College of Liberal Arts and Human Sciences,2026-2027,Language,ARBC 2105,Intermediate Arabic 1,3,
Arabic Major,College of Liberal Arts and Human Sciences,2026-2027,Language,ARBC 2106,Intermediate Arabic 1,3,
Arabic Major,College of Liberal Arts and Human Sciences,2026-2027,Language,ARBC 3105,Advanced Arabic 1,3,
Arabic Major,College of Liberal Arts and Human Sciences,2026-2027,Language,ARBC 3124,Arabic for Oral Proficiency 1,3,
Arabic Major,College of Liberal Arts and Human Sciences,2026-2027,Language,ARBC 4154,Arabic for Personal & Professional Communication 1,3,
Arabic Major,College of Liberal Arts and Human Sciences,2026-2027,Culture,ARBC 3514,Media Arabic 1,3,
Arabic Major,College of Liberal Arts and Human Sciences,2026-2027,Major Requirements,ARBC 2774,Arab Culture and Civilization,3,
Classical Studies Major,College of Liberal Arts and Human Sciences,2026-2027,First Year Experience,RLCL 1004,Introduction to Religion and Culture,3,
Classical Studies Major,College of Liberal Arts and Human Sciences,2026-2027,Language,LAT 1106,Elementary Latin,3,
Classical Studies Major,College of Liberal Arts and Human Sciences,2026-2027,Language,LAT 3004,Readings in Latin Literature 1,3,
Classical Studies Major,College of Liberal Arts and Human Sciences,2026-2027,Culture,HIST 1024,Ancient History,3,
Classical Studies Major,College of Liberal Arts and Human Sciences,2026-2027,Culture,CLA 2454,Topics in Ancient Greek and Latin Literature,3,
Classical Studies Major,College of Liberal Arts and Human Sciences,2026-2027,Culture,ART 3084,Greek Art and Architecture,3,
Classical Studies Major,College of Liberal Arts and Human Sciences,2026-2027,Culture,CLA/ENGL/RLCL 2444,Ancient Greek and Roman Mythology,3,
French Major,College of Liberal Arts and Human Sciences,2026-2027,First Year Experience,RLCL 1004,Introduction to Religion and Culture,3,
French Major,College of Liberal Arts and Human Sciences,2026-2027,Language,FR 3105,"Composition, Conversation and Grammar 1, 2",3,
French Major,College of Liberal Arts and Human Sciences,2026-2027,Language,FR 3106,"Composition, Conversation and Grammar 1, 2",3,
French Major,College of Liberal Arts and Human Sciences,2026-2027,Language,FR 3124,French for Oral Proficiency 1,3,
French Major,College of Liberal Arts and Human Sciences,2026-2027,Culture,FR 3304,Introduction to French Literature 1,3,
German Major,College of Liberal Arts and Human Sciences,2026-2027,First Year Experience,RLCL 1004,Introduction to Religion and Culture,3,
German Major,College of Liberal Arts and Human Sciences,2026-2027,Language,GER 3105,"Grammar, Composition and Conversation 1",3,
German Major,College of Liberal Arts and Human Sciences,2026-2027,Language,GER 3106,"Grammar, Composition and Conversation 1",3,
German Major,College of Liberal Arts and Human Sciences,2026-2027,Language,GER 4154,Topics in German for Professional and Personal Communication 1,3,
German Major,College of Liberal Arts and Human Sciences,2026-2027,Culture,GER 3204,Culture of the German-Speaking Countries 1,3,
German Major,College of Liberal Arts and Human Sciences,2026-2027,Culture,GER 3214,German in a Globalized World 1,3,
German Major,College of Liberal Arts and Human Sciences,2026-2027,Culture,GER 4334,"Special Topics in German Life, Literature, and Language 1, 2",3,
Russian Major,College of Liberal Arts and Human Sciences,2026-2027,First Year Experience,RLCL 1004,Introduction to Religion and Culture,3,
Russian Major,College of Liberal Arts and Human Sciences,2026-2027,Select one of the following for six credits of advanced-level Russian:,RUS 3124,Russian for Oral Proficiency 1,3,
Russian Major,College of Liberal Arts and Human Sciences,2026-2027,Culture,RUS 4204,"Topics in Russian Culture and Civilization 1, 2",3,
Spanish Major,College of Liberal Arts and Human Sciences,2026-2027,First Year Experience,RLCL 1004,Introduction to Religion and Culture,3,
Spanish Major,College of Liberal Arts and Human Sciences,2026-2027,Language,SPAN 3105,"Grammar, Composition and Conversation 1",3,
Spanish Major,College of Liberal Arts and Human Sciences,2026-2027,Language,SPAN 3106,"Grammar, Composition and Conversation 1",3,
Spanish Major,College of Liberal Arts and Human Sciences,2026-2027,Language,SPAN 3124,Spanish for Oral Proficiency 1,3,
Spanish Major,College of Liberal Arts and Human Sciences,2026-2027,Culture,SPAN 3304,Introduction to Hispanic Literature 1,3,
Spanish Major,College of Liberal Arts and Human Sciences,2026-2027,Select two of the following:,SPAN 4205,"Advanced Topics in Hispanic Cultures 1, 2",3,
Spanish Major,College of Liberal Arts and Human Sciences,2026-2027,Select two of the following:,SPAN 4206,"Advanced Topics in Hispanic Cultures 1, 2",3,
Philosophy Major with Pre-Medical Professions Option,College of Liberal Arts and Human Sciences,2026-2027,Logic,PHIL 3505,Modern Logic and Its Development,3,
Philosophy Major with Pre-Medical Professions Option,College of Liberal Arts and Human Sciences,2026-2027,Pre-Medical Professions Option Required Course,PHIL 3324,Biomedical Ethics,3,
Philosophy Major,College of Liberal Arts and Human Sciences,2026-2027,Logic,PHIL 3505,Modern Logic and Its Development,3,
"Philosophy, Politics, and Economics Major",College of Liberal Arts and Human Sciences,2026-2027,B. Logic,PHIL 3505,Modern Logic and Its Development,3,
Political Science Major with Applied Public Policy Studies Option,College of Liberal Arts and Human Sciences,2026-2027,Required Political Science Courses,PSCI/IS 1034,Introduction to International Studies and Political Science,3,
Political Science Major with Applied Public Policy Studies Option,College of Liberal Arts and Human Sciences,2026-2027,Required Political Science Courses,PSCI 2014,Introduction to Political Theory,3,
Political Science Major with Applied Public Policy Studies Option,College of Liberal Arts and Human Sciences,2026-2027,Required Political Science Courses,PSCI/PPE 2024,Research Methods in Political Science,3,
Political Science Major with Applied Public Policy Studies Option,College of Liberal Arts and Human Sciences,2026-2027,Political Science Major Courses,PSCI 1014,Introduction to United States Government and Politics,3,
Political Science Major with Applied Public Policy Studies Option,College of Liberal Arts and Human Sciences,2026-2027,Political Science Major Courses,PSCI/IS 1024,Comp Gov & Politics,3,
Political Science Major with Legal Studies Option,College of Liberal Arts and Human Sciences,2026-2027,Required Political Science Courses,PSCI/IS 1034,Introduction to International Studies and Political Science,3,
Political Science Major with Legal Studies Option,College of Liberal Arts and Human Sciences,2026-2027,Required Political Science Courses,PSCI 2014,Introduction to Political Theory,3,
Political Science Major with Legal Studies Option,College of Liberal Arts and Human Sciences,2026-2027,Required Political Science Courses,PSCI/PPE 2024,Research Methods in Political Science,3,
Political Science Major with Legal Studies Option,College of Liberal Arts and Human Sciences,2026-2027,Political Science Major Courses,PSCI 1014,Introduction to United States Government and Politics,3,
Political Science Major with Legal Studies Option,College of Liberal Arts and Human Sciences,2026-2027,Political Science Major Courses,PSCI/IS 1024,Comp Gov & Politics,3,
Political Science Major with Legal Studies Option,College of Liberal Arts and Human Sciences,2026-2027,Legal Studies Philosophy Courses,PHIL 1204,Knowledge and Reality,3,
Political Science Major with Legal Studies Option,College of Liberal Arts and Human Sciences,2026-2027,Legal Studies Philosophy Courses,PHIL 1304,Morality and Justice,3,
Political Science Major with National Security Studies Option,College of Liberal Arts and Human Sciences,2026-2027,Required Political Science Courses,PSCI/IS 1034,Introduction to International Studies and Political Science,3,
Political Science Major with National Security Studies Option,College of Liberal Arts and Human Sciences,2026-2027,Required Political Science Courses,PSCI 2014,Introduction to Political Theory,3,
Political Science Major with National Security Studies Option,College of Liberal Arts and Human Sciences,2026-2027,Required Political Science Courses,PSCI/PPE 2024,Research Methods in Political Science,3,
Political Science Major with National Security Studies Option,College of Liberal Arts and Human Sciences,2026-2027,Political Science Major Courses,PSCI 1014,Introduction to United States Government and Politics,3,
Political Science Major with National Security Studies Option,College of Liberal Arts and Human Sciences,2026-2027,Political Science Major Courses,PSCI/IS 1024,Comp Gov & Politics,3,
Political Science Major with Social and Political Justice Option,College of Liberal Arts and Human Sciences,2026-2027,Required Political Science Courses,PSCI/IS 1034,Introduction to International Studies and Political Science,3,
Political Science Major with Social and Political Justice Option,College of Liberal Arts and Human Sciences,2026-2027,Required Political Science Courses,PSCI 2014,Introduction to Political Theory,3,
Political Science Major with Social and Political Justice Option,College of Liberal Arts and Human Sciences,2026-2027,Required Political Science Courses,PSCI/PPE 2024,Research Methods in Political Science,3,
Political Science Major with Social and Political Justice Option,College of Liberal Arts and Human Sciences,2026-2027,Political Science Major Requirements,PSCI 1014,Introduction to United States Government and Politics,3,
Political Science Major with Social and Political Justice Option,College of Liberal Arts and Human Sciences,2026-2027,Political Science Major Requirements,PSCI/IS 1024,Comp Gov & Politics,3,
Political Science Major,College of Liberal Arts and Human Sciences,2026-2027,Required Political Science Courses,PSCI/IS 1034,Introduction to International Studies and Political Science,3,
Political Science Major,College of Liberal Arts and Human Sciences,2026-2027,Required Political Science Courses,PSCI 2014,Introduction to Political Theory,3,
Political Science Major,College of Liberal Arts and Human Sciences,2026-2027,Required Political Science Courses,PSCI/PPE 2024,Research Methods in Political Science,3,
Political Science Major,College of Liberal Arts and Human Sciences,2026-2027,Political Science Major Courses,PSCI 1014,Introduction to United States Government and Politics,3,
Political Science Major,College of Liberal Arts and Human Sciences,2026-2027,Political Science Major Courses,PSCI/IS 1024,Comp Gov & Politics,3,
Environmental Policy and Planning Major,College of Liberal Arts and Human Sciences,2026-2027,Degree Core Requirements,UAP 1004,Introduction to Career & Professional Development in Public Service,1,
Environmental Policy and Planning Major,College of Liberal Arts and Human Sciences,2026-2027,Degree Core Requirements,UAP 1024,"Leadership, Service, and Public Problem Solving",3,
Environmental Policy and Planning Major,College of Liberal Arts and Human Sciences,2026-2027,Degree Core Requirements,PSCI 1014,Introduction to United States Government and Politics,3,
Environmental Policy and Planning Major,College of Liberal Arts and Human Sciences,2026-2027,Degree Core Requirements,STAT 3604,Statistics for Social Science,3,
Environmental Policy and Planning Major,College of Liberal Arts and Human Sciences,2026-2027,Degree Core Requirements,SPIA 3554,Systems Thinking for Public Policy,3,
Environmental Policy and Planning Major,College of Liberal Arts and Human Sciences,2026-2027,Degree Core Requirements,UAP/PSCI 3744,Public Policy Analysis,3,
Environmental Policy and Planning Major,College of Liberal Arts and Human Sciences,2026-2027,Degree Core Requirements,UAP 3024,Urban and Regional Analysis,3,
Environmental Policy and Planning Major,College of Liberal Arts and Human Sciences,2026-2027,Degree Core Requirements,UAP 3224,Policy Implementation,3,
Environmental Policy and Planning Major,College of Liberal Arts and Human Sciences,2026-2027,Degree Core Requirements,UAP 4754,Legal Foundations of Planning,3,
Environmental Policy and Planning Major,College of Liberal Arts and Human Sciences,2026-2027,Degree Core Requirements,UAP 4914,Seminar in Public and Urban Affairs,3,
Environmental Policy and Planning Major,College of Liberal Arts and Human Sciences,2026-2027,Degree Core Requirements,UH 4514,Honors SuperStudio,1,
Environmental Policy and Planning Major,College of Liberal Arts and Human Sciences,2026-2027,Major Requirements,UAP 3354,Introduction to Environmental Policy and Planning,3,
Environmental Policy and Planning Major,College of Liberal Arts and Human Sciences,2026-2027,Major Requirements,UAP 3014,Urban Policy and Planning,3,
Environmental Policy and Planning Major,College of Liberal Arts and Human Sciences,2026-2027,Major Requirements,UAP 4004,Professionalism in Public Service,1,
Environmental Policy and Planning Major,College of Liberal Arts and Human Sciences,2026-2027,Major Requirements,UAP 4344,Law of Critical Environmental Areas,3,
Environmental Policy and Planning Major,College of Liberal Arts and Human Sciences,2026-2027,Major Requirements,UAP 4374,Sustainable Land Use and Environmental Planning,3,
Environmental Policy and Planning Major,College of Liberal Arts and Human Sciences,2026-2027,Major Requirements,UAP 4354,Sustainability and Environmental Planning Studio,3,
Environmental Policy and Planning Major,College of Liberal Arts and Human Sciences,2026-2027,Bridge Experience,SPIA 3900,Bridge Experience,0,
Environmental Policy and Planning Major,College of Liberal Arts and Human Sciences,2026-2027,Pathways Concept 1 - Discourse,ENGL 1105,First-Year Writing ( Pathway 1f ),3,
Environmental Policy and Planning Major,College of Liberal Arts and Human Sciences,2026-2027,Pathways Concept 1 - Discourse,ENGL 1106,First-Year Writing ( Pathway 1f ),3,
Environmental Policy and Planning Major,College of Liberal Arts and Human Sciences,2026-2027,Pathways Concept 2 - Critical Thinking in the Humanities,PHIL 1304,Morality and Justice,3,
Environmental Policy and Planning Major,College of Liberal Arts and Human Sciences,2026-2027,Pathways Concept 3 - Reasoning in the Social Sciences,ECON 2005,Principles of Economics,3,
Environmental Policy and Planning Major,College of Liberal Arts and Human Sciences,2026-2027,Pathways Concept 3 - Reasoning in the Social Sciences,SPIA 2554,Collaborative Policy-Making and Planning,3,
Environmental Policy and Planning Major,College of Liberal Arts and Human Sciences,2026-2027,Pathways Concept 4 - Reasoning in the Natural Sciences,ENSC 1015,Foundations of Environmental Science and Foundations of Environmental Science,6,
Environmental Policy and Planning Major,College of Liberal Arts and Human Sciences,2026-2027,Pathways Concept 5 - Quantitative and Computational Thinking,MATH 1014,Precalculus with Transcendental Functions ( Pathway 5f ),3,
Urban Planning Major,College of Liberal Arts and Human Sciences,2026-2027,Required Courses,UAP 1004,Introduction to Career & Professional Development in Public Service,1,
Urban Planning Major,College of Liberal Arts and Human Sciences,2026-2027,Required Courses,UAP 1024,"Leadership, Service, and Public Problem Solving",3,
Urban Planning Major,College of Liberal Arts and Human Sciences,2026-2027,Required Courses,PSCI 1014,Introduction to United States Government and Politics,3,
Urban Planning Major,College of Liberal Arts and Human Sciences,2026-2027,Required Courses,STAT 3604,Statistics for Social Science,3,
Urban Planning Major,College of Liberal Arts and Human Sciences,2026-2027,Required Courses,SPIA 3554,Systems Thinking for Public Policy,3,
Urban Planning Major,College of Liberal Arts and Human Sciences,2026-2027,Required Courses,UAP 4754,Legal Foundations of Planning,3,
Urban Planning Major,College of Liberal Arts and Human Sciences,2026-2027,Required Courses,UAP 3224,Policy Implementation,3,
Urban Planning Major,College of Liberal Arts and Human Sciences,2026-2027,Required Courses,UAP/PSCI 3744,Public Policy Analysis,3,
Urban Planning Major,College of Liberal Arts and Human Sciences,2026-2027,Required Courses,UAP 3024,Urban and Regional Analysis,3,
Urban Planning Major,College of Liberal Arts and Human Sciences,2026-2027,Required Courses,UAP 4914,Seminar in Public and Urban Affairs,3,
Urban Planning Major,College of Liberal Arts and Human Sciences,2026-2027,Required Courses,UH 4514,Honors SuperStudio,1,
Urban Planning Major,College of Liberal Arts and Human Sciences,2026-2027,Required Core Courses,SPIA 2004,Introduction to Urban Analytics (Covers Pathway 5a),3,
Urban Planning Major,College of Liberal Arts and Human Sciences,2026-2027,Required Core Courses,SPIA/GEOG 2244,Sustainable Urbanization,3,
Urban Planning Major,College of Liberal Arts and Human Sciences,2026-2027,Required Core Courses,UAP 4004,Professionalism in Public Service,1,
Urban Planning Major,College of Liberal Arts and Human Sciences,2026-2027,Required Core Courses,SPIA 4464,Data and the Art of Policy-Making and Planning (Covers Pathway 5a),3,
Urban Planning Major,College of Liberal Arts and Human Sciences,2026-2027,Required Core Courses,SPIA 4454,Future of Cities,3,
Urban Planning Major,College of Liberal Arts and Human Sciences,2026-2027,Bridge Experience,SPIA 3900,Bridge Experience,0,
Urban Planning Major,College of Liberal Arts and Human Sciences,2026-2027,Pathways Concept 1 - Discourse,ENGL 1105,First-Year Writing,3,
Urban Planning Major,College of Liberal Arts and Human Sciences,2026-2027,Pathways Concept 1 - Discourse,ENGL 1106,First-Year Writing,3,
Urban Planning Major,College of Liberal Arts and Human Sciences,2026-2027,Pathways Concept 2 - Critical Thinking in the Humanities,PHIL 1304,Morality and Justice,3,
Urban Planning Major,College of Liberal Arts and Human Sciences,2026-2027,Pathways Concept 3 - Reasoning in the Social Sciences,SPIA 2554,Collaborative Policy-Making and Planning,3,
Urban Planning Major,College of Liberal Arts and Human Sciences,2026-2027,Pathways Concept 3 - Reasoning in the Social Sciences,ECON 2005,Principles of Economics,3,
Urban Planning Major,College of Liberal Arts and Human Sciences,2026-2027,Pathways Concept 5 - Quantitative and Computational Thinking,MATH 1014,Precalculus with Transcendental Functions,3,
Criminology Major,College of Liberal Arts and Human Sciences,2026-2027,Sociology,SOC 1004,Introductory Sociology,3,
Criminology Major,College of Liberal Arts and Human Sciences,2026-2027,Sociology,SOC/HD 2104,Quantitative Approaches to Community Research,3,
Criminology Major,College of Liberal Arts and Human Sciences,2026-2027,Sociology,SOC 3104,Sociological Theory 2,3,
Criminology Major,College of Liberal Arts and Human Sciences,2026-2027,Sociology,SOC 3204,Social Research Methods,4,
Criminology Major,College of Liberal Arts and Human Sciences,2026-2027,Sociology,SOC 3004,Social Inequality,3,
Criminology Major,College of Liberal Arts and Human Sciences,2026-2027,Sociology,SOC 4194,Senior Seminar,3,
Criminology Major,College of Liberal Arts and Human Sciences,2026-2027,Major Requirements,SOC 2404,Deviant Behavior,3,
Criminology Major,College of Liberal Arts and Human Sciences,2026-2027,Major Requirements,CRIM 3414,Criminology,3,
Criminology Major,College of Liberal Arts and Human Sciences,2026-2027,Major Requirements,CRIM 3434,Systems of Justice,3,
Criminology Major,College of Liberal Arts and Human Sciences,2026-2027,Pathways Concept 1 - Discourse,ENGL 1105,First-Year Writing (1F),3,
Criminology Major,College of Liberal Arts and Human Sciences,2026-2027,Pathways Concept 1 - Discourse,ENGL 1106,First-Year Writing (1F),3,
Sociology Major,College of Liberal Arts and Human Sciences,2026-2027,Sociology,SOC 1004,Introductory Sociology,3,
Sociology Major,College of Liberal Arts and Human Sciences,2026-2027,Sociology,SOC/HD 2104,Quantitative Approaches to Community Research,3,
Sociology Major,College of Liberal Arts and Human Sciences,2026-2027,Sociology,SOC 3104,Sociological Theory 2,3,
Sociology Major,College of Liberal Arts and Human Sciences,2026-2027,Sociology,SOC 3204,Social Research Methods,4,
Sociology Major,College of Liberal Arts and Human Sciences,2026-2027,Sociology,SOC 3004,Social Inequality,3,
Sociology Major,College of Liberal Arts and Human Sciences,2026-2027,Sociology,SOC 4194,Senior Seminar,3,
Sociology Major,College of Liberal Arts and Human Sciences,2026-2027,Pathways Concept 1 - Discourse,ENGL 1105,First-Year Writing (1F),3,
Sociology Major,College of Liberal Arts and Human Sciences,2026-2027,Pathways Concept 1 - Discourse,ENGL 1106,First-Year Writing (1F),3,
Fish Conservation Major with Freshwater Fisheries Conservation Option,College of Natural Resources and Environment,2026-2027,Degree Core Requirements,BIOL 1115,Principles of Biology Laboratory,1,
Fish Conservation Major with Freshwater Fisheries Conservation Option,College of Natural Resources and Environment,2026-2027,Degree Core Requirements,BIOL 1116,Principles of Biology Laboratory,1,
Fish Conservation Major with Freshwater Fisheries Conservation Option,College of Natural Resources and Environment,2026-2027,Degree Core Requirements,BIOL 2704,Evolutionary Biology,3,
Fish Conservation Major with Freshwater Fisheries Conservation Option,College of Natural Resources and Environment,2026-2027,Degree Core Requirements,FIW 2114,Principles of Fish and Wildlife Conservation,3,
Fish Conservation Major with Freshwater Fisheries Conservation Option,College of Natural Resources and Environment,2026-2027,Degree Core Requirements,FIW 4464,Human Dimensions of Fisheries and Wildlife,3,
Fish Conservation Major with Freshwater Fisheries Conservation Option,College of Natural Resources and Environment,2026-2027,Degree Core Requirements,FIW 4414,Population Dynamics and Estimation,3,
Fish Conservation Major with Freshwater Fisheries Conservation Option,College of Natural Resources and Environment,2026-2027,Degree Core Requirements,NR 1234,First Year Experience In Natural Resources and Environment,2-3,
Fish Conservation Major with Freshwater Fisheries Conservation Option,College of Natural Resources and Environment,2026-2027,Major Requirements,BIOL 2804,Ecology,3,
Fish Conservation Major with Freshwater Fisheries Conservation Option,College of Natural Resources and Environment,2026-2027,Major Requirements,FIW 3514,Fisheries Techniques,3,
Fish Conservation Major with Freshwater Fisheries Conservation Option,College of Natural Resources and Environment,2026-2027,Major Requirements,FIW 4424,Ichthyology,4,
Fish Conservation Major with Freshwater Fisheries Conservation Option,College of Natural Resources and Environment,2026-2027,Major Requirements,FIW 4614,Fish Ecology,3,
Fish Conservation Major with Freshwater Fisheries Conservation Option,College of Natural Resources and Environment,2026-2027,Major Requirements,GEOS 3034,Oceanography,3,
Fish Conservation Major with Freshwater Fisheries Conservation Option,College of Natural Resources and Environment,2026-2027,Additional Degree Requirements,CHEM 1035,General Chemistry,3,
Fish Conservation Major with Freshwater Fisheries Conservation Option,College of Natural Resources and Environment,2026-2027,Additional Degree Requirements,CHEM 1036,General Chemistry,3,
Fish Conservation Major with Freshwater Fisheries Conservation Option,College of Natural Resources and Environment,2026-2027,Additional Degree Requirements,CHEM 1045,General Chemistry Laboratory,1,
Fish Conservation Major with Freshwater Fisheries Conservation Option,College of Natural Resources and Environment,2026-2027,Additional Degree Requirements,CHEM 1046,General Chemistry Laboratory,1,
Fish Conservation Major with Freshwater Fisheries Conservation Option,College of Natural Resources and Environment,2026-2027,Option Required Courses,FIW/FREC 4324,Genetics of Natural and Managed Populations,3,
Fish Conservation Major with Freshwater Fisheries Conservation Option,College of Natural Resources and Environment,2026-2027,Option Required Courses,STAT 3616,Biological Statistics,3,
Fish Conservation Major with Freshwater Fisheries Conservation Option,College of Natural Resources and Environment,2026-2027,Pathways Concept 1 - Discourse,ENGL 1105,First-Year Writing (1F),3,
Fish Conservation Major with Freshwater Fisheries Conservation Option,College of Natural Resources and Environment,2026-2027,Pathways Concept 1 - Discourse,ENGL 1106,First-Year Writing (1F),3,
Fish Conservation Major with Freshwater Fisheries Conservation Option,College of Natural Resources and Environment,2026-2027,Pathways Concept 1 - Discourse,ALCE 3634,Communicating Ag and Life Sciences in Speaking (1A),3,
Fish Conservation Major with Freshwater Fisheries Conservation Option,College of Natural Resources and Environment,2026-2027,Pathways Concept 4 - Reasoning in the Natural Sciences,BIOL 1105,Principles of Biology,3,
Fish Conservation Major with Freshwater Fisheries Conservation Option,College of Natural Resources and Environment,2026-2027,Pathways Concept 4 - Reasoning in the Natural Sciences,BIOL 1106,Principles of Biology,3,
Fish Conservation Major with Freshwater Fisheries Conservation Option,College of Natural Resources and Environment,2026-2027,Select one of the following:,STAT 3615,Biological Statistics (5A),3,
Fish Conservation Major with Human Dimensions Option,College of Natural Resources and Environment,2026-2027,Degree Core Requirements,BIOL 1115,Principles of Biology Laboratory,1,
Fish Conservation Major with Human Dimensions Option,College of Natural Resources and Environment,2026-2027,Degree Core Requirements,BIOL 1116,Principles of Biology Laboratory,1,
Fish Conservation Major with Human Dimensions Option,College of Natural Resources and Environment,2026-2027,Degree Core Requirements,BIOL 2704,Evolutionary Biology,3,
Fish Conservation Major with Human Dimensions Option,College of Natural Resources and Environment,2026-2027,Degree Core Requirements,FIW 2114,Principles of Fish and Wildlife Conservation,3,
Fish Conservation Major with Human Dimensions Option,College of Natural Resources and Environment,2026-2027,Degree Core Requirements,FIW 4414,Population Dynamics and Estimation,3,
Fish Conservation Major with Human Dimensions Option,College of Natural Resources and Environment,2026-2027,Degree Core Requirements,FIW 4464,Human Dimensions of Fisheries and Wildlife,3,
Fish Conservation Major with Human Dimensions Option,College of Natural Resources and Environment,2026-2027,Degree Core Requirements,NR 1234,First Year Experience In Natural Resources and Environment,2-3,
Fish Conservation Major with Human Dimensions Option,College of Natural Resources and Environment,2026-2027,Major Requirements,BIOL 2804,Ecology,3,
Fish Conservation Major with Human Dimensions Option,College of Natural Resources and Environment,2026-2027,Major Requirements,FIW 3514,Fisheries Techniques,3,
Fish Conservation Major with Human Dimensions Option,College of Natural Resources and Environment,2026-2027,Major Requirements,FIW 4424,Ichthyology,4,
Fish Conservation Major with Human Dimensions Option,College of Natural Resources and Environment,2026-2027,Major Requirements,FIW 4614,Fish Ecology,3,
Fish Conservation Major with Human Dimensions Option,College of Natural Resources and Environment,2026-2027,Major Requirements,GEOS 3034,Oceanography,3,
Fish Conservation Major with Human Dimensions Option,College of Natural Resources and Environment,2026-2027,Additional Degree Requirements,CHEM 1035,General Chemistry,3,
Fish Conservation Major with Human Dimensions Option,College of Natural Resources and Environment,2026-2027,Additional Degree Requirements,CHEM 1036,General Chemistry,3,
Fish Conservation Major with Human Dimensions Option,College of Natural Resources and Environment,2026-2027,Additional Degree Requirements,CHEM 1045,General Chemistry Laboratory,1,
Fish Conservation Major with Human Dimensions Option,College of Natural Resources and Environment,2026-2027,Additional Degree Requirements,CHEM 1046,General Chemistry Laboratory,1,
Fish Conservation Major with Human Dimensions Option,College of Natural Resources and Environment,2026-2027,Pathways Concept 1 - Discourse,ENGL 1105,First-Year Writing (1F),3,
Fish Conservation Major with Human Dimensions Option,College of Natural Resources and Environment,2026-2027,Pathways Concept 1 - Discourse,ENGL 1106,First-Year Writing (1F),3,
Fish Conservation Major with Human Dimensions Option,College of Natural Resources and Environment,2026-2027,Pathways Concept 1 - Discourse,ALCE 3634,Communicating Ag and Life Sciences in Speaking (1A),3,
Fish Conservation Major with Human Dimensions Option,College of Natural Resources and Environment,2026-2027,Pathways Concept 4 - Reasoning in the Natural Sciences,BIOL 1105,Principles of Biology,3,
Fish Conservation Major with Human Dimensions Option,College of Natural Resources and Environment,2026-2027,Pathways Concept 4 - Reasoning in the Natural Sciences,BIOL 1106,Principles of Biology,3,
Fish Conservation Major with Human Dimensions Option,College of Natural Resources and Environment,2026-2027,Select one of the following:,STAT 3604,Statistics for Social Science (5A),3,
Fish Conservation Major with Marine Fisheries Conservation Option,College of Natural Resources and Environment,2026-2027,Degree Core Requirements,BIOL 1115,Principles of Biology Laboratory,1,
Fish Conservation Major with Marine Fisheries Conservation Option,College of Natural Resources and Environment,2026-2027,Degree Core Requirements,BIOL 1116,Principles of Biology Laboratory,1,
Fish Conservation Major with Marine Fisheries Conservation Option,College of Natural Resources and Environment,2026-2027,Degree Core Requirements,BIOL 2704,Evolutionary Biology,3,
Fish Conservation Major with Marine Fisheries Conservation Option,College of Natural Resources and Environment,2026-2027,Degree Core Requirements,FIW 2114,Principles of Fish and Wildlife Conservation,3,
Fish Conservation Major with Marine Fisheries Conservation Option,College of Natural Resources and Environment,2026-2027,Degree Core Requirements,FIW 4414,Population Dynamics and Estimation,3,
Fish Conservation Major with Marine Fisheries Conservation Option,College of Natural Resources and Environment,2026-2027,Degree Core Requirements,FIW 4464,Human Dimensions of Fisheries and Wildlife,3,
Fish Conservation Major with Marine Fisheries Conservation Option,College of Natural Resources and Environment,2026-2027,Degree Core Requirements,NR 1234,First Year Experience In Natural Resources and Environment,2-3,
Fish Conservation Major with Marine Fisheries Conservation Option,College of Natural Resources and Environment,2026-2027,Additional Degree Requirements,CHEM 1035,General Chemistry,3,
Fish Conservation Major with Marine Fisheries Conservation Option,College of Natural Resources and Environment,2026-2027,Additional Degree Requirements,CHEM 1036,General Chemistry,3,
Fish Conservation Major with Marine Fisheries Conservation Option,College of Natural Resources and Environment,2026-2027,Additional Degree Requirements,CHEM 1045,General Chemistry Laboratory,1,
Fish Conservation Major with Marine Fisheries Conservation Option,College of Natural Resources and Environment,2026-2027,Additional Degree Requirements,CHEM 1046,General Chemistry Laboratory,1,
Fish Conservation Major with Marine Fisheries Conservation Option,College of Natural Resources and Environment,2026-2027,Major Requirements,BIOL 2804,Ecology,3,
Fish Conservation Major with Marine Fisheries Conservation Option,College of Natural Resources and Environment,2026-2027,Major Requirements,FIW 3514,Fisheries Techniques,3,
Fish Conservation Major with Marine Fisheries Conservation Option,College of Natural Resources and Environment,2026-2027,Major Requirements,FIW 4424,Ichthyology,4,
Fish Conservation Major with Marine Fisheries Conservation Option,College of Natural Resources and Environment,2026-2027,Major Requirements,FIW 4614,Fish Ecology,3,
Fish Conservation Major with Marine Fisheries Conservation Option,College of Natural Resources and Environment,2026-2027,Major Requirements,GEOS 3034,Oceanography,3,
Fish Conservation Major with Marine Fisheries Conservation Option,College of Natural Resources and Environment,2026-2027,Option Required Courses,FIW/FREC 4324,Genetics of Natural and Managed Populations,3,
Fish Conservation Major with Marine Fisheries Conservation Option,College of Natural Resources and Environment,2026-2027,Option Required Courses,FIW 4624,Marine Ecology,3,
Fish Conservation Major with Marine Fisheries Conservation Option,College of Natural Resources and Environment,2026-2027,Option Required Courses,STAT 3616,Biological Statistics,3,
Fish Conservation Major with Marine Fisheries Conservation Option,College of Natural Resources and Environment,2026-2027,Pathways Concept 1 - Discourse,ENGL 1105,First-Year Writing (1F),3,
Fish Conservation Major with Marine Fisheries Conservation Option,College of Natural Resources and Environment,2026-2027,Pathways Concept 1 - Discourse,ENGL 1106,First-Year Writing (1F),3,
Fish Conservation Major with Marine Fisheries Conservation Option,College of Natural Resources and Environment,2026-2027,Pathways Concept 1 - Discourse,ALCE 3634,Communicating Ag and Life Sciences in Speaking (1A),3,
Fish Conservation Major with Marine Fisheries Conservation Option,College of Natural Resources and Environment,2026-2027,Pathways Concept 4 - Reasoning in the Natural Sciences,BIOL 1105,Principles of Biology,3,
Fish Conservation Major with Marine Fisheries Conservation Option,College of Natural Resources and Environment,2026-2027,Pathways Concept 4 - Reasoning in the Natural Sciences,BIOL 1106,Principles of Biology,3,
Fish Conservation Major with Marine Fisheries Conservation Option,College of Natural Resources and Environment,2026-2027,Select one of the following:,STAT 3615,Biological Statistics (5A),3,
Wildlife Conservation Major with Human Dimensions Option,College of Natural Resources and Environment,2026-2027,Degree Core Requirements,BIOL 1115,Principles of Biology Laboratory,1,
Wildlife Conservation Major with Human Dimensions Option,College of Natural Resources and Environment,2026-2027,Degree Core Requirements,BIOL 1116,Principles of Biology Laboratory,1,
Wildlife Conservation Major with Human Dimensions Option,College of Natural Resources and Environment,2026-2027,Degree Core Requirements,BIOL 2704,Evolutionary Biology,3,
Wildlife Conservation Major with Human Dimensions Option,College of Natural Resources and Environment,2026-2027,Degree Core Requirements,FIW 2114,Principles of Fish and Wildlife Conservation,3,
Wildlife Conservation Major with Human Dimensions Option,College of Natural Resources and Environment,2026-2027,Degree Core Requirements,FIW 4414,Population Dynamics and Estimation,3,
Wildlife Conservation Major with Human Dimensions Option,College of Natural Resources and Environment,2026-2027,Degree Core Requirements,FIW 4464,Human Dimensions of Fisheries and Wildlife,3,
Wildlife Conservation Major with Human Dimensions Option,College of Natural Resources and Environment,2026-2027,Degree Core Requirements,NR 1234,First Year Experience In Natural Resources and Environment,2-3,
Wildlife Conservation Major with Human Dimensions Option,College of Natural Resources and Environment,2026-2027,Select one of the following:,FIW 2314,Wildlife Biology,3,
Wildlife Conservation Major with Human Dimensions Option,College of Natural Resources and Environment,2026-2027,Select one of the following:,FIW 2324,Wildlife Field Biology,3,
Wildlife Conservation Major with Human Dimensions Option,College of Natural Resources and Environment,2026-2027,Select one of the following:,FIW 4214,Wildlife Field Techniques,3,
Wildlife Conservation Major with Human Dimensions Option,College of Natural Resources and Environment,2026-2027,Select one of the following:,FIW 4434,Wildlife Habitat Ecology and Management,3,
Wildlife Conservation Major with Human Dimensions Option,College of Natural Resources and Environment,2026-2027,Select one of the following:,FREC 2324,Dendrology Laboratory,1,
Wildlife Conservation Major with Human Dimensions Option,College of Natural Resources and Environment,2026-2027,Additional Degree Requirements,CHEM 1035,General Chemistry,3,
Wildlife Conservation Major with Human Dimensions Option,College of Natural Resources and Environment,2026-2027,Additional Degree Requirements,CHEM 1036,General Chemistry,3,
Wildlife Conservation Major with Human Dimensions Option,College of Natural Resources and Environment,2026-2027,Additional Degree Requirements,CHEM 1045,General Chemistry Laboratory,1,
Wildlife Conservation Major with Human Dimensions Option,College of Natural Resources and Environment,2026-2027,Additional Degree Requirements,CHEM 1046,General Chemistry Laboratory,1,
Wildlife Conservation Major with Human Dimensions Option,College of Natural Resources and Environment,2026-2027,Pathways Concept 1 - Discourse,ENGL 1105,First-Year Writing (1F),3,
Wildlife Conservation Major with Human Dimensions Option,College of Natural Resources and Environment,2026-2027,Pathways Concept 1 - Discourse,ENGL 1106,First-Year Writing (1F),3,
Wildlife Conservation Major with Human Dimensions Option,College of Natural Resources and Environment,2026-2027,Pathways Concept 1 - Discourse,ALCE 3634,Communicating Ag and Life Sciences in Speaking (1A),3,
Wildlife Conservation Major with Human Dimensions Option,College of Natural Resources and Environment,2026-2027,Pathways Concept 4 - Reasoning in the Natural Sciences,BIOL 1105,Principles of Biology,3,
Wildlife Conservation Major with Human Dimensions Option,College of Natural Resources and Environment,2026-2027,Pathways Concept 4 - Reasoning in the Natural Sciences,BIOL 1106,Principles of Biology,3,
Wildlife Conservation Major with Human Dimensions Option,College of Natural Resources and Environment,2026-2027,Select one of the following:,STAT 3604,Statistics for Social Science (5A),3,
Wildlife Conservation Major,College of Natural Resources and Environment,2026-2027,Degree Core Requirements,BIOL 1115,Principles of Biology Laboratory,1,
Wildlife Conservation Major,College of Natural Resources and Environment,2026-2027,Degree Core Requirements,BIOL 1116,Principles of Biology Laboratory,1,
Wildlife Conservation Major,College of Natural Resources and Environment,2026-2027,Degree Core Requirements,BIOL 2704,Evolutionary Biology,3,
Wildlife Conservation Major,College of Natural Resources and Environment,2026-2027,Degree Core Requirements,FIW 2114,Principles of Fish and Wildlife Conservation,3,
Wildlife Conservation Major,College of Natural Resources and Environment,2026-2027,Select one of the following:,FIW 4414,Population Dynamics and Estimation,3,
Wildlife Conservation Major,College of Natural Resources and Environment,2026-2027,Select one of the following:,FIW 4464,Human Dimensions of Fisheries and Wildlife,3,
Wildlife Conservation Major,College of Natural Resources and Environment,2026-2027,Select one of the following:,NR 1234,First Year Experience In Natural Resources and Environment,2-3,
Wildlife Conservation Major,College of Natural Resources and Environment,2026-2027,Select one of the following:,FIW 2314,Wildlife Biology,3,
Wildlife Conservation Major,College of Natural Resources and Environment,2026-2027,Select one of the following:,FIW 2324,Wildlife Field Biology,3,
Wildlife Conservation Major,College of Natural Resources and Environment,2026-2027,Select one of the following:,FIW 4214,Wildlife Field Techniques,3,
Wildlife Conservation Major,College of Natural Resources and Environment,2026-2027,Select one of the following:,FIW 4434,Wildlife Habitat Ecology and Management,3,
Wildlife Conservation Major,College of Natural Resources and Environment,2026-2027,Select one of the following:,FREC 2324,Dendrology Laboratory,1,
Wildlife Conservation Major,College of Natural Resources and Environment,2026-2027,Additional Degree Requirements,CHEM 1035,General Chemistry,3,
Wildlife Conservation Major,College of Natural Resources and Environment,2026-2027,Additional Degree Requirements,CHEM 1036,General Chemistry,3,
Wildlife Conservation Major,College of Natural Resources and Environment,2026-2027,Additional Degree Requirements,CHEM 1045,General Chemistry Laboratory,1,
Wildlife Conservation Major,College of Natural Resources and Environment,2026-2027,Additional Degree Requirements,CHEM 1046,General Chemistry Laboratory,1,
Wildlife Conservation Major,College of Natural Resources and Environment,2026-2027,Additional Wildlife Conservation Requirements,FIW 4474,Wildlife Habitat Evaluation,1,
Wildlife Conservation Major,College of Natural Resources and Environment,2026-2027,Genetics (choose one),FIW/FREC 4324,Genetics of Natural and Managed Populations,3,
Wildlife Conservation Major,College of Natural Resources and Environment,2026-2027,Pathways Concept 1 - Discourse,ENGL 1105,First-Year Writing (1F),3,
Wildlife Conservation Major,College of Natural Resources and Environment,2026-2027,Pathways Concept 1 - Discourse,ENGL 1106,First-Year Writing (1F),3,
Wildlife Conservation Major,College of Natural Resources and Environment,2026-2027,Pathways Concept 1 - Discourse,ALCE 3634,Communicating Ag and Life Sciences in Speaking,3,
Wildlife Conservation Major,College of Natural Resources and Environment,2026-2027,Pathways Concept 4 - Reasoning in the Natural Sciences,BIOL 1105,Principles of Biology,3,
Wildlife Conservation Major,College of Natural Resources and Environment,2026-2027,Pathways Concept 4 - Reasoning in the Natural Sciences,BIOL 1106,Principles of Biology,3,
Wildlife Conservation Major,College of Natural Resources and Environment,2026-2027,Select one of the following:,STAT 3615,Biological Statistics (5A),3,
Environmental Conservation & Society Major,College of Natural Resources and Environment,2026-2027,Degree Core Requirements,FREC 2214,Introduction to Land and Field Measurements,3,
Environmental Conservation & Society Major,College of Natural Resources and Environment,2026-2027,Degree Core Requirements,FREC 2314,Forest Biology and Dendrology,2,
Environmental Conservation & Society Major,College of Natural Resources and Environment,2026-2027,Degree Core Requirements,FREC 2324,Dendrology Laboratory,1,
Environmental Conservation & Society Major,College of Natural Resources and Environment,2026-2027,Degree Core Requirements,FREC 2614,Human-Environment Systems,3,
Environmental Conservation & Society Major,College of Natural Resources and Environment,2026-2027,Degree Core Requirements,FREC/NR 4004,Professional Skills in Natural Resources,1,
Environmental Conservation & Society Major,College of Natural Resources and Environment,2026-2027,Degree Core Requirements,FREC/NR 4014,Natural Resources Economics,3,
Environmental Conservation & Society Major,College of Natural Resources and Environment,2026-2027,Degree Core Requirements,FREC 4114,Information Technologies for Natural Resource Management,3,
Environmental Conservation & Society Major,College of Natural Resources and Environment,2026-2027,Degree Core Requirements,FREC 4434,Natural Resource Policy,3,
Environmental Conservation & Society Major,College of Natural Resources and Environment,2026-2027,Major Requirements,FIW 2114,Principles of Fish and Wildlife Conservation,3,
Environmental Conservation & Society Major,College of Natural Resources and Environment,2026-2027,Major Requirements,FIW 4464,Human Dimensions of Fisheries and Wildlife,3,
Environmental Conservation & Society Major,College of Natural Resources and Environment,2026-2027,Major Requirements,FREC 1024,Introduction to Environmental Conservation and Society,3,
Environmental Conservation & Society Major,College of Natural Resources and Environment,2026-2027,Major Requirements,FREC 2004,Forest Ecosystems,3,
Environmental Conservation & Society Major,College of Natural Resources and Environment,2026-2027,Major Requirements,FREC 3524,Environmental Interpretation (Pathways Concept 1 - Discourse - Advanced),3,
Environmental Conservation & Society Major,College of Natural Resources and Environment,2026-2027,Major Requirements,FREC 3544,Outdoor Recreation Planning and Management,3,
Environmental Conservation & Society Major,College of Natural Resources and Environment,2026-2027,Major Requirements,FREC 3774,Implementing Sustainability: Navigating the Human Element,3,
Environmental Conservation & Society Major,College of Natural Resources and Environment,2026-2027,Pathways Concept 1 - Discourse,COMM 1015,Communication Skills,3,
Environmental Conservation & Society Major,College of Natural Resources and Environment,2026-2027,Pathways Concept 1 - Discourse,COMM 1016,Communication Skills,3,
Environmental Conservation & Society Major,College of Natural Resources and Environment,2026-2027,Pathways Concept 2 - Critical Thinking in the Humanities,FREC/LAR 2554,Leadership for Global Sustainability,3,
Environmental Conservation & Society Major,College of Natural Resources and Environment,2026-2027,Pathways Concept 3 - Reasoning in the Social Sciences,AAEC 1005,Economics of the Food and Fiber System,3,
Environmental Conservation & Society Major,College of Natural Resources and Environment,2026-2027,Pathways Concept 4 - Reasoning in the Natural Sciences,BIOL 1105,Principles of Biology,3,
Environmental Conservation & Society Major,College of Natural Resources and Environment,2026-2027,Pathways Concept 4 - Reasoning in the Natural Sciences,BIOL 1106,Principles of Biology,3,
Environmental Conservation & Society Major,College of Natural Resources and Environment,2026-2027,Pathways Concept 5 - Quantitative and Computational Thinking,MATH 1025,Elementary Calculus,3,
Environmental Conservation & Society Major,College of Natural Resources and Environment,2026-2027,Pathways Concept 5 - Quantitative and Computational Thinking,STAT 3604,Statistics for Social Science,3,
Environmental Data Science Major,College of Natural Resources and Environment,2026-2027,Degree Core Requirements (19 credits),FREC 2214,Introduction to Land and Field Measurements,3,
Environmental Data Science Major,College of Natural Resources and Environment,2026-2027,Degree Core Requirements (19 credits),FREC 2314,Forest Biology and Dendrology,2,
Environmental Data Science Major,College of Natural Resources and Environment,2026-2027,Degree Core Requirements (19 credits),FREC 2324,Dendrology Laboratory,1,
Environmental Data Science Major,College of Natural Resources and Environment,2026-2027,Degree Core Requirements (19 credits),FREC 2614,Human-Environment Systems,3,
Environmental Data Science Major,College of Natural Resources and Environment,2026-2027,Degree Core Requirements (19 credits),FREC/NR 4004,Professional Skills in Natural Resources,1,
Environmental Data Science Major,College of Natural Resources and Environment,2026-2027,Degree Core Requirements (19 credits),FREC/NR 4014,Natural Resources Economics,3,
Environmental Data Science Major,College of Natural Resources and Environment,2026-2027,Degree Core Requirements (19 credits),FREC 4114,Information Technologies for Natural Resource Management,3,
Environmental Data Science Major,College of Natural Resources and Environment,2026-2027,Degree Core Requirements (19 credits),FREC 4434,Natural Resource Policy,3,
Environmental Data Science Major,College of Natural Resources and Environment,2026-2027,Data Science Requirements,BIT 3524,Database Management and Design,3,
Environmental Data Science Major,College of Natural Resources and Environment,2026-2027,Data Science Requirements,FREC 1044,Introduction to Environmental Data Science,3,
Environmental Data Science Major,College of Natural Resources and Environment,2026-2027,Data Science Requirements,FREC 3044,Environmental Data Science,3,
Environmental Data Science Major,College of Natural Resources and Environment,2026-2027,Data Science Requirements,FREC 4044,Environmental Data Science Capstone,3,
Environmental Data Science Major,College of Natural Resources and Environment,2026-2027,Data Science Requirements,FREC 4214,Forest Photogrammetry and Spatial Data Processing,3,
Environmental Data Science Major,College of Natural Resources and Environment,2026-2027,Data Science Requirements,STAT 3616,Biological Statistics,3,
Environmental Data Science Major,College of Natural Resources and Environment,2026-2027,Complete all of the following:,BIOL 1115,Principles of Biology Laboratory,1,
Environmental Data Science Major,College of Natural Resources and Environment,2026-2027,Complete all of the following:,BIOL 1116,Principles of Biology Laboratory,1,
Environmental Data Science Major,College of Natural Resources and Environment,2026-2027,Complete all of the following:,FREC 2004,Forest Ecosystems,3,
Environmental Data Science Major,College of Natural Resources and Environment,2026-2027,Pathways Concept 1 - Discourse,COMM 1015,Communication Skills (1F),3,
Environmental Data Science Major,College of Natural Resources and Environment,2026-2027,Pathways Concept 1 - Discourse,COMM 1016,Communication Skills (1F),3,
Environmental Data Science Major,College of Natural Resources and Environment,2026-2027,Pathways Concept 3 - Reasoning in the Social Sciences,AAEC 1005,Economics of the Food and Fiber System,3,
Environmental Data Science Major,College of Natural Resources and Environment,2026-2027,Pathways Concept 4 - Reasoning in the Natural Sciences,BIOL 1105,Principles of Biology,3,
Environmental Data Science Major,College of Natural Resources and Environment,2026-2027,Pathways Concept 4 - Reasoning in the Natural Sciences,BIOL 1106,Principles of Biology,3,
Environmental Data Science Major,College of Natural Resources and Environment,2026-2027,Pathways Concept 5 - Quantitative and Computational Thinking,MATH 1025,Elementary Calculus (5F),3-4,
Environmental Data Science Major,College of Natural Resources and Environment,2026-2027,Pathways Concept 5 - Quantitative and Computational Thinking,MATH 1026,Elementary Calculus (5F),3-4,
Environmental Data Science Major,College of Natural Resources and Environment,2026-2027,Pathways Concept 5 - Quantitative and Computational Thinking,STAT 3615,Biological Statistics (5A),3,
Environmental Resources Management Major,College of Natural Resources and Environment,2026-2027,Degree Core Requirements (19 credits),FREC 2214,Introduction to Land and Field Measurements,3,
Environmental Resources Management Major,College of Natural Resources and Environment,2026-2027,Degree Core Requirements (19 credits),FREC 2314,Forest Biology and Dendrology,2,
Environmental Resources Management Major,College of Natural Resources and Environment,2026-2027,Degree Core Requirements (19 credits),FREC 2324,Dendrology Laboratory,1,
Environmental Resources Management Major,College of Natural Resources and Environment,2026-2027,Degree Core Requirements (19 credits),FREC 2614,Human-Environment Systems,3,
Environmental Resources Management Major,College of Natural Resources and Environment,2026-2027,Degree Core Requirements (19 credits),FREC/NR 4004,Professional Skills in Natural Resources,1,
Environmental Resources Management Major,College of Natural Resources and Environment,2026-2027,Degree Core Requirements (19 credits),FREC/NR 4014,Natural Resources Economics,3,
Environmental Resources Management Major,College of Natural Resources and Environment,2026-2027,Degree Core Requirements (19 credits),FREC 4114,Information Technologies for Natural Resource Management,3,
Environmental Resources Management Major,College of Natural Resources and Environment,2026-2027,Degree Core Requirements (19 credits),FREC 4434,Natural Resource Policy,3,
Environmental Resources Management Major,College of Natural Resources and Environment,2026-2027,Major Requirements (42 credits),BIOL 1115,Principles of Biology Laboratory,1,
Environmental Resources Management Major,College of Natural Resources and Environment,2026-2027,Major Requirements (42 credits),BIOL 1116,Principles of Biology Laboratory,1,
Environmental Resources Management Major,College of Natural Resources and Environment,2026-2027,Major Requirements (42 credits),CHEM 1035,General Chemistry,3,
Environmental Resources Management Major,College of Natural Resources and Environment,2026-2027,Major Requirements (42 credits),CHEM 1045,General Chemistry Laboratory,1,
Environmental Resources Management Major,College of Natural Resources and Environment,2026-2027,Major Requirements (42 credits),ENSC 3134,Soils in the Landscape,3,
Environmental Resources Management Major,College of Natural Resources and Environment,2026-2027,Major Requirements (42 credits),FIW 2114,Principles of Fish and Wildlife Conservation,3,
Environmental Resources Management Major,College of Natural Resources and Environment,2026-2027,Major Requirements (42 credits),FREC 2004,Forest Ecosystems,3,
Environmental Resources Management Major,College of Natural Resources and Environment,2026-2027,Major Requirements (42 credits),FREC 2414,Field Experience in Forest Resources and Environmental Conservation,2,
Environmental Resources Management Major,College of Natural Resources and Environment,2026-2027,Major Requirements (42 credits),FREC 3014,Forest Health and Ecosystem Resilience,3,
Environmental Resources Management Major,College of Natural Resources and Environment,2026-2027,Major Requirements (42 credits),FREC/HORT 3354,Trees in the Built Environment,3,
Environmental Resources Management Major,College of Natural Resources and Environment,2026-2027,Major Requirements (42 credits),FREC 3364,Environmental Silviculture (Pathways 6 Design),3,
Environmental Resources Management Major,College of Natural Resources and Environment,2026-2027,Major Requirements (42 credits),FREC 4354,Forest Soil and Watershed Management,3,
Environmental Resources Management Major,College of Natural Resources and Environment,2026-2027,Major Requirements (42 credits),FREC 4374,Forested Wetlands,3,
Environmental Resources Management Major,College of Natural Resources and Environment,2026-2027,Major Requirements (42 credits),FREC/AAEC/WATR 4464,Water Resources Policy and Economics (Pathways 3 and 7),3,
Environmental Resources Management Major,College of Natural Resources and Environment,2026-2027,Major Requirements (42 credits),GEOG/GEOS 4354,Introduction to Remote Sensing,3,
Environmental Resources Management Major,College of Natural Resources and Environment,2026-2027,Major Requirements (42 credits),GEOS 1024,"Earth Resources, Society, and Environment",3,
Environmental Resources Management Major,College of Natural Resources and Environment,2026-2027,Major Requirements (42 credits),GEOS 1124,"Earth Resources, Society and Environment Laboratory",1,
Environmental Resources Management Major,College of Natural Resources and Environment,2026-2027,Pathways Concept 1 - Discourse (9 credits required),COMM 1015,Communication Skills,3,
Environmental Resources Management Major,College of Natural Resources and Environment,2026-2027,Pathways Concept 1 - Discourse (9 credits required),COMM 1016,Communication Skills,3,
Environmental Resources Management Major,College of Natural Resources and Environment,2026-2027,Pathways Concept 2 - Critical Thinking in the Humanities (6 credits required),FREC/LAR 2554,Leadership for Global Sustainability,3,
Environmental Resources Management Major,College of Natural Resources and Environment,2026-2027,Pathways Concept 3 - Reasoning in the Social Sciences (6 credits required),AAEC 1005,Economics of the Food and Fiber System,3,
Environmental Resources Management Major,College of Natural Resources and Environment,2026-2027,Pathways Concept 4 - Reasoning in the Natural Sciences (6 credits required),BIOL 1105,Principles of Biology,3,
Environmental Resources Management Major,College of Natural Resources and Environment,2026-2027,Pathways Concept 4 - Reasoning in the Natural Sciences (6 credits required),BIOL 1106,Principles of Biology,3,
Environmental Resources Management Major,College of Natural Resources and Environment,2026-2027,Pathways Concept 5 - Quantitative and Computational Thinking (9 credits required),MATH 1025,Elementary Calculus,3-4,
Environmental Resources Management Major,College of Natural Resources and Environment,2026-2027,Pathways Concept 5 - Quantitative and Computational Thinking (9 credits required),MATH 1026,Elementary Calculus,3-4,
Environmental Resources Management Major,College of Natural Resources and Environment,2026-2027,Pathways Concept 5 - Quantitative and Computational Thinking (9 credits required),STAT 3615,Biological Statistics,3,
Forestry Major with Forest Operations and Business Option,College of Natural Resources and Environment,2026-2027,Degree Core Requirements,FREC 2214,Introduction to Land and Field Measurements,3,
Forestry Major with Forest Operations and Business Option,College of Natural Resources and Environment,2026-2027,Degree Core Requirements,FREC 2314,Forest Biology and Dendrology,2,
Forestry Major with Forest Operations and Business Option,College of Natural Resources and Environment,2026-2027,Degree Core Requirements,FREC 2324,Dendrology Laboratory,1,
Forestry Major with Forest Operations and Business Option,College of Natural Resources and Environment,2026-2027,Degree Core Requirements,FREC 2614,Human-Environment Systems,3,
Forestry Major with Forest Operations and Business Option,College of Natural Resources and Environment,2026-2027,Degree Core Requirements,FREC/NR 4004,Professional Skills in Natural Resources,1,
Forestry Major with Forest Operations and Business Option,College of Natural Resources and Environment,2026-2027,Degree Core Requirements,FREC/NR 4014,Natural Resources Economics,3,
Forestry Major with Forest Operations and Business Option,College of Natural Resources and Environment,2026-2027,Degree Core Requirements,FREC 4114,Information Technologies for Natural Resource Management,3,
Forestry Major with Forest Operations and Business Option,College of Natural Resources and Environment,2026-2027,Degree Core Requirements,FREC 4434,Natural Resource Policy,3,
Forestry Major with Forest Operations and Business Option,College of Natural Resources and Environment,2026-2027,Major Requirements,ENSC 3134,Soils in the Landscape,3,
Forestry Major with Forest Operations and Business Option,College of Natural Resources and Environment,2026-2027,Major Requirements,FIW 2114,Principles of Fish and Wildlife Conservation,3,
Forestry Major with Forest Operations and Business Option,College of Natural Resources and Environment,2026-2027,Major Requirements,FREC 2514,Wildland Fire: Ecology and Management,3,
Forestry Major with Forest Operations and Business Option,College of Natural Resources and Environment,2026-2027,Major Requirements,FREC 3214,Forest Biometrics (Pathways Concept 5 - Quantitative and Computational Thinking),3,
Forestry Major with Forest Operations and Business Option,College of Natural Resources and Environment,2026-2027,Major Requirements,FREC 3314,Forest Ecology and Silvics,3,
Forestry Major with Forest Operations and Business Option,College of Natural Resources and Environment,2026-2027,Major Requirements,FREC 3724,Forest Boundaries and Roads,3,
Forestry Major with Forest Operations and Business Option,College of Natural Resources and Environment,2026-2027,Major Requirements,FREC 4214,Forest Photogrammetry and Spatial Data Processing,3,
Forestry Major with Forest Operations and Business Option,College of Natural Resources and Environment,2026-2027,Major Requirements,FREC 4514,Forest and Tree Pest Management,3,
Forestry Major with Forest Operations and Business Option,College of Natural Resources and Environment,2026-2027,Forest Operations and Business Option,ACIS 1004,Accounting Foundations,3,
Forestry Major with Forest Operations and Business Option,College of Natural Resources and Environment,2026-2027,Forest Operations and Business Option,FREC 2414,Field Experience in Forest Resources and Environmental Conservation,2,
Forestry Major with Forest Operations and Business Option,College of Natural Resources and Environment,2026-2027,Forest Operations and Business Option,FREC 3224,Forest Biometrics Laboratory,1,
Forestry Major with Forest Operations and Business Option,College of Natural Resources and Environment,2026-2027,Forest Operations and Business Option,FREC 3324,Silviculture Principles and Applications,4,
Forestry Major with Forest Operations and Business Option,College of Natural Resources and Environment,2026-2027,Forest Operations and Business Option,FREC 3714,Forest Harvesting,3,
Forestry Major with Forest Operations and Business Option,College of Natural Resources and Environment,2026-2027,Forest Operations and Business Option,FREC 4714,Harvesting Systems Evaluation,3,
Forestry Major with Forest Operations and Business Option,College of Natural Resources and Environment,2026-2027,Pathways Concept 1 - Discourse,COMM 1015,Communication Skills,3,
Forestry Major with Forest Operations and Business Option,College of Natural Resources and Environment,2026-2027,Pathways Concept 1 - Discourse,COMM 1016,Communication Skills,3,
Forestry Major with Forest Operations and Business Option,College of Natural Resources and Environment,2026-2027,Pathways Concept 1 - Discourse,FREC 3734,Forest Fiber Supply ( Pathway 1a ),3,
Forestry Major with Forest Operations and Business Option,College of Natural Resources and Environment,2026-2027,Pathways Concept 3 - Reasoning in the Social Sciences,AAEC 1005,Economics of the Food and Fiber System,3,
Forestry Major with Forest Operations and Business Option,College of Natural Resources and Environment,2026-2027,Pathways Concept 3 - Reasoning in the Social Sciences,AAEC 1006,Economics of the Food and Fiber System,3,
Forestry Major with Forest Operations and Business Option,College of Natural Resources and Environment,2026-2027,Pathways Concept 4 - Reasoning in the Natural Sciences,BIOL 1105,Principles of Biology,3,
Forestry Major with Forest Operations and Business Option,College of Natural Resources and Environment,2026-2027,Pathways Concept 4 - Reasoning in the Natural Sciences,BIOL 1106,Principles of Biology,3,
Forestry Major with Forest Operations and Business Option,College of Natural Resources and Environment,2026-2027,Pathways Concept 5 - Quantitative and Computational Thinking,MATH 1025,Elementary Calculus,3-4,
Forestry Major with Forest Operations and Business Option,College of Natural Resources and Environment,2026-2027,Pathways Concept 5 - Quantitative and Computational Thinking,MATH 1026,Elementary Calculus,3-4,
Forestry Major with Forest Operations and Business Option,College of Natural Resources and Environment,2026-2027,Pathways Concept 6 - Critique and Practice in Design and the Arts,FREC 4444,Integrated Forest Management Practicum ( Pathway 6d ),3,
Forestry Major with Forest Resources Management Option,College of Natural Resources and Environment,2026-2027,Degree Core Requirements,FREC 2214,Introduction to Land and Field Measurements,3,
Forestry Major with Forest Resources Management Option,College of Natural Resources and Environment,2026-2027,Degree Core Requirements,FREC 2314,Forest Biology and Dendrology,2,
Forestry Major with Forest Resources Management Option,College of Natural Resources and Environment,2026-2027,Degree Core Requirements,FREC 2324,Dendrology Laboratory,1,
Forestry Major with Forest Resources Management Option,College of Natural Resources and Environment,2026-2027,Degree Core Requirements,FREC 2614,Human-Environment Systems,3,
Forestry Major with Forest Resources Management Option,College of Natural Resources and Environment,2026-2027,Degree Core Requirements,FREC/NR 4004,Professional Skills in Natural Resources,1,
Forestry Major with Forest Resources Management Option,College of Natural Resources and Environment,2026-2027,Degree Core Requirements,FREC/NR 4014,Natural Resources Economics,3,
Forestry Major with Forest Resources Management Option,College of Natural Resources and Environment,2026-2027,Degree Core Requirements,FREC 4114,Information Technologies for Natural Resource Management,3,
Forestry Major with Forest Resources Management Option,College of Natural Resources and Environment,2026-2027,Degree Core Requirements,FREC 4434,Natural Resource Policy,3,
Forestry Major with Forest Resources Management Option,College of Natural Resources and Environment,2026-2027,Major Requirements,ENSC 3134,Soils in the Landscape,3,
Forestry Major with Forest Resources Management Option,College of Natural Resources and Environment,2026-2027,Major Requirements,FIW 2114,Principles of Fish and Wildlife Conservation,3,
Forestry Major with Forest Resources Management Option,College of Natural Resources and Environment,2026-2027,Major Requirements,FREC 2514,Wildland Fire: Ecology and Management,3,
Forestry Major with Forest Resources Management Option,College of Natural Resources and Environment,2026-2027,Major Requirements,FREC 3214,Forest Biometrics (Pathways Concept 5 - Quantitative and Computational Thinking),3,
Forestry Major with Forest Resources Management Option,College of Natural Resources and Environment,2026-2027,Major Requirements,FREC 3314,Forest Ecology and Silvics,3,
Forestry Major with Forest Resources Management Option,College of Natural Resources and Environment,2026-2027,Major Requirements,FREC 3724,Forest Boundaries and Roads,3,
Forestry Major with Forest Resources Management Option,College of Natural Resources and Environment,2026-2027,Major Requirements,FREC 4214,Forest Photogrammetry and Spatial Data Processing,3,
Forestry Major with Forest Resources Management Option,College of Natural Resources and Environment,2026-2027,Major Requirements,FREC 4514,Forest and Tree Pest Management,3,
Forestry Major with Forest Resources Management Option,College of Natural Resources and Environment,2026-2027,Forest Resources Management Option Requirements,ACIS 1004,Accounting Foundations,3,
Forestry Major with Forest Resources Management Option,College of Natural Resources and Environment,2026-2027,Forest Resources Management Option Requirements,CHEM 1035,General Chemistry,3,
Forestry Major with Forest Resources Management Option,College of Natural Resources and Environment,2026-2027,Forest Resources Management Option Requirements,FREC 2414,Field Experience in Forest Resources and Environmental Conservation,2,
Forestry Major with Forest Resources Management Option,College of Natural Resources and Environment,2026-2027,Forest Resources Management Option Requirements,FREC 3224,Forest Biometrics Laboratory,1,
Forestry Major with Forest Resources Management Option,College of Natural Resources and Environment,2026-2027,Forest Resources Management Option Requirements,FREC 3324,Silviculture Principles and Applications,4,
Forestry Major with Forest Resources Management Option,College of Natural Resources and Environment,2026-2027,Forest Resources Management Option Requirements,FREC/HORT 3354,Trees in the Built Environment,3,
Forestry Major with Forest Resources Management Option,College of Natural Resources and Environment,2026-2027,Forest Resources Management Option Requirements,FREC 3714,Forest Harvesting,3,
Forestry Major with Forest Resources Management Option,College of Natural Resources and Environment,2026-2027,Forest Resources Management Option Requirements,FREC 4354,Forest Soil and Watershed Management,3,
Forestry Major with Forest Resources Management Option,College of Natural Resources and Environment,2026-2027,Pathways Concept 1 - Discourse,COMM 1015,Communication Skills,3,
Forestry Major with Forest Resources Management Option,College of Natural Resources and Environment,2026-2027,Pathways Concept 1 - Discourse,COMM 1016,Communication Skills,3,
Forestry Major with Forest Resources Management Option,College of Natural Resources and Environment,2026-2027,Pathways Concept 1 - Discourse,FREC 3734,Forest Fiber Supply ( Pathway 1a ),3,
Forestry Major with Forest Resources Management Option,College of Natural Resources and Environment,2026-2027,Pathways Concept 3 - Reasoning in the Social Sciences,AAEC 1005,Economics of the Food and Fiber System,3,
Forestry Major with Forest Resources Management Option,College of Natural Resources and Environment,2026-2027,Pathways Concept 3 - Reasoning in the Social Sciences,AAEC 1006,Economics of the Food and Fiber System,3,
Forestry Major with Forest Resources Management Option,College of Natural Resources and Environment,2026-2027,Pathways Concept 4 - Reasoning in the Natural Sciences,BIOL 1105,Principles of Biology,3,
Forestry Major with Forest Resources Management Option,College of Natural Resources and Environment,2026-2027,Pathways Concept 4 - Reasoning in the Natural Sciences,BIOL 1106,Principles of Biology,3,
Forestry Major with Forest Resources Management Option,College of Natural Resources and Environment,2026-2027,Pathways Concept 5 - Quantitative and Computational Thinking,MATH 1025,Elementary Calculus,3-4,
Forestry Major with Forest Resources Management Option,College of Natural Resources and Environment,2026-2027,Pathways Concept 5 - Quantitative and Computational Thinking,MATH 1026,Elementary Calculus,3-4,
Forestry Major with Forest Resources Management Option,College of Natural Resources and Environment,2026-2027,Pathways Concept 6 - Critique and Practice in Design and the Arts,FREC 4444,Integrated Forest Management Practicum ( Pathway 6d ),3,
Forestry Major with Urban and Community Forestry Option,College of Natural Resources and Environment,2026-2027,Degree Core Requirements,FREC 2214,Introduction to Land and Field Measurements,3,
Forestry Major with Urban and Community Forestry Option,College of Natural Resources and Environment,2026-2027,Degree Core Requirements,FREC 2314,Forest Biology and Dendrology,2,
Forestry Major with Urban and Community Forestry Option,College of Natural Resources and Environment,2026-2027,Degree Core Requirements,FREC 2324,Dendrology Laboratory,1,
Forestry Major with Urban and Community Forestry Option,College of Natural Resources and Environment,2026-2027,Degree Core Requirements,FREC 2614,Human-Environment Systems,3,
Forestry Major with Urban and Community Forestry Option,College of Natural Resources and Environment,2026-2027,Degree Core Requirements,FREC/NR 4004,Professional Skills in Natural Resources,1,
Forestry Major with Urban and Community Forestry Option,College of Natural Resources and Environment,2026-2027,Degree Core Requirements,FREC/NR 4014,Natural Resources Economics,3,
Forestry Major with Urban and Community Forestry Option,College of Natural Resources and Environment,2026-2027,Degree Core Requirements,FREC 4114,Information Technologies for Natural Resource Management,3,
Forestry Major with Urban and Community Forestry Option,College of Natural Resources and Environment,2026-2027,Degree Core Requirements,FREC 4434,Natural Resource Policy,3,
Forestry Major with Urban and Community Forestry Option,College of Natural Resources and Environment,2026-2027,Major Requirements,ENSC 3134,Soils in the Landscape,3,
Forestry Major with Urban and Community Forestry Option,College of Natural Resources and Environment,2026-2027,Major Requirements,FIW 2114,Principles of Fish and Wildlife Conservation,3,
Forestry Major with Urban and Community Forestry Option,College of Natural Resources and Environment,2026-2027,Major Requirements,FREC 2514,Wildland Fire: Ecology and Management,3,
Forestry Major with Urban and Community Forestry Option,College of Natural Resources and Environment,2026-2027,Major Requirements,FREC 3214,Forest Biometrics (Pathways Concept 5 - Quantitative and Computational Thinking),3,
Forestry Major with Urban and Community Forestry Option,College of Natural Resources and Environment,2026-2027,Major Requirements,FREC 3314,Forest Ecology and Silvics,3,
Forestry Major with Urban and Community Forestry Option,College of Natural Resources and Environment,2026-2027,Major Requirements,FREC 3724,Forest Boundaries and Roads,3,
Forestry Major with Urban and Community Forestry Option,College of Natural Resources and Environment,2026-2027,Major Requirements,FREC 4214,Forest Photogrammetry and Spatial Data Processing,3,
Forestry Major with Urban and Community Forestry Option,College of Natural Resources and Environment,2026-2027,Major Requirements,FREC 4514,Forest and Tree Pest Management,3,
Forestry Major with Urban and Community Forestry Option,College of Natural Resources and Environment,2026-2027,Urban and Community Forestry Option Requirements,CHEM 1035,General Chemistry,3,
Forestry Major with Urban and Community Forestry Option,College of Natural Resources and Environment,2026-2027,Urban and Community Forestry Option Requirements,FREC 2254,Arboriculture Field Skills,1,
Forestry Major with Urban and Community Forestry Option,College of Natural Resources and Environment,2026-2027,Urban and Community Forestry Option Requirements,FREC 3354,Trees in the Built Environment,3,
Forestry Major with Urban and Community Forestry Option,College of Natural Resources and Environment,2026-2027,Urban and Community Forestry Option Requirements,FREC 3454,Trees in the Built Environment Lab,1,
Forestry Major with Urban and Community Forestry Option,College of Natural Resources and Environment,2026-2027,Urban and Community Forestry Option Requirements,FREC 4254,Urban and Community Forestry Practicum,1,
Forestry Major with Urban and Community Forestry Option,College of Natural Resources and Environment,2026-2027,Urban and Community Forestry Option Requirements,HORT 3325,Woody Landscape Plants,3,
Forestry Major with Urban and Community Forestry Option,College of Natural Resources and Environment,2026-2027,Pathways Concept 1 - Discourse,COMM 1015,Communication Skills,3,
Forestry Major with Urban and Community Forestry Option,College of Natural Resources and Environment,2026-2027,Pathways Concept 1 - Discourse,COMM 1016,Communication Skills,3,
Forestry Major with Urban and Community Forestry Option,College of Natural Resources and Environment,2026-2027,Pathways Concept 1 - Discourse,FREC 4454,Principles of Urban and Community Forestry ( Pathway 1a ),3,
Forestry Major with Urban and Community Forestry Option,College of Natural Resources and Environment,2026-2027,Pathways Concept 3 - Reasoning in the Social Sciences,AAEC 1005,Economics of the Food and Fiber System,3,
Forestry Major with Urban and Community Forestry Option,College of Natural Resources and Environment,2026-2027,Pathways Concept 3 - Reasoning in the Social Sciences,AAEC 1006,Economics of the Food and Fiber System,3,
Forestry Major with Urban and Community Forestry Option,College of Natural Resources and Environment,2026-2027,Pathways Concept 4 - Reasoning in the Natural Sciences,BIOL 1105,Principles of Biology,3,
Forestry Major with Urban and Community Forestry Option,College of Natural Resources and Environment,2026-2027,Pathways Concept 4 - Reasoning in the Natural Sciences,BIOL 1106,Principles of Biology,3,
Forestry Major with Urban and Community Forestry Option,College of Natural Resources and Environment,2026-2027,Pathways Concept 5 - Quantitative and Computational Thinking,MATH 1025,Elementary Calculus,3-4,
Forestry Major with Urban and Community Forestry Option,College of Natural Resources and Environment,2026-2027,Pathways Concept 5 - Quantitative and Computational Thinking,MATH 1026,Elementary Calculus,3-4,
Forestry Major with Urban and Community Forestry Option,College of Natural Resources and Environment,2026-2027,Pathways Concept 6 - Critique and Practice in Design and the Arts,FREC 3364,Environmental Silviculture ( Pathway 6d ),3,
"Water: Resources, Policy, and Management Major",College of Natural Resources and Environment,2026-2027,Degree Core Requirements (20 credits),ENSC 3604,Fundamentals of Environmental Science,3,
"Water: Resources, Policy, and Management Major",College of Natural Resources and Environment,2026-2027,Degree Core Requirements (20 credits),PHYS 2205,General Physics,3,
"Water: Resources, Policy, and Management Major",College of Natural Resources and Environment,2026-2027,Degree Core Requirements (20 credits),WATR/GEOG 2004,"Water, Environment, and Society",3,
"Water: Resources, Policy, and Management Major",College of Natural Resources and Environment,2026-2027,Degree Core Requirements (20 credits),WATR/FREC 3104,Principles of Watershed Hydrology,3,
"Water: Resources, Policy, and Management Major",College of Natural Resources and Environment,2026-2027,Degree Core Requirements (20 credits),WATR/FREC 3754,Watersheds and Water Quality Monitoring,3,
"Water: Resources, Policy, and Management Major",College of Natural Resources and Environment,2026-2027,Degree Core Requirements (20 credits),WATR/FREC/AAEC 4464,Water Resources Policy and Economics,3,
"Water: Resources, Policy, and Management Major",College of Natural Resources and Environment,2026-2027,Degree Core Requirements (20 credits),WATR/ALS 4614,"Watershed Assessment, Management, and Policy",2,
"Water: Resources, Policy, and Management Major",College of Natural Resources and Environment,2026-2027,Major Requirements (42 credits),GEOG 1524,Introduction to Earths Climate,3,
"Water: Resources, Policy, and Management Major",College of Natural Resources and Environment,2026-2027,Major Requirements (42 credits),GEOG/GEOS 4134,Interdisciplinary Issues and Ethics in Water Resources,3,
"Water: Resources, Policy, and Management Major",College of Natural Resources and Environment,2026-2027,Major Requirements (42 credits),WATR/FREC 4244,Hydroinformatics,3,
"Water: Resources, Policy, and Management Major",College of Natural Resources and Environment,2026-2027,Water Natural Science Lab Requirements (3 credits - complete all),BIOL 1116,Principles of Biology Laboratory,1,
"Water: Resources, Policy, and Management Major",College of Natural Resources and Environment,2026-2027,Water Natural Science Lab Requirements (3 credits - complete all),CHEM 1045,General Chemistry Laboratory,1,
"Water: Resources, Policy, and Management Major",College of Natural Resources and Environment,2026-2027,Water Natural Science Lab Requirements (3 credits - complete all),PHYS 2215,General Physics Laboratory,1,
Geography Major,College of Natural Resources and Environment,2026-2027,Degree Core Requirements,GEOG 1004,Introduction to Human Geography,3,
Geography Major,College of Natural Resources and Environment,2026-2027,Degree Core Requirements,GEOG 1014,World Regions,3,
Geography Major,College of Natural Resources and Environment,2026-2027,Degree Core Requirements,GEOG 1084/FREC 1004,Digital Planet,3,
Geography Major,College of Natural Resources and Environment,2026-2027,Degree Core Requirements,GEOG 1104,Introduction to Environmental Geography,3,
Geography Major,College of Natural Resources and Environment,2026-2027,Degree Core Requirements,GEOG 2084,Principles of Geographic Information Systems,3,
Geography Major,College of Natural Resources and Environment,2026-2027,Degree Core Requirements,GEOG 2314,Maps and Mapping,3,
Geography Major,College of Natural Resources and Environment,2026-2027,Major Requirements,GEOG 3314,Cartography,3,
Geography Major,College of Natural Resources and Environment,2026-2027,Major Requirements,GEOG 1024,Survey of Geography,1,
Geography Major,College of Natural Resources and Environment,2026-2027,Pathways Concept 1 - Discourse,ENGL 1105,First-Year Writing,3,
Geography Major,College of Natural Resources and Environment,2026-2027,Pathways Concept 1 - Discourse,ENGL 1106,First-Year Writing,3,
Geography Major,College of Natural Resources and Environment,2026-2027,Select two of the following:,STAT 3604,Statistics for Social Science,3,
Geography Major,College of Natural Resources and Environment,2026-2027,Pathways Concept 6 - Critique and Practice in Design and the Arts,GEOG 3314,Cartography,3,
Geography Major with Applied Climate Science Option,College of Natural Resources and Environment,2026-2027,#CORE- (21 credits),GEOG 1004,Introduction to Human Geography,3,
Geography Major with Applied Climate Science Option,College of Natural Resources and Environment,2026-2027,#CORE- (21 credits),GEOG 1014,World Regions,3,
Geography Major with Applied Climate Science Option,College of Natural Resources and Environment,2026-2027,#CORE- (21 credits),GEOG 1084/FREC 1004,Digital Planet,3,
Geography Major with Applied Climate Science Option,College of Natural Resources and Environment,2026-2027,#CORE- (21 credits),GEOG 1104,Introduction to Environmental Geography,3,
Geography Major with Applied Climate Science Option,College of Natural Resources and Environment,2026-2027,#CORE- (21 credits),GEOG 2084,Principles of Geographic Information Systems,3,
Geography Major with Applied Climate Science Option,College of Natural Resources and Environment,2026-2027,#CORE- (21 credits),GEOG 2314,Maps and Mapping,3,
Geography Major with Applied Climate Science Option,College of Natural Resources and Environment,2026-2027,Major Requirements (4 credits),GEOG 1024,Survey of Geography,1,
Geography Major with Applied Climate Science Option,College of Natural Resources and Environment,2026-2027,Major Requirements (4 credits),GEOG 3314,Cartography,3,
Geography Major with Applied Climate Science Option,College of Natural Resources and Environment,2026-2027,Option Required Courses (18 credits),GEOG 1514,Introduction to Meteorology,3,
Geography Major with Applied Climate Science Option,College of Natural Resources and Environment,2026-2027,Option Required Courses (18 credits),GEOG 1524,Introduction to Earths Climate,3,
Geography Major with Applied Climate Science Option,College of Natural Resources and Environment,2026-2027,Option Required Courses (18 credits),GEOG 2505,Weather Analysis I,3,
Geography Major with Applied Climate Science Option,College of Natural Resources and Environment,2026-2027,Option Required Courses (18 credits),GEOG/GEOS 4354,Introduction to Remote Sensing,3,
Geography Major with Applied Climate Science Option,College of Natural Resources and Environment,2026-2027,Option Required Courses (18 credits),GEOG 4414,Climate Change and Societal Impacts,3,
Geography Major with Applied Climate Science Option,College of Natural Resources and Environment,2026-2027,Option Required Courses (18 credits),GEOG 4574,Climate Data Analysis and Programming,3,
Geography Major with Environmental Geography Option,College of Natural Resources and Environment,2026-2027,Degree Core Requirements (21 credits),GEOG 1004,Introduction to Human Geography,3,
Geography Major with Environmental Geography Option,College of Natural Resources and Environment,2026-2027,Degree Core Requirements (21 credits),GEOG 1014,World Regions,3,
Geography Major with Environmental Geography Option,College of Natural Resources and Environment,2026-2027,Degree Core Requirements (21 credits),GEOG 1084/FREC 1004,Digital Planet,3,
Geography Major with Environmental Geography Option,College of Natural Resources and Environment,2026-2027,Degree Core Requirements (21 credits),GEOG 1104,Introduction to Environmental Geography,3,
Geography Major with Environmental Geography Option,College of Natural Resources and Environment,2026-2027,Degree Core Requirements (21 credits),GEOG 2084,Principles of Geographic Information Systems,3,
Geography Major with Environmental Geography Option,College of Natural Resources and Environment,2026-2027,Degree Core Requirements (21 credits),GEOG 2314,Maps and Mapping,3,
Geography Major with Environmental Geography Option,College of Natural Resources and Environment,2026-2027,Major Requirements (4 credits),GEOG 1024,Survey of Geography,1,
Geography Major with Environmental Geography Option,College of Natural Resources and Environment,2026-2027,Major Requirements (4 credits),GEOG 3314,Cartography,3,
Geography Major with Environmental Geography Option,College of Natural Resources and Environment,2026-2027,Option Required Courses (15 credits),GEOG 1524,Introduction to Earths Climate,3,
Geography Major with Environmental Geography Option,College of Natural Resources and Environment,2026-2027,Option Required Courses (15 credits),GEOG 3304,Geomorphology,3,
Geography Major with Environmental Geography Option,College of Natural Resources and Environment,2026-2027,Option Required Courses (15 credits),GEOG 4354,Introduction to Remote Sensing,3,
Geography Major with Environmental Geography Option,College of Natural Resources and Environment,2026-2027,Option Required Courses (15 credits),GEOG 4044,Biogeography,3,
Geography Major with Environmental Geography Option,College of Natural Resources and Environment,2026-2027,Option Required Courses (15 credits),GEOG 4084,Modeling with Geographic Information Systems,3,
Geography Major with Environmental Geography Option,College of Natural Resources and Environment,2026-2027,Pathways Concept 1 - Discourse,ENGL 1105,First-Year Writing,3,
Geography Major with Environmental Geography Option,College of Natural Resources and Environment,2026-2027,Pathways Concept 1 - Discourse,ENGL 1106,First-Year Writing,3,
Geography Major with Environmental Geography Option,College of Natural Resources and Environment,2026-2027,Pathways Concept 3 - Reasoning in the Social Sciences,GEOG 2004,"Water, Environment, and Society",3,
Geography Major with Geographic Information Science and Technology Option,College of Natural Resources and Environment,2026-2027,Degree Core Requirements (21 credits),GEOG 1004,Introduction to Human Geography,3,
Geography Major with Geographic Information Science and Technology Option,College of Natural Resources and Environment,2026-2027,Degree Core Requirements (21 credits),GEOG 1014,World Regions,3,
Geography Major with Geographic Information Science and Technology Option,College of Natural Resources and Environment,2026-2027,Degree Core Requirements (21 credits),GEOG 1084/FREC 1004,Digital Planet,3,
Geography Major with Geographic Information Science and Technology Option,College of Natural Resources and Environment,2026-2027,Degree Core Requirements (21 credits),GEOG 1104,Introduction to Environmental Geography,3,
Geography Major with Geographic Information Science and Technology Option,College of Natural Resources and Environment,2026-2027,Degree Core Requirements (21 credits),GEOG 2084,Principles of Geographic Information Systems,3,
Geography Major with Geographic Information Science and Technology Option,College of Natural Resources and Environment,2026-2027,Degree Core Requirements (21 credits),GEOG 2314,Maps and Mapping,3,
Geography Major with Geographic Information Science and Technology Option,College of Natural Resources and Environment,2026-2027,Major Requirements (4 credits),GEOG 1024,Survey of Geography,1,
Geography Major with Geographic Information Science and Technology Option,College of Natural Resources and Environment,2026-2027,Major Requirements (4 credits),GEOG 3314,Cartography,3,
Geography Major with Geographic Information Science and Technology Option,College of Natural Resources and Environment,2026-2027,Option Required Courses (15 credit hours),CS 1064,Introduction to Programming in Python,3,
Geography Major with Geographic Information Science and Technology Option,College of Natural Resources and Environment,2026-2027,Option Required Courses (15 credit hours),GEOG 4084,Modeling with Geographic Information Systems,3,
Geography Major with Geographic Information Science and Technology Option,College of Natural Resources and Environment,2026-2027,Option Required Courses (15 credit hours),GEOG 4314,Spatial Analysis in Geographic Information Systems,3,
Geography Major with Geographic Information Science and Technology Option,College of Natural Resources and Environment,2026-2027,Option Required Courses (15 credit hours),GEOG 4354,Introduction to Remote Sensing,3,
Geography Major with Geographic Information Science and Technology Option,College of Natural Resources and Environment,2026-2027,Option Required Courses (15 credit hours),GEOG 4424,Geospatial Data Science,3,
Meteorology Major,College of Natural Resources and Environment,2026-2027,Degree Core Requirements,GEOG 1104,Introduction to Environmental Geography,3,
Meteorology Major,College of Natural Resources and Environment,2026-2027,Degree Core Requirements,GEOG 1084,Digital Planet,3,
Meteorology Major,College of Natural Resources and Environment,2026-2027,Degree Core Requirements,GEOG 1504,Survey of Meteorology,1,
Meteorology Major,College of Natural Resources and Environment,2026-2027,Degree Core Requirements,GEOG 1514,Introduction to Meteorology,3,
Meteorology Major,College of Natural Resources and Environment,2026-2027,Degree Core Requirements,GEOG 2314,Maps and Mapping,3,
Meteorology Major,College of Natural Resources and Environment,2026-2027,Degree Core Requirements,GEOG 2505,Weather Analysis I,3,
Meteorology Major,College of Natural Resources and Environment,2026-2027,Degree Core Requirements,GEOG 2506,Weather Analysis II,3,
Meteorology Major,College of Natural Resources and Environment,2026-2027,Degree Core Requirements,GEOG 3504,Severe Weather,3,
Meteorology Major,College of Natural Resources and Environment,2026-2027,Meteorology,GEOG 3515,Dynamic Meteorology,3,
Meteorology Major,College of Natural Resources and Environment,2026-2027,Meteorology,GEOG 3516,Dynamic Meteorology,3,
Meteorology Major,College of Natural Resources and Environment,2026-2027,Meteorology,GEOG 4504,Synoptic Meteorology,3,
Meteorology Major,College of Natural Resources and Environment,2026-2027,Meteorology,GEOG 4524,Physical Meteorology,3,
Meteorology Major,College of Natural Resources and Environment,2026-2027,Mapping and GIS,GEOG 2084,Principles of Geographic Information Systems,3,
Meteorology Major,College of Natural Resources and Environment,2026-2027,Mapping and GIS,GEOG 3314,Cartography,3,
Meteorology Major,College of Natural Resources and Environment,2026-2027,Mapping and GIS,GEOG 3534,Atmospheric Remote Sensing,3,
Meteorology Major,College of Natural Resources and Environment,2026-2027,Mapping and GIS,GEOG/GEOS 4084,Modeling with Geographic Information Systems,3,
Meteorology Major,College of Natural Resources and Environment,2026-2027,Math and Statistics,MATH 2114,Introduction to Linear Algebra,3,
Meteorology Major,College of Natural Resources and Environment,2026-2027,Math and Statistics,MATH 2214,Introduction to Differential Equations,3,
Meteorology Major,College of Natural Resources and Environment,2026-2027,Math and Statistics,STAT 3604,Statistics for Social Science,3,
Meteorology Major,College of Natural Resources and Environment,2026-2027,Human Systems,GEOG 1004,Introduction to Human Geography,3,
Meteorology Major,College of Natural Resources and Environment,2026-2027,Human Systems,GEOG 1014,World Regions,3,
Meteorology Major,College of Natural Resources and Environment,2026-2027,Pathways Concept 1 - Discourse,ENGL 1105,First-Year Writing (1F),3,
Meteorology Major,College of Natural Resources and Environment,2026-2027,Pathways Concept 1 - Discourse,ENGL 1106,First-Year Writing (1F),3,
Meteorology Major,College of Natural Resources and Environment,2026-2027,Pathways Concept 4 - Reasoning in the Natural Sciences,PHYS 2305,Foundations of Physics,4,
Meteorology Major,College of Natural Resources and Environment,2026-2027,Pathways Concept 4 - Reasoning in the Natural Sciences,PHYS 2306,Foundations of Physics 6,4,
Meteorology Major,College of Natural Resources and Environment,2026-2027,Pathways Concept 5 - Quantitative and Computational Thinking,MATH 1225,Calculus of a Single Variable (5F),4,
Meteorology Major,College of Natural Resources and Environment,2026-2027,Pathways Concept 5 - Quantitative and Computational Thinking,MATH 1226,Calculus of a Single Variable (5F),4,
Packaging Systems and Design Major,College of Natural Resources and Environment,2026-2027,Degree Core Requirements,SBIO 2004,Computer-Aided Design in Packaging,3,
Packaging Systems and Design Major,College of Natural Resources and Environment,2026-2027,Degree Core Requirements,SBIO 2104,Principles of Packaging,3,
Packaging Systems and Design Major,College of Natural Resources and Environment,2026-2027,Degree Core Requirements,SBIO 3124,Paper and Paperboard Packaging,3,
Packaging Systems and Design Major,College of Natural Resources and Environment,2026-2027,Degree Core Requirements,SBIO 3224,Packaging Distribution Systems,3,
Packaging Systems and Design Major,College of Natural Resources and Environment,2026-2027,Degree Core Requirements,SBIO 3284,Packaging Polymers and Production,3,
Packaging Systems and Design Major,College of Natural Resources and Environment,2026-2027,Degree Core Requirements,SBIO 4024,Packaging Design for Global Distribution,3,
Packaging Systems and Design Major,College of Natural Resources and Environment,2026-2027,Degree Core Requirements,SBIO 4054,Packaging Systems Design Practicum,3,
Packaging Systems and Design Major,College of Natural Resources and Environment,2026-2027,Packaging Engineering,SBIO 4224,Industrial Packaging Systems,3,
Packaging Systems and Design Major,College of Natural Resources and Environment,2026-2027,Packaging Engineering,SBIO 3314,Mechanics of Sustainable Biomaterials and Packaging (Packaging Applications),4,
Packaging Systems and Design Major,College of Natural Resources and Environment,2026-2027,Packaging Applications,SBIO 4214,Food and Health Care Packaging,3,
Packaging Systems and Design Major,College of Natural Resources and Environment,2026-2027,Packaging Applications,SBIO 3244,Packaging Machinery and Production Systems,3,
Packaging Systems and Design Major,College of Natural Resources and Environment,2026-2027,Sustainability,SBIO 3464,Sustainable Operations Management,3,
Packaging Systems and Design Major,College of Natural Resources and Environment,2026-2027,Sustainability,SBIO 4164,Sustainability Performance and Assessments,3,
Packaging Systems and Design Major,College of Natural Resources and Environment,2026-2027,Sustainability,SBIO 2504,Circular Economy Analytics for Sustainable Systems,3,
Packaging Systems and Design Major,College of Natural Resources and Environment,2026-2027,Chemical and Physical Sciences,BIOL 1115,Principles of Biology Laboratory,1,
Packaging Systems and Design Major,College of Natural Resources and Environment,2026-2027,Chemical and Physical Sciences,PHYS 2205,General Physics,3,
Packaging Systems and Design Major,College of Natural Resources and Environment,2026-2027,Chemical and Physical Sciences,CHEM 1036,General Chemistry,3,
Packaging Systems and Design Major,College of Natural Resources and Environment,2026-2027,Chemical and Physical Sciences,CHEM 2514,Survey of Organic Chemistry,3,
Packaging Systems and Design Major,College of Natural Resources and Environment,2026-2027,Pathways Concept 1 - Discourse,ENGL 1105,First-Year Writing,3,
Packaging Systems and Design Major,College of Natural Resources and Environment,2026-2027,Pathways Concept 1 - Discourse,ENGL 1106,First-Year Writing,3,
Packaging Systems and Design Major,College of Natural Resources and Environment,2026-2027,Pathways Concept 1 - Discourse,ENGL 3764,Technical Writing (1A),3,
Packaging Systems and Design Major,College of Natural Resources and Environment,2026-2027,Pathways Concept 3 - Reasoning in the Social Sciences,ECON 2005,Principles of Economics,3,
Packaging Systems and Design Major,College of Natural Resources and Environment,2026-2027,Pathways Concept 3 - Reasoning in the Social Sciences,ECON 2006,Principles of Economics,3,
Packaging Systems and Design Major,College of Natural Resources and Environment,2026-2027,Pathways Concept 4 - Reasoning in the Natural Sciences,BIOL 1105,Principles of Biology,3,
Packaging Systems and Design Major,College of Natural Resources and Environment,2026-2027,Pathways Concept 4 - Reasoning in the Natural Sciences,CHEM 1035,General Chemistry,3,
Packaging Systems and Design Major,College of Natural Resources and Environment,2026-2027,Pathways Concept 4 - Reasoning in the Natural Sciences,CHEM 1045,General Chemistry Laboratory,1,
Packaging Systems and Design Major,College of Natural Resources and Environment,2026-2027,Pathways Concept 5 - Quantitative and Computational Thinking,STAT 3604,Statistics for Social Science,3,
Packaging Systems and Design Major,College of Natural Resources and Environment,2026-2027,Pathways Concept 5 - Quantitative and Computational Thinking,MATH 1025,Elementary Calculus,3,
Packaging Systems and Design Major,College of Natural Resources and Environment,2026-2027,Pathways Concept 5 - Quantitative and Computational Thinking,MATH 1026,Elementary Calculus,3,
Sustainable Systems Science Major,College of Natural Resources and Environment,2026-2027,Degree Core Requirements (24 credit hours),SBIO 1024,Systems Thinking in a Bioeconomy,3,
Sustainable Systems Science Major,College of Natural Resources and Environment,2026-2027,Degree Core Requirements (24 credit hours),SBIO 1114,A Sustainable Future through Circular Economy,3,
Sustainable Systems Science Major,College of Natural Resources and Environment,2026-2027,Degree Core Requirements (24 credit hours),SBIO 2124,Structure and Properties of Sustainable Biomaterials,3,
Sustainable Systems Science Major,College of Natural Resources and Environment,2026-2027,Degree Core Requirements (24 credit hours),SBIO 3454,"Society, Sustainability Biomaterials and Energy",3,
Sustainable Systems Science Major,College of Natural Resources and Environment,2026-2027,Degree Core Requirements (24 credit hours),SBIO 3524,Manufacture of Sustainable Biomaterials for Structures,3,
Sustainable Systems Science Major,College of Natural Resources and Environment,2026-2027,Degree Core Requirements (24 credit hours),STAT 3615,Biological Statistics,3,
Sustainable Systems Science Major,College of Natural Resources and Environment,2026-2027,Degree Core Requirements (24 credit hours),STAT 3616,Biological Statistics,3,
Sustainable Systems Science Major,College of Natural Resources and Environment,2026-2027,Degree Core Requirements (24 credit hours),SBIO 4164,Sustainability Performance and Assessments,3,
Sustainable Systems Science Major,College of Natural Resources and Environment,2026-2027,Major Requirements (22 credit hours),SBIO 1004,Explorations in Sustainable Systems Science,1,
Sustainable Systems Science Major,College of Natural Resources and Environment,2026-2027,Major Requirements (22 credit hours),SBIO 2514,Applied Industrial Ecology,3,
Sustainable Systems Science Major,College of Natural Resources and Environment,2026-2027,Major Requirements (22 credit hours),FREC 2614,Human-Environment Systems,3,
Sustainable Systems Science Major,College of Natural Resources and Environment,2026-2027,Major Requirements (22 credit hours),PPE 2894,PPE Gateway Course,3,
Sustainable Systems Science Major,College of Natural Resources and Environment,2026-2027,Major Requirements (22 credit hours),SBIO 3004,Sustainable Nature-Based Enterprises,3,
Sustainable Systems Science Major,College of Natural Resources and Environment,2026-2027,Major Requirements (22 credit hours),ENGR 3124,Introduction to Green Engineering,3,
Sustainable Systems Science Major,College of Natural Resources and Environment,2026-2027,Major Requirements (22 credit hours),ENGR 4134,Environmental Life Cycle Assessment,3,
Sustainable Systems Science Major,College of Natural Resources and Environment,2026-2027,Major Requirements (22 credit hours),SBIO 4724,Sustainable Systems Science Capstone,3,
Sustainable Systems Science Major,College of Natural Resources and Environment,2026-2027,Pathways Concept 1 - Discourse,ENGL 1105,First-Year Writing (1F),3,
Sustainable Systems Science Major,College of Natural Resources and Environment,2026-2027,Pathways Concept 1 - Discourse,ENGL 1106,First-Year Writing (1F),3,
Sustainable Systems Science Major,College of Natural Resources and Environment,2026-2027,Pathways Concept 2 - Critical Thinking in the Humanities,FREC/LAR 2554,Leadership for Global Sustainability,3,
Sustainable Systems Science Major,College of Natural Resources and Environment,2026-2027,Pathways Concept 3 - Reasoning in the Social Sciences,ECON 2005,Principles of Economics,3,
Sustainable Systems Science Major,College of Natural Resources and Environment,2026-2027,Pathways Concept 3 - Reasoning in the Social Sciences,ECON 2006,Principles of Economics,3,
Sustainable Systems Science Major,College of Natural Resources and Environment,2026-2027,Pathways Concept 4 - Reasoning in the Natural Sciences,BIOL 1105,Principles of Biology,3,
Sustainable Systems Science Major,College of Natural Resources and Environment,2026-2027,Pathways Concept 4 - Reasoning in the Natural Sciences,CHEM 1035,General Chemistry,3,
Sustainable Systems Science Major,College of Natural Resources and Environment,2026-2027,Pathways Concept 4 - Reasoning in the Natural Sciences,CHEM 1045,General Chemistry Laboratory,1,
Sustainable Systems Science Major,College of Natural Resources and Environment,2026-2027,Pathways Concept 5 - Quantitative and Computational Thinking,MATH 1025,Elementary Calculus (5F),3,
Sustainable Systems Science Major,College of Natural Resources and Environment,2026-2027,Pathways Concept 5 - Quantitative and Computational Thinking,MATH 1026,Elementary Calculus (5F),3,
Sustainable Systems Science Major,College of Natural Resources and Environment,2026-2027,Pathways Concept 5 - Quantitative and Computational Thinking,SBIO 2504,Circular Economy Analytics for Sustainable Systems (5A),3,
Accounting & Business Analysis Major,Pamplin College of Business,2026-2027,Degree Core Requirements,ACIS 2115,Principles of Accounting 1,3,
Accounting & Business Analysis Major,Pamplin College of Business,2026-2027,Degree Core Requirements,ACIS 2116,Principles of Accounting 1,3,
Accounting & Business Analysis Major,Pamplin College of Business,2026-2027,Degree Core Requirements,ACIS 3115,Intermediate Financial Accounting 1,3,
Accounting & Business Analysis Major,Pamplin College of Business,2026-2027,Degree Core Requirements,ACIS 3504,Accounting Systems and Controls 1,3,
Accounting & Business Analysis Major,Pamplin College of Business,2026-2027,Degree Core Requirements,ACIS 4214,Cost Planning and Control 1,3,
Accounting & Business Analysis Major,Pamplin College of Business,2026-2027,Degree Core Requirements,ACIS 4654,Accounting Analytics 1,3,
Accounting & Business Analysis Major,Pamplin College of Business,2026-2027,Degree Core Requirements,FIN 3054,Legal and Ethical Environment of Business,3,
Accounting & Business Analysis Major,Pamplin College of Business,2026-2027,College Requirements,BUS 1004,Foundations of Business Problem-Solving,3,
Accounting & Business Analysis Major,Pamplin College of Business,2026-2027,College Requirements,BUS 1204,AI Literacy for Business,3,
Accounting & Business Analysis Major,Pamplin College of Business,2026-2027,College Requirements,BUS 2004,Intermediate Applications of Business Problem-Solving,3,
Accounting & Business Analysis Major,Pamplin College of Business,2026-2027,College Requirements,BUS 3004,Advanced Applications of Business Problem-Solving,3,
Accounting & Business Analysis Major,Pamplin College of Business,2026-2027,College Requirements,BUS 3900,Bridge Experience,0,
Accounting & Business Analysis Major,Pamplin College of Business,2026-2027,College Requirements,BUS 4004,Capstone in Business Problem-Solving,3,
Accounting & Business Analysis Major,Pamplin College of Business,2026-2027,College Requirements,FIN 3104,Introduction to Finance 1,3,
Accounting & Business Analysis Major,Pamplin College of Business,2026-2027,College Requirements,MGT 3404,Principles of Management 1,3,
Accounting & Business Analysis Major,Pamplin College of Business,2026-2027,College Requirements,MKTG 3104,Marketing Management 1,3,
Accounting & Business Analysis Major,Pamplin College of Business,2026-2027,Major Requirements,ACIS 1104,Careers in Accounting and Information Systems,1,
Accounting & Business Analysis Major,Pamplin College of Business,2026-2027,Major Requirements,ACIS 1504,Introduction to Business Analytics and Business Intelligence,3,
Accounting & Business Analysis Major,Pamplin College of Business,2026-2027,Major Requirements,ACIS 2504,Introduction to Accounting Analytics,3,
Accounting & Business Analysis Major,Pamplin College of Business,2026-2027,Major Requirements,ACIS 3116,Intermediate Financial Accounting,3,
Accounting & Business Analysis Major,Pamplin College of Business,2026-2027,Major Requirements,ACIS 3314,Tax Impact on Decisions,3,
Accounting & Business Analysis Major,Pamplin College of Business,2026-2027,Major Requirements,ACIS 3714,Volunteer Income Tax Assistance Experience,3,
Accounting & Business Analysis Major,Pamplin College of Business,2026-2027,Major Requirements,ACIS 4414,Financial Statement Auditing,3,
Accounting & Business Analysis Major,Pamplin College of Business,2026-2027,Major Requirements,ACIS 4444,Forensic Accounting,3,
Accounting & Business Analysis Major,Pamplin College of Business,2026-2027,Major Requirements,ACIS 4454,Artificial Intelligence in Accounting and Auditing,3,
Accounting & Business Analysis Major,Pamplin College of Business,2026-2027,Major Requirements,ACIS 4544,Applied Accounting Analytics,3,
Accounting & Business Analysis Major,Pamplin College of Business,2026-2027,Pathways Concept 1 - Discourse,ENGL 1105,First-Year Writing (1F),3,
Accounting & Business Analysis Major,Pamplin College of Business,2026-2027,Pathways Concept 1 - Discourse,ENGL 1106,First-Year Writing (1F),3,
Accounting & Business Analysis Major,Pamplin College of Business,2026-2027,Pathways Concept 3 - Reasoning in the Social Sciences,ECON 2005,Principles of Economics 1,3,
Accounting & Business Analysis Major,Pamplin College of Business,2026-2027,Pathways Concept 3 - Reasoning in the Social Sciences,ECON 2006,Principles of Economics 1,3,
Accounting & Business Analysis Major,Pamplin College of Business,2026-2027,Pathways Concept 5 - Quantitative and Computational Thinking,BIT 2406,"Introduction to Business Statistics, Analytics, and Modeling (5A) 1",3,
Accounting and Information Systems Major,Pamplin College of Business,2026-2027,Degree Core Requirements,ACIS 2115,Principles of Accounting 1,3,
Accounting and Information Systems Major,Pamplin College of Business,2026-2027,Degree Core Requirements,ACIS 2116,Principles of Accounting 1,3,
Accounting and Information Systems Major,Pamplin College of Business,2026-2027,Degree Core Requirements,ACIS 3115,Intermediate Financial Accounting 1,3,
Accounting and Information Systems Major,Pamplin College of Business,2026-2027,Degree Core Requirements,ACIS 3504,Accounting Systems and Controls 1,3,
Accounting and Information Systems Major,Pamplin College of Business,2026-2027,Degree Core Requirements,ACIS 4214,Cost Planning and Control 1,3,
Accounting and Information Systems Major,Pamplin College of Business,2026-2027,Degree Core Requirements,ACIS 4654,Accounting Analytics 1,3,
Accounting and Information Systems Major,Pamplin College of Business,2026-2027,Degree Core Requirements,FIN 3054,Legal and Ethical Environment of Business,3,
Accounting and Information Systems Major,Pamplin College of Business,2026-2027,College Requirements,BUS 1004,Foundations of Business Problem-Solving,3,
Accounting and Information Systems Major,Pamplin College of Business,2026-2027,College Requirements,BUS 1204,AI Literacy for Business,3,
Accounting and Information Systems Major,Pamplin College of Business,2026-2027,College Requirements,BUS 2004,Intermediate Applications of Business Problem-Solving,3,
Accounting and Information Systems Major,Pamplin College of Business,2026-2027,College Requirements,BUS 3004,Advanced Applications of Business Problem-Solving,3,
Accounting and Information Systems Major,Pamplin College of Business,2026-2027,College Requirements,BUS 3900,Bridge Experience,0,
Accounting and Information Systems Major,Pamplin College of Business,2026-2027,College Requirements,BUS 4004,Capstone in Business Problem-Solving,3,
Accounting and Information Systems Major,Pamplin College of Business,2026-2027,College Requirements,FIN 3104,Introduction to Finance 1,3,
Accounting and Information Systems Major,Pamplin College of Business,2026-2027,College Requirements,MGT 3404,Principles of Management 1,3,
Accounting and Information Systems Major,Pamplin College of Business,2026-2027,College Requirements,MKTG 3104,Marketing Management 1,3,
Accounting and Information Systems Major,Pamplin College of Business,2026-2027,Major Requirements,ACIS 1104,Careers in Accounting and Information Systems,1,
Accounting and Information Systems Major,Pamplin College of Business,2026-2027,Major Requirements,ACIS 1504,Introduction to Business Analytics and Business Intelligence,3,
Accounting and Information Systems Major,Pamplin College of Business,2026-2027,Major Requirements,ACIS 2504,Introduction to Accounting Analytics,3,
Accounting and Information Systems Major,Pamplin College of Business,2026-2027,Major Requirements,ACIS 3714,Volunteer Income Tax Assistance Experience,3,
Accounting and Information Systems Major,Pamplin College of Business,2026-2027,Major Requirements,ACIS 4444,Forensic Accounting,3,
Accounting and Information Systems Major,Pamplin College of Business,2026-2027,Major Requirements,ACIS 4544,Applied Accounting Analytics,3,
Accounting and Information Systems Major,Pamplin College of Business,2026-2027,Pathways Concept 1 - Discourse,ENGL 1105,First-Year Writing (1F),3,
Accounting and Information Systems Major,Pamplin College of Business,2026-2027,Pathways Concept 1 - Discourse,ENGL 1106,First-Year Writing (1F),3,
Accounting and Information Systems Major,Pamplin College of Business,2026-2027,Pathways Concept 3 - Reasoning in the Social Sciences,ECON 2005,Principles of Economics 1,3,
Accounting and Information Systems Major,Pamplin College of Business,2026-2027,Pathways Concept 3 - Reasoning in the Social Sciences,ECON 2006,Principles of Economics 1,3,
Accounting and Information Systems Major,Pamplin College of Business,2026-2027,Pathways Concept 5 - Quantitative and Computational Thinking,BIT 2406,"Introduction to Business Statistics, Analytics, and Modeling (5A) 1",3,
Business Information Technology Major with Computer Based Decision Support Systems Option,Pamplin College of Business,2026-2027,Degree Core Requirements,BIT 2405,"Introduction to Business Statistics, Analytics, and Modeling #",3,
Business Information Technology Major with Computer Based Decision Support Systems Option,Pamplin College of Business,2026-2027,Degree Core Requirements,BIT 3414,Operations and Supply Chain Management #,3,
Business Information Technology Major with Computer Based Decision Support Systems Option,Pamplin College of Business,2026-2027,Degree Core Requirements,BIT 3434,Advanced Modeling for Business Analytics #,3,
Business Information Technology Major with Computer Based Decision Support Systems Option,Pamplin College of Business,2026-2027,Degree Core Requirements,BIT 3444,Advanced Business Computing and Applications #,3,
Business Information Technology Major with Computer Based Decision Support Systems Option,Pamplin College of Business,2026-2027,Degree Core Requirements,BIT 3524,Database Management and Design #,3,
Business Information Technology Major with Computer Based Decision Support Systems Option,Pamplin College of Business,2026-2027,Degree Core Requirements,BIT 4474,Global Operations and Information Technology #,3,
Business Information Technology Major with Computer Based Decision Support Systems Option,Pamplin College of Business,2026-2027,Degree Core Requirements,BIT 4484,Project Management #,3,
Business Information Technology Major with Computer Based Decision Support Systems Option,Pamplin College of Business,2026-2027,College Requirements,ACIS 2115,Principles of Accounting 1,3,
Business Information Technology Major with Computer Based Decision Support Systems Option,Pamplin College of Business,2026-2027,College Requirements,ACIS 2116,Principles of Accounting 1,3,
Business Information Technology Major with Computer Based Decision Support Systems Option,Pamplin College of Business,2026-2027,College Requirements,BUS 1004,Foundations of Business Problem-Solving,3,
Business Information Technology Major with Computer Based Decision Support Systems Option,Pamplin College of Business,2026-2027,College Requirements,BUS 1204,AI Literacy for Business,3,
Business Information Technology Major with Computer Based Decision Support Systems Option,Pamplin College of Business,2026-2027,College Requirements,BUS 2004,Intermediate Applications of Business Problem-Solving,3,
Business Information Technology Major with Computer Based Decision Support Systems Option,Pamplin College of Business,2026-2027,College Requirements,BUS 3004,Advanced Applications of Business Problem-Solving,3,
Business Information Technology Major with Computer Based Decision Support Systems Option,Pamplin College of Business,2026-2027,College Requirements,BUS 3754,Internship in Business,1,
Business Information Technology Major with Computer Based Decision Support Systems Option,Pamplin College of Business,2026-2027,College Requirements,BUS 3900,Bridge Experience,0,
Business Information Technology Major with Computer Based Decision Support Systems Option,Pamplin College of Business,2026-2027,College Requirements,BUS 4004,Capstone in Business Problem-Solving,3,
Business Information Technology Major with Computer Based Decision Support Systems Option,Pamplin College of Business,2026-2027,College Requirements,FIN 3104,Introduction to Finance 1,3,
Business Information Technology Major with Computer Based Decision Support Systems Option,Pamplin College of Business,2026-2027,College Requirements,MGT 3404,Principles of Management 1,3,
Business Information Technology Major with Computer Based Decision Support Systems Option,Pamplin College of Business,2026-2027,College Requirements,MKTG 3104,Marketing Management 1,3,
Business Information Technology Major with Computer Based Decision Support Systems Option,Pamplin College of Business,2026-2027,Major Requirements,BIT 2104,Careers in Business Information Technology,1,
Business Information Technology Major with Computer Based Decision Support Systems Option,Pamplin College of Business,2026-2027,Major Requirements,BIT 3424,Introduction to Business Analytics Modeling #,3,
Business Information Technology Major with Computer Based Decision Support Systems Option,Pamplin College of Business,2026-2027,Major Requirements,BIT 4604,"Data Governance, Privacy and Ethics #",3,
Business Information Technology Major with Computer Based Decision Support Systems Option,Pamplin College of Business,2026-2027,Major Requirements,CS 1064,Introduction to Programming in Python #,3,
Business Information Technology Major with Computer Based Decision Support Systems Option,Pamplin College of Business,2026-2027,Option Required Courses,BIT 3474,Data Management and Business Analytics in Python #,3,
Business Information Technology Major with Computer Based Decision Support Systems Option,Pamplin College of Business,2026-2027,Option Required Courses,BIT 3514,Systems Analysis #,3,
Business Information Technology Major with Computer Based Decision Support Systems Option,Pamplin College of Business,2026-2027,Option Required Courses,BIT 3554,"Networks, Telecommunications and Security #",3,
Business Information Technology Major with Computer Based Decision Support Systems Option,Pamplin College of Business,2026-2027,Option Required Courses,BIT 4444,Web-Based Decision Support Systems #,3,
Business Information Technology Major with Computer Based Decision Support Systems Option,Pamplin College of Business,2026-2027,Option Required Courses,BIT 4454,Business Analysis Seminar in IT #,3,
Business Information Technology Major with Computer Based Decision Support Systems Option,Pamplin College of Business,2026-2027,Pathways Concept 1 - Discourse,COMM 1015,Communication Skills (1F),3,
Business Information Technology Major with Computer Based Decision Support Systems Option,Pamplin College of Business,2026-2027,Pathways Concept 1 - Discourse,COMM 1016,Communication Skills (1F),3,
Business Information Technology Major with Computer Based Decision Support Systems Option,Pamplin College of Business,2026-2027,Pathways Concept 3 - Reasoning in the Social Sciences,ECON 2005,Principles of Economics 1,3,
Business Information Technology Major with Computer Based Decision Support Systems Option,Pamplin College of Business,2026-2027,Pathways Concept 3 - Reasoning in the Social Sciences,ECON 2006,Principles of Economics 1,3,
Business Information Technology Major with Computer Based Decision Support Systems Option,Pamplin College of Business,2026-2027,Pathways Concept 5 - Quantitative and Computational Thinking,MATH 1025,Elementary Calculus (5F),3,
Business Information Technology Major with Computer Based Decision Support Systems Option,Pamplin College of Business,2026-2027,Pathways Concept 5 - Quantitative and Computational Thinking,BIT 2406,"Introduction to Business Statistics, Analytics, and Modeling (5A) 1",3,
Cybersecurity Management and Analytics Major,Pamplin College of Business,2026-2027,Degree Core Requirements,BIT 2405,"Introduction to Business Statistics, Analytics, and Modeling #",3,
Cybersecurity Management and Analytics Major,Pamplin College of Business,2026-2027,Degree Core Requirements,BIT 3414,Operations and Supply Chain Management #,3,
Cybersecurity Management and Analytics Major,Pamplin College of Business,2026-2027,Degree Core Requirements,BIT 3434,Advanced Modeling for Business Analytics #,3,
Cybersecurity Management and Analytics Major,Pamplin College of Business,2026-2027,Degree Core Requirements,BIT 3444,Advanced Business Computing and Applications #,3,
Cybersecurity Management and Analytics Major,Pamplin College of Business,2026-2027,Degree Core Requirements,BIT 3524,Database Management and Design #,3,
Cybersecurity Management and Analytics Major,Pamplin College of Business,2026-2027,Degree Core Requirements,BIT 4474,Global Operations and Information Technology #,3,
Cybersecurity Management and Analytics Major,Pamplin College of Business,2026-2027,Degree Core Requirements,BIT 4484,Project Management #,3,
Cybersecurity Management and Analytics Major,Pamplin College of Business,2026-2027,College Requirements,ACIS 2115,Principles of Accounting 1,3,
Cybersecurity Management and Analytics Major,Pamplin College of Business,2026-2027,College Requirements,ACIS 2116,Principles of Accounting 1,3,
Cybersecurity Management and Analytics Major,Pamplin College of Business,2026-2027,College Requirements,BUS 1004,Foundations of Business Problem-Solving,3,
Cybersecurity Management and Analytics Major,Pamplin College of Business,2026-2027,College Requirements,BUS 1204,AI Literacy for Business,3,
Cybersecurity Management and Analytics Major,Pamplin College of Business,2026-2027,College Requirements,BUS 2004,Intermediate Applications of Business Problem-Solving,3,
Cybersecurity Management and Analytics Major,Pamplin College of Business,2026-2027,College Requirements,BUS 3004,Advanced Applications of Business Problem-Solving,3,
Cybersecurity Management and Analytics Major,Pamplin College of Business,2026-2027,College Requirements,BUS 3754,Internship in Business,1,
Cybersecurity Management and Analytics Major,Pamplin College of Business,2026-2027,College Requirements,BUS 3900,Bridge Experience,0,
Cybersecurity Management and Analytics Major,Pamplin College of Business,2026-2027,College Requirements,BUS 4004,Capstone in Business Problem-Solving,3,
Cybersecurity Management and Analytics Major,Pamplin College of Business,2026-2027,College Requirements,FIN 3104,Introduction to Finance 1,3,
Cybersecurity Management and Analytics Major,Pamplin College of Business,2026-2027,College Requirements,MGT 3404,Principles of Management 1,3,
Cybersecurity Management and Analytics Major,Pamplin College of Business,2026-2027,College Requirements,MKTG 3104,Marketing Management 1,3,
Cybersecurity Management and Analytics Major,Pamplin College of Business,2026-2027,Major Requirements,BIT 2104,Careers in Business Information Technology,1,
Cybersecurity Management and Analytics Major,Pamplin College of Business,2026-2027,Major Requirements,BIT 2554,"Linux, Shell Scripting, and Securing OS for Business #",3,
Cybersecurity Management and Analytics Major,Pamplin College of Business,2026-2027,Major Requirements,BIT 3474,Data Management and Business Analytics in Python #,3,
Cybersecurity Management and Analytics Major,Pamplin College of Business,2026-2027,Major Requirements,BIT 3484,Advanced Business Analytics in Python and R #,3,
Cybersecurity Management and Analytics Major,Pamplin College of Business,2026-2027,Major Requirements,BIT 3554,"Networks, Telecommunications and Security #",3,
Cybersecurity Management and Analytics Major,Pamplin College of Business,2026-2027,Major Requirements,BIT 3664,Cybersecurity Management I #,3,
Cybersecurity Management and Analytics Major,Pamplin College of Business,2026-2027,Major Requirements,BIT 3674,Cybersecurity Management II #,3,
Cybersecurity Management and Analytics Major,Pamplin College of Business,2026-2027,Major Requirements,BIT 4604,"Data Governance, Privacy and Ethics #",3,
Cybersecurity Management and Analytics Major,Pamplin College of Business,2026-2027,Major Requirements,BIT 4644,Digital Forensics and Incident Response Management #,3,
Cybersecurity Management and Analytics Major,Pamplin College of Business,2026-2027,Major Requirements,BIT 4654,Penetration Testing and Ethical Hacking for Business #,3,
Cybersecurity Management and Analytics Major,Pamplin College of Business,2026-2027,Major Requirements,CS 1064,Introduction to Programming in Python #,3,
Cybersecurity Management and Analytics Major,Pamplin College of Business,2026-2027,Pathways Concept 1 - Discourse,COMM 1015,Communication Skills (1F),3,
Cybersecurity Management and Analytics Major,Pamplin College of Business,2026-2027,Pathways Concept 1 - Discourse,COMM 1016,Communication Skills (1F),3,
Cybersecurity Management and Analytics Major,Pamplin College of Business,2026-2027,Pathways Concept 3 - Reasoning in the Social Sciences,ECON 2005,Principles of Economics 1,3,
Cybersecurity Management and Analytics Major,Pamplin College of Business,2026-2027,Pathways Concept 3 - Reasoning in the Social Sciences,ECON 2006,Principles of Economics 1,3,
Cybersecurity Management and Analytics Major,Pamplin College of Business,2026-2027,Pathways Concept 5 - Quantitative and Computational Thinking,MATH 1025,Elementary Calculus (5F),3,
Cybersecurity Management and Analytics Major,Pamplin College of Business,2026-2027,Pathways Concept 5 - Quantitative and Computational Thinking,BIT 2406,"Introduction to Business Statistics, Analytics, and Modeling (5A) 1",3,
Business Information Technology Major with Operations and Supply Chain Management Option,Pamplin College of Business,2026-2027,Degree Core Requirements,BIT 2405,"Introduction to Business Statistics, Analytics, and Modeling #",3,
Business Information Technology Major with Operations and Supply Chain Management Option,Pamplin College of Business,2026-2027,Degree Core Requirements,BIT 3414,Operations and Supply Chain Management #,3,
Business Information Technology Major with Operations and Supply Chain Management Option,Pamplin College of Business,2026-2027,Degree Core Requirements,BIT 3434,Advanced Modeling for Business Analytics #,3,
Business Information Technology Major with Operations and Supply Chain Management Option,Pamplin College of Business,2026-2027,Degree Core Requirements,BIT 3444,Advanced Business Computing and Applications #,3,
Business Information Technology Major with Operations and Supply Chain Management Option,Pamplin College of Business,2026-2027,Degree Core Requirements,BIT 3524,Database Management and Design #,3,
Business Information Technology Major with Operations and Supply Chain Management Option,Pamplin College of Business,2026-2027,Degree Core Requirements,BIT 4474,Global Operations and Information Technology #,3,
Business Information Technology Major with Operations and Supply Chain Management Option,Pamplin College of Business,2026-2027,Degree Core Requirements,BIT 4484,Project Management #,3,
Business Information Technology Major with Operations and Supply Chain Management Option,Pamplin College of Business,2026-2027,College Requirements,ACIS 2115,Principles of Accounting 1,3,
Business Information Technology Major with Operations and Supply Chain Management Option,Pamplin College of Business,2026-2027,College Requirements,ACIS 2116,Principles of Accounting 1,3,
Business Information Technology Major with Operations and Supply Chain Management Option,Pamplin College of Business,2026-2027,College Requirements,BUS 1004,Foundations of Business Problem-Solving,3,
Business Information Technology Major with Operations and Supply Chain Management Option,Pamplin College of Business,2026-2027,College Requirements,BUS 1204,AI Literacy for Business,3,
Business Information Technology Major with Operations and Supply Chain Management Option,Pamplin College of Business,2026-2027,College Requirements,BUS 2004,Intermediate Applications of Business Problem-Solving,3,
Business Information Technology Major with Operations and Supply Chain Management Option,Pamplin College of Business,2026-2027,College Requirements,BUS 3004,Advanced Applications of Business Problem-Solving,3,
Business Information Technology Major with Operations and Supply Chain Management Option,Pamplin College of Business,2026-2027,College Requirements,BUS 3754,Internship in Business,1,
Business Information Technology Major with Operations and Supply Chain Management Option,Pamplin College of Business,2026-2027,College Requirements,BUS 3900,Bridge Experience,0,
Business Information Technology Major with Operations and Supply Chain Management Option,Pamplin College of Business,2026-2027,College Requirements,BUS 4004,Capstone in Business Problem-Solving,3,
Business Information Technology Major with Operations and Supply Chain Management Option,Pamplin College of Business,2026-2027,College Requirements,FIN 3104,Introduction to Finance 1,3,
Business Information Technology Major with Operations and Supply Chain Management Option,Pamplin College of Business,2026-2027,College Requirements,MGT 3404,Principles of Management 1,3,
Business Information Technology Major with Operations and Supply Chain Management Option,Pamplin College of Business,2026-2027,College Requirements,MKTG 3104,Marketing Management 1,3,
Business Information Technology Major with Operations and Supply Chain Management Option,Pamplin College of Business,2026-2027,Major Requirements,BIT 2104,Careers in Business Information Technology,1,
Business Information Technology Major with Operations and Supply Chain Management Option,Pamplin College of Business,2026-2027,Major Requirements,BIT 3424,Introduction to Business Analytics Modeling #,3,
Business Information Technology Major with Operations and Supply Chain Management Option,Pamplin College of Business,2026-2027,Major Requirements,BIT 4604,"Data Governance, Privacy and Ethics #",3,
Business Information Technology Major with Operations and Supply Chain Management Option,Pamplin College of Business,2026-2027,Major Requirements,CS 1064,Introduction to Programming in Python #,3,
Business Information Technology Major with Operations and Supply Chain Management Option,Pamplin College of Business,2026-2027,Option Required Courses,BIT 3454,Business Process Improvement #,3,
Business Information Technology Major with Operations and Supply Chain Management Option,Pamplin College of Business,2026-2027,Option Required Courses,BIT 3464,Enterprise Planning and Control Systems #,3,
Business Information Technology Major with Operations and Supply Chain Management Option,Pamplin College of Business,2026-2027,Option Required Courses,BIT 4424,Business Information Visualization and Analytics #,3,
Business Information Technology Major with Operations and Supply Chain Management Option,Pamplin College of Business,2026-2027,Option Required Courses,BIT 4434,Computer Simulation in Business #,3,
Business Information Technology Major with Operations and Supply Chain Management Option,Pamplin College of Business,2026-2027,Option Required Courses,BIT 4464,Advanced Supply Chain Management #,3,
Business Information Technology Major with Operations and Supply Chain Management Option,Pamplin College of Business,2026-2027,Pathways Concept 1 - Discourse,COMM 1015,Communication Skills (1F),3,
Business Information Technology Major with Operations and Supply Chain Management Option,Pamplin College of Business,2026-2027,Pathways Concept 1 - Discourse,COMM 1016,Communication Skills (1F),3,
Business Information Technology Major with Operations and Supply Chain Management Option,Pamplin College of Business,2026-2027,Pathways Concept 3 - Reasoning in the Social Sciences,ECON 2005,Principles of Economics 1,3,
Business Information Technology Major with Operations and Supply Chain Management Option,Pamplin College of Business,2026-2027,Pathways Concept 3 - Reasoning in the Social Sciences,ECON 2006,Principles of Economics 1,3,
Business Information Technology Major with Operations and Supply Chain Management Option,Pamplin College of Business,2026-2027,Pathways Concept 5 - Quantitative and Computational Thinking,MATH 1025,Elementary Calculus (5F),3,
Business Information Technology Major with Operations and Supply Chain Management Option,Pamplin College of Business,2026-2027,Pathways Concept 5 - Quantitative and Computational Thinking,BIT 2406,"Introduction to Business Statistics, Analytics, and Modeling (5A) 1",3,
Finance Major with Corporate Financial Management Option,Pamplin College of Business,2026-2027,Degree Core Requirements,ACIS 2115,"Principles of Accounting 1,#",3,
Finance Major with Corporate Financial Management Option,Pamplin College of Business,2026-2027,Degree Core Requirements,ACIS 2116,"Principles of Accounting 1,#",3,
Finance Major with Corporate Financial Management Option,Pamplin College of Business,2026-2027,Degree Core Requirements,FIN 3054,Legal and Ethical Environment of Business #,3,
Finance Major with Corporate Financial Management Option,Pamplin College of Business,2026-2027,Degree Core Requirements,FIN 3104,"Introduction to Finance 1,#",3,
Finance Major with Corporate Financial Management Option,Pamplin College of Business,2026-2027,Degree Core Requirements,FIN 3134,"Financial Analytics 2,#",3,
Finance Major with Corporate Financial Management Option,Pamplin College of Business,2026-2027,Degree Core Requirements,FIN 3144,"Investments: Debt, Equity and Derivatives 2,#",3,
Finance Major with Corporate Financial Management Option,Pamplin College of Business,2026-2027,Degree Core Requirements,FIN 3154,"Corporate Financial Analytics and Strategy 2,#",3,
Finance Major with Corporate Financial Management Option,Pamplin College of Business,2026-2027,College Requirements,BUS 1004,Foundations of Business Problem-Solving,3,
Finance Major with Corporate Financial Management Option,Pamplin College of Business,2026-2027,College Requirements,BUS 1204,AI Literacy for Business,3,
Finance Major with Corporate Financial Management Option,Pamplin College of Business,2026-2027,College Requirements,BUS 2004,Intermediate Applications of Business Problem-Solving,3,
Finance Major with Corporate Financial Management Option,Pamplin College of Business,2026-2027,College Requirements,BUS 3004,Advanced Applications of Business Problem-Solving,3,
Finance Major with Corporate Financial Management Option,Pamplin College of Business,2026-2027,College Requirements,BUS 3754,Internship in Business,1,
Finance Major with Corporate Financial Management Option,Pamplin College of Business,2026-2027,College Requirements,BUS 3900,Bridge Experience,0,
Finance Major with Corporate Financial Management Option,Pamplin College of Business,2026-2027,College Requirements,BUS 4004,Capstone in Business Problem-Solving,3,
Finance Major with Corporate Financial Management Option,Pamplin College of Business,2026-2027,College Requirements,MGT 3404,Principles of Management 1,3,
Finance Major with Corporate Financial Management Option,Pamplin College of Business,2026-2027,College Requirements,MKTG 3104,Marketing Management 1,3,
Finance Major with Corporate Financial Management Option,Pamplin College of Business,2026-2027,Major Requirements,BIT 2405,"Introduction to Business Statistics, Analytics, and Modeling #",3,
Finance Major with Corporate Financial Management Option,Pamplin College of Business,2026-2027,Major Requirements,BIT 3414,Operations and Supply Chain Management #,3,
Finance Major with Corporate Financial Management Option,Pamplin College of Business,2026-2027,Major Requirements,FIN 2164,Survey of Finance and Career Planning,1,
Finance Major with Corporate Financial Management Option,Pamplin College of Business,2026-2027,Major Requirements,FIN 4144,International Financial Management #,3,
Finance Major with Corporate Financial Management Option,Pamplin College of Business,2026-2027,Major Requirements,FIN 4214,Financial Modeling in Excel #,3,
Finance Major with Corporate Financial Management Option,Pamplin College of Business,2026-2027,Major Requirements,FIN 4234,Venture Capital and Investment Banking #,3,
Finance Major with Corporate Financial Management Option,Pamplin College of Business,2026-2027,Option Required Courses,ACIS 3115,Intermediate Financial Accounting #,3,
Finance Major with Corporate Financial Management Option,Pamplin College of Business,2026-2027,Option Required Courses,FIN 3114,Python/SQL for Data Analytics and Finance #,3,
Finance Major with Corporate Financial Management Option,Pamplin College of Business,2026-2027,Option Required Courses,FIN 3254,Credit Risk Analysis #,3,
Finance Major with Corporate Financial Management Option,Pamplin College of Business,2026-2027,Option Required Courses,FIN 4244,Asset Valuation and Corporate Governance #,3,
Finance Major with Corporate Financial Management Option,Pamplin College of Business,2026-2027,Option Required Courses,FIN 4264,Managing Risk with Derivatives #,3,
Finance Major with Corporate Financial Management Option,Pamplin College of Business,2026-2027,Pathways Concept 1 - Discourse,COMM 1015,Communication Skills (1F),3,
Finance Major with Corporate Financial Management Option,Pamplin College of Business,2026-2027,Pathways Concept 1 - Discourse,COMM 1016,Communication Skills (1F),3,
Finance Major with Corporate Financial Management Option,Pamplin College of Business,2026-2027,Pathways Concept 3 - Reasoning in the Social Sciences,ECON 2005,Principles of Economics 1,3,
Finance Major with Corporate Financial Management Option,Pamplin College of Business,2026-2027,Pathways Concept 3 - Reasoning in the Social Sciences,ECON 2006,Principles of Economics 1,3,
Finance Major with Corporate Financial Management Option,Pamplin College of Business,2026-2027,Pathways Concept 5 - Quantitative and Computational Thinking,MATH 1025,Elementary Calculus (5F),3,
Finance Major with Corporate Financial Management Option,Pamplin College of Business,2026-2027,Pathways Concept 5 - Quantitative and Computational Thinking,MATH 1026,Elementary Calculus (5F),3,
Finance Major with Corporate Financial Management Option,Pamplin College of Business,2026-2027,Pathways Concept 5 - Quantitative and Computational Thinking,BIT 2406,"Introduction to Business Statistics, Analytics, and Modeling (5A) 1",3,
Finance Major with Financial Accounting Option,Pamplin College of Business,2026-2027,Degree Core Requirements,ACIS 2115,"Principles of Accounting 1,#",3,
Finance Major with Financial Accounting Option,Pamplin College of Business,2026-2027,Degree Core Requirements,ACIS 2116,"Principles of Accounting 1,#",3,
Finance Major with Financial Accounting Option,Pamplin College of Business,2026-2027,Degree Core Requirements,FIN 3054,Legal and Ethical Environment of Business #,3,
Finance Major with Financial Accounting Option,Pamplin College of Business,2026-2027,Degree Core Requirements,FIN 3104,"Introduction to Finance 1,#",3,
Finance Major with Financial Accounting Option,Pamplin College of Business,2026-2027,Degree Core Requirements,FIN 3134,"Financial Analytics 2,#",3,
Finance Major with Financial Accounting Option,Pamplin College of Business,2026-2027,Degree Core Requirements,FIN 3144,"Investments: Debt, Equity and Derivatives 2,#",3,
Finance Major with Financial Accounting Option,Pamplin College of Business,2026-2027,Degree Core Requirements,FIN 3154,"Corporate Financial Analytics and Strategy 2,#",3,
Finance Major with Financial Accounting Option,Pamplin College of Business,2026-2027,College Requirements,BUS 1004,Foundations of Business Problem-Solving,3,
Finance Major with Financial Accounting Option,Pamplin College of Business,2026-2027,College Requirements,BUS 1204,AI Literacy for Business,3,
Finance Major with Financial Accounting Option,Pamplin College of Business,2026-2027,College Requirements,BUS 2004,Intermediate Applications of Business Problem-Solving,3,
Finance Major with Financial Accounting Option,Pamplin College of Business,2026-2027,College Requirements,BUS 3004,Advanced Applications of Business Problem-Solving,3,
Finance Major with Financial Accounting Option,Pamplin College of Business,2026-2027,College Requirements,BUS 3754,Internship in Business,1,
Finance Major with Financial Accounting Option,Pamplin College of Business,2026-2027,College Requirements,BUS 3900,Bridge Experience,0,
Finance Major with Financial Accounting Option,Pamplin College of Business,2026-2027,College Requirements,BUS 4004,Capstone in Business Problem-Solving,3,
Finance Major with Financial Accounting Option,Pamplin College of Business,2026-2027,College Requirements,MGT 3404,Principles of Management 1,3,
Finance Major with Financial Accounting Option,Pamplin College of Business,2026-2027,College Requirements,MKTG 3104,Marketing Management 1,3,
Finance Major with Financial Accounting Option,Pamplin College of Business,2026-2027,Major Requirements,BIT 2405,"Introduction to Business Statistics, Analytics, and Modeling #",3,
Finance Major with Financial Accounting Option,Pamplin College of Business,2026-2027,Major Requirements,BIT 3414,Operations and Supply Chain Management #,3,
Finance Major with Financial Accounting Option,Pamplin College of Business,2026-2027,Major Requirements,FIN 2164,Survey of Finance and Career Planning,1,
Finance Major with Financial Accounting Option,Pamplin College of Business,2026-2027,Major Requirements,FIN 4144,International Financial Management #,3,
Finance Major with Financial Accounting Option,Pamplin College of Business,2026-2027,Major Requirements,FIN 4214,Financial Modeling in Excel #,3,
Finance Major with Financial Accounting Option,Pamplin College of Business,2026-2027,Major Requirements,FIN 4234,Venture Capital and Investment Banking #,3,
Finance Major with Financial Accounting Option,Pamplin College of Business,2026-2027,Option Required Courses,ACIS 3115,Intermediate Financial Accounting #,3,
Finance Major with Financial Accounting Option,Pamplin College of Business,2026-2027,Pathways Concept 1 - Discourse,COMM 1015,Communication Skills (1F),3,
Finance Major with Financial Accounting Option,Pamplin College of Business,2026-2027,Pathways Concept 1 - Discourse,COMM 1016,Communication Skills (1F),3,
Finance Major with Financial Accounting Option,Pamplin College of Business,2026-2027,Pathways Concept 3 - Reasoning in the Social Sciences,ECON 2005,Principles of Economics 1,3,
Finance Major with Financial Accounting Option,Pamplin College of Business,2026-2027,Pathways Concept 3 - Reasoning in the Social Sciences,ECON 2006,Principles of Economics 1,3,
Finance Major with Financial Accounting Option,Pamplin College of Business,2026-2027,Pathways Concept 5 - Quantitative and Computational Thinking,MATH 1025,Elementary Calculus (5F),3,
Finance Major with Financial Accounting Option,Pamplin College of Business,2026-2027,Pathways Concept 5 - Quantitative and Computational Thinking,MATH 1026,Elementary Calculus (5F),3,
Finance Major with Financial Accounting Option,Pamplin College of Business,2026-2027,Pathways Concept 5 - Quantitative and Computational Thinking,BIT 2406,"Introduction to Business Statistics, Analytics, and Modeling (5A) 1",3,
FinTech and Big Data Analytics Major,Pamplin College of Business,2026-2027,Degree Core Requirements,ACIS 2115,"Principles of Accounting 1,#",3,
FinTech and Big Data Analytics Major,Pamplin College of Business,2026-2027,Degree Core Requirements,ACIS 2116,"Principles of Accounting 1,#",3,
FinTech and Big Data Analytics Major,Pamplin College of Business,2026-2027,Degree Core Requirements,FIN 3054,Legal and Ethical Environment of Business #,3,
FinTech and Big Data Analytics Major,Pamplin College of Business,2026-2027,Degree Core Requirements,FIN 3104,"Introduction to Finance 1,#",3,
FinTech and Big Data Analytics Major,Pamplin College of Business,2026-2027,Degree Core Requirements,FIN 3134,"Financial Analytics 2,#",3,
FinTech and Big Data Analytics Major,Pamplin College of Business,2026-2027,Degree Core Requirements,FIN 3144,"Investments: Debt, Equity and Derivatives 2,#",3,
FinTech and Big Data Analytics Major,Pamplin College of Business,2026-2027,Degree Core Requirements,FIN 3154,"Corporate Financial Analytics and Strategy 2,#",3,
FinTech and Big Data Analytics Major,Pamplin College of Business,2026-2027,College Requirements,BUS 1004,Foundations of Business Problem-Solving,3,
FinTech and Big Data Analytics Major,Pamplin College of Business,2026-2027,College Requirements,BUS 1204,AI Literacy for Business,3,
FinTech and Big Data Analytics Major,Pamplin College of Business,2026-2027,College Requirements,BUS 2004,Intermediate Applications of Business Problem-Solving,3,
FinTech and Big Data Analytics Major,Pamplin College of Business,2026-2027,College Requirements,BUS 3004,Advanced Applications of Business Problem-Solving,3,
FinTech and Big Data Analytics Major,Pamplin College of Business,2026-2027,College Requirements,BUS 3754,Internship in Business,1,
FinTech and Big Data Analytics Major,Pamplin College of Business,2026-2027,College Requirements,BUS 3900,Bridge Experience,0,
FinTech and Big Data Analytics Major,Pamplin College of Business,2026-2027,College Requirements,BUS 4004,Capstone in Business Problem-Solving,3,
FinTech and Big Data Analytics Major,Pamplin College of Business,2026-2027,College Requirements,MGT 3404,Principles of Management 1,3,
FinTech and Big Data Analytics Major,Pamplin College of Business,2026-2027,College Requirements,MKTG 3104,Marketing Management 1,3,
FinTech and Big Data Analytics Major,Pamplin College of Business,2026-2027,Major Requirements,BIT 3414,Operations and Supply Chain Management #,3,
FinTech and Big Data Analytics Major,Pamplin College of Business,2026-2027,Major Requirements,BIT 3484,Advanced Business Analytics in Python and R #,3,
FinTech and Big Data Analytics Major,Pamplin College of Business,2026-2027,Major Requirements,CS 1064,Introduction to Programming in Python #,3,
FinTech and Big Data Analytics Major,Pamplin College of Business,2026-2027,Major Requirements,ECON 3254,Applied Econometrics #,3,
FinTech and Big Data Analytics Major,Pamplin College of Business,2026-2027,Major Requirements,FIN 2164,Survey of Finance and Career Planning,1,
FinTech and Big Data Analytics Major,Pamplin College of Business,2026-2027,Major Requirements,FIN 3114,Python/SQL for Data Analytics and Finance #,3,
FinTech and Big Data Analytics Major,Pamplin College of Business,2026-2027,Major Requirements,FIN 3414,Quantitative Methods for Finance #,3,
FinTech and Big Data Analytics Major,Pamplin College of Business,2026-2027,Major Requirements,FIN 4144,International Financial Management #,3,
FinTech and Big Data Analytics Major,Pamplin College of Business,2026-2027,Major Requirements,FIN 4214,Financial Modeling in Excel #,3,
FinTech and Big Data Analytics Major,Pamplin College of Business,2026-2027,Major Requirements,FIN 4234,Venture Capital and Investment Banking #,3,
FinTech and Big Data Analytics Major,Pamplin College of Business,2026-2027,Major Requirements,FIN 4414,FinTech – Quantitative Finance Capstone #,3,
FinTech and Big Data Analytics Major,Pamplin College of Business,2026-2027,Major Requirements,MATH 1226,Calculus of a Single Variable #,4,
FinTech and Big Data Analytics Major,Pamplin College of Business,2026-2027,Major Requirements,MATH 2114,Introduction to Linear Algebra #,3,
FinTech and Big Data Analytics Major,Pamplin College of Business,2026-2027,Major Requirements,STAT 3005,Statistical Methods #,3,
FinTech and Big Data Analytics Major,Pamplin College of Business,2026-2027,Major Requirements,STAT 3006,Statistical Methods #,3,
FinTech and Big Data Analytics Major,Pamplin College of Business,2026-2027,Major Requirements,STAT 3104,Probability and Distributions #,3,
FinTech and Big Data Analytics Major,Pamplin College of Business,2026-2027,Pathways Concept 1 - Discourse,COMM 1015,Communication Skills (1F),3,
FinTech and Big Data Analytics Major,Pamplin College of Business,2026-2027,Pathways Concept 1 - Discourse,COMM 1016,Communication Skills (1F),3,
FinTech and Big Data Analytics Major,Pamplin College of Business,2026-2027,Pathways Concept 3 - Reasoning in the Social Sciences,ECON 2005,Principles of Economics 1,3,
FinTech and Big Data Analytics Major,Pamplin College of Business,2026-2027,Pathways Concept 3 - Reasoning in the Social Sciences,ECON 2006,Principles of Economics 1,3,
FinTech and Big Data Analytics Major,Pamplin College of Business,2026-2027,Pathways Concept 5 - Quantitative and Computational Thinking,MATH 1225,Calculus of a Single Variable (5F),4,
FinTech and Big Data Analytics Major,Pamplin College of Business,2026-2027,Pathways Concept 5 - Quantitative and Computational Thinking,BIT 2406,"Introduction to Business Statistics, Analytics, and Modeling (5A) 1",3,
Finance Major with Investment Management and Chartered Financial Analyst Option,Pamplin College of Business,2026-2027,Degree Core Requirements,ACIS 2115,"Principles of Accounting 1,#",3,
Finance Major with Investment Management and Chartered Financial Analyst Option,Pamplin College of Business,2026-2027,Degree Core Requirements,ACIS 2116,"Principles of Accounting 1,#",3,
Finance Major with Investment Management and Chartered Financial Analyst Option,Pamplin College of Business,2026-2027,Degree Core Requirements,FIN 3054,Legal and Ethical Environment of Business #,3,
Finance Major with Investment Management and Chartered Financial Analyst Option,Pamplin College of Business,2026-2027,Degree Core Requirements,FIN 3104,"Introduction to Finance 1,#",3,
Finance Major with Investment Management and Chartered Financial Analyst Option,Pamplin College of Business,2026-2027,Degree Core Requirements,FIN 3134,"Financial Analytics 2,#",3,
Finance Major with Investment Management and Chartered Financial Analyst Option,Pamplin College of Business,2026-2027,Degree Core Requirements,FIN 3144,"Investments: Debt, Equity and Derivatives 2,#",3,
Finance Major with Investment Management and Chartered Financial Analyst Option,Pamplin College of Business,2026-2027,Degree Core Requirements,FIN 3154,"Corporate Financial Analytics and Strategy 2,#",3,
Finance Major with Investment Management and Chartered Financial Analyst Option,Pamplin College of Business,2026-2027,College Requirements,BUS 1004,Foundations of Business Problem-Solving,3,
Finance Major with Investment Management and Chartered Financial Analyst Option,Pamplin College of Business,2026-2027,College Requirements,BUS 1204,AI Literacy for Business,3,
Finance Major with Investment Management and Chartered Financial Analyst Option,Pamplin College of Business,2026-2027,College Requirements,BUS 2004,Intermediate Applications of Business Problem-Solving,3,
Finance Major with Investment Management and Chartered Financial Analyst Option,Pamplin College of Business,2026-2027,College Requirements,BUS 3004,Advanced Applications of Business Problem-Solving,3,
Finance Major with Investment Management and Chartered Financial Analyst Option,Pamplin College of Business,2026-2027,College Requirements,BUS 3754,Internship in Business,1,
Finance Major with Investment Management and Chartered Financial Analyst Option,Pamplin College of Business,2026-2027,College Requirements,BUS 3900,Bridge Experience,0,
Finance Major with Investment Management and Chartered Financial Analyst Option,Pamplin College of Business,2026-2027,College Requirements,BUS 4004,Capstone in Business Problem-Solving,3,
Finance Major with Investment Management and Chartered Financial Analyst Option,Pamplin College of Business,2026-2027,College Requirements,MGT 3404,Principles of Management 1,3,
Finance Major with Investment Management and Chartered Financial Analyst Option,Pamplin College of Business,2026-2027,College Requirements,MKTG 3104,Marketing Management 1,3,
Finance Major with Investment Management and Chartered Financial Analyst Option,Pamplin College of Business,2026-2027,Major Requirements,BIT 2405,"Introduction to Business Statistics, Analytics, and Modeling #",3,
Finance Major with Investment Management and Chartered Financial Analyst Option,Pamplin College of Business,2026-2027,Major Requirements,BIT 3414,Operations and Supply Chain Management #,3,
Finance Major with Investment Management and Chartered Financial Analyst Option,Pamplin College of Business,2026-2027,Major Requirements,FIN 2164,Survey of Finance and Career Planning,1,
Finance Major with Investment Management and Chartered Financial Analyst Option,Pamplin College of Business,2026-2027,Major Requirements,FIN 4144,International Financial Management #,3,
Finance Major with Investment Management and Chartered Financial Analyst Option,Pamplin College of Business,2026-2027,Major Requirements,FIN 4214,Financial Modeling in Excel #,3,
Finance Major with Investment Management and Chartered Financial Analyst Option,Pamplin College of Business,2026-2027,Major Requirements,FIN 4234,Venture Capital and Investment Banking #,3,
Finance Major with Investment Management and Chartered Financial Analyst Option,Pamplin College of Business,2026-2027,Option Required Courses,ACIS 3115,Intermediate Financial Accounting #,3,
Finance Major with Investment Management and Chartered Financial Analyst Option,Pamplin College of Business,2026-2027,Option Required Courses,FIN 3114,Python/SQL for Data Analytics and Finance #,3,
Finance Major with Investment Management and Chartered Financial Analyst Option,Pamplin College of Business,2026-2027,Option Required Courses,FIN 4154,Real Estate Finance #,3,
Finance Major with Investment Management and Chartered Financial Analyst Option,Pamplin College of Business,2026-2027,Option Required Courses,FIN 4224,Fixed Income Securities: Analysis and Management #,3,
Finance Major with Investment Management and Chartered Financial Analyst Option,Pamplin College of Business,2026-2027,Option Required Courses,FIN 4264,Managing Risk with Derivatives #,3,
Finance Major with Investment Management and Chartered Financial Analyst Option,Pamplin College of Business,2026-2027,Option Required Courses,FIN 4274,Equity Securities: Analysis and Management #,3,
Finance Major with Investment Management and Chartered Financial Analyst Option,Pamplin College of Business,2026-2027,Pathways Concept 1 - Discourse,COMM 1015,Communication Skills (1F),3,
Finance Major with Investment Management and Chartered Financial Analyst Option,Pamplin College of Business,2026-2027,Pathways Concept 1 - Discourse,COMM 1016,Communication Skills (1F),3,
Finance Major with Investment Management and Chartered Financial Analyst Option,Pamplin College of Business,2026-2027,Pathways Concept 3 - Reasoning in the Social Sciences,ECON 2005,Principles of Economics 1,3,
Finance Major with Investment Management and Chartered Financial Analyst Option,Pamplin College of Business,2026-2027,Pathways Concept 3 - Reasoning in the Social Sciences,ECON 2006,Principles of Economics 1,3,
Finance Major with Investment Management and Chartered Financial Analyst Option,Pamplin College of Business,2026-2027,Pathways Concept 5 - Quantitative and Computational Thinking,MATH 1025,Elementary Calculus (5F),3,
Finance Major with Investment Management and Chartered Financial Analyst Option,Pamplin College of Business,2026-2027,Pathways Concept 5 - Quantitative and Computational Thinking,MATH 1026,Elementary Calculus (5F),3,
Finance Major with Investment Management and Chartered Financial Analyst Option,Pamplin College of Business,2026-2027,Pathways Concept 5 - Quantitative and Computational Thinking,BIT 2406,"Introduction to Business Statistics, Analytics, and Modeling (5A) 1",3,
Financial Planning and Wealth Management Major,Pamplin College of Business,2026-2027,Degree Core Requirements,ACIS 2115,"Principles of Accounting 1,#",3,
Financial Planning and Wealth Management Major,Pamplin College of Business,2026-2027,Degree Core Requirements,ACIS 2116,"Principles of Accounting 1,#",3,
Financial Planning and Wealth Management Major,Pamplin College of Business,2026-2027,Degree Core Requirements,FIN 3054,Legal and Ethical Environment of Business #,3,
Financial Planning and Wealth Management Major,Pamplin College of Business,2026-2027,Degree Core Requirements,FIN 3104,"Introduction to Finance 1,#",3,
Financial Planning and Wealth Management Major,Pamplin College of Business,2026-2027,Degree Core Requirements,FIN 3134,"Financial Analytics 2,#",3,
Financial Planning and Wealth Management Major,Pamplin College of Business,2026-2027,Degree Core Requirements,FIN 3144,"Investments: Debt, Equity and Derivatives 2,#",3,
Financial Planning and Wealth Management Major,Pamplin College of Business,2026-2027,Degree Core Requirements,FIN 3154,"Corporate Financial Analytics and Strategy 2,#",3,
Financial Planning and Wealth Management Major,Pamplin College of Business,2026-2027,College Requirements,BUS 1004,Foundations of Business Problem-Solving,3,
Financial Planning and Wealth Management Major,Pamplin College of Business,2026-2027,College Requirements,BUS 1204,AI Literacy for Business,3,
Financial Planning and Wealth Management Major,Pamplin College of Business,2026-2027,College Requirements,BUS 2004,Intermediate Applications of Business Problem-Solving,3,
Financial Planning and Wealth Management Major,Pamplin College of Business,2026-2027,College Requirements,BUS 3004,Advanced Applications of Business Problem-Solving,3,
Financial Planning and Wealth Management Major,Pamplin College of Business,2026-2027,College Requirements,BUS 3754,Internship in Business,1,
Financial Planning and Wealth Management Major,Pamplin College of Business,2026-2027,College Requirements,BUS 3900,Bridge Experience,0,
Financial Planning and Wealth Management Major,Pamplin College of Business,2026-2027,College Requirements,BUS 4004,Capstone in Business Problem-Solving,3,
Financial Planning and Wealth Management Major,Pamplin College of Business,2026-2027,College Requirements,MGT 3404,Principles of Management 1,3,
Financial Planning and Wealth Management Major,Pamplin College of Business,2026-2027,College Requirements,MKTG 3104,Marketing Management 1,3,
Financial Planning and Wealth Management Major,Pamplin College of Business,2026-2027,Major Requirements,ACIS 3115,Intermediate Financial Accounting #,3,
Financial Planning and Wealth Management Major,Pamplin College of Business,2026-2027,Major Requirements,ACIS 4344,Tax for Financial Planners #,3,
Financial Planning and Wealth Management Major,Pamplin College of Business,2026-2027,Major Requirements,BIT 2405,"Introduction to Business Statistics, Analytics, and Modeling #",3,
Financial Planning and Wealth Management Major,Pamplin College of Business,2026-2027,Major Requirements,FIN 2164,Survey of Finance and Career Planning,1,
Financial Planning and Wealth Management Major,Pamplin College of Business,2026-2027,Major Requirements,FIN 3124,Financial Planning for Professionals #,3,
Financial Planning and Wealth Management Major,Pamplin College of Business,2026-2027,Major Requirements,FIN 3204,Risk and Insurance #,3,
Financial Planning and Wealth Management Major,Pamplin College of Business,2026-2027,Major Requirements,FIN 4004,"Wills, Trusts, and Estates #",3,
Financial Planning and Wealth Management Major,Pamplin College of Business,2026-2027,Major Requirements,FIN 4104,Retirement Planning #,3,
Financial Planning and Wealth Management Major,Pamplin College of Business,2026-2027,Major Requirements,FIN 4114,Financial Planning Technology and Modeling #,3,
Financial Planning and Wealth Management Major,Pamplin College of Business,2026-2027,Major Requirements,FIN 4124,Client Relationship Management #,3,
Financial Planning and Wealth Management Major,Pamplin College of Business,2026-2027,Major Requirements,FIN 4134,Financial Planning Applications #,3,
Financial Planning and Wealth Management Major,Pamplin College of Business,2026-2027,Major Requirements,FIN 4144,International Financial Management #,3,
Financial Planning and Wealth Management Major,Pamplin College of Business,2026-2027,Pathways Concept 1 - Discourse,COMM 1015,Communication Skills (1F),3,
Financial Planning and Wealth Management Major,Pamplin College of Business,2026-2027,Pathways Concept 1 - Discourse,COMM 1016,Communication Skills (1F),3,
Financial Planning and Wealth Management Major,Pamplin College of Business,2026-2027,Pathways Concept 3 - Reasoning in the Social Sciences,ECON 2005,Principles of Economics 1,3,
Financial Planning and Wealth Management Major,Pamplin College of Business,2026-2027,Pathways Concept 3 - Reasoning in the Social Sciences,ECON 2006,Principles of Economics 1,3,
Financial Planning and Wealth Management Major,Pamplin College of Business,2026-2027,Pathways Concept 5 - Quantitative and Computational Thinking,MATH 1025,Elementary Calculus (5F),3,
Financial Planning and Wealth Management Major,Pamplin College of Business,2026-2027,Pathways Concept 5 - Quantitative and Computational Thinking,MATH 1026,Elementary Calculus (5F),3,
Financial Planning and Wealth Management Major,Pamplin College of Business,2026-2027,Pathways Concept 5 - Quantitative and Computational Thinking,BIT 2406,"Introduction to Business Statistics, Analytics, and Modeling (5A) 1",3,
Finance Major with Private Credit and Commercial Banking Major Option,Pamplin College of Business,2026-2027,Degree Core Requirements,ACIS 2115,"Principles of Accounting 1,#",3,
Finance Major with Private Credit and Commercial Banking Major Option,Pamplin College of Business,2026-2027,Degree Core Requirements,ACIS 2116,"Principles of Accounting 1,#",3,
Finance Major with Private Credit and Commercial Banking Major Option,Pamplin College of Business,2026-2027,Degree Core Requirements,FIN 3054,Legal and Ethical Environment of Business #,3,
Finance Major with Private Credit and Commercial Banking Major Option,Pamplin College of Business,2026-2027,Degree Core Requirements,FIN 3104,"Introduction to Finance 1,#",3,
Finance Major with Private Credit and Commercial Banking Major Option,Pamplin College of Business,2026-2027,Degree Core Requirements,FIN 3134,"Financial Analytics 2,#",3,
Finance Major with Private Credit and Commercial Banking Major Option,Pamplin College of Business,2026-2027,Degree Core Requirements,FIN 3144,"Investments: Debt, Equity and Derivatives 2,#",3,
Finance Major with Private Credit and Commercial Banking Major Option,Pamplin College of Business,2026-2027,Degree Core Requirements,FIN 3154,"Corporate Financial Analytics and Strategy 2,#",3,
Finance Major with Private Credit and Commercial Banking Major Option,Pamplin College of Business,2026-2027,College Requirements,BUS 1004,Foundations of Business Problem-Solving,3,
Finance Major with Private Credit and Commercial Banking Major Option,Pamplin College of Business,2026-2027,College Requirements,BUS 1204,AI Literacy for Business,3,
Finance Major with Private Credit and Commercial Banking Major Option,Pamplin College of Business,2026-2027,College Requirements,BUS 2004,Intermediate Applications of Business Problem-Solving,3,
Finance Major with Private Credit and Commercial Banking Major Option,Pamplin College of Business,2026-2027,College Requirements,BUS 3004,Advanced Applications of Business Problem-Solving,3,
Finance Major with Private Credit and Commercial Banking Major Option,Pamplin College of Business,2026-2027,College Requirements,BUS 3754,Internship in Business,1,
Finance Major with Private Credit and Commercial Banking Major Option,Pamplin College of Business,2026-2027,College Requirements,BUS 3900,Bridge Experience,0,
Finance Major with Private Credit and Commercial Banking Major Option,Pamplin College of Business,2026-2027,College Requirements,BUS 4004,Capstone in Business Problem-Solving,3,
Finance Major with Private Credit and Commercial Banking Major Option,Pamplin College of Business,2026-2027,College Requirements,MGT 3404,Principles of Management 1,3,
Finance Major with Private Credit and Commercial Banking Major Option,Pamplin College of Business,2026-2027,College Requirements,MKTG 3104,Marketing Management 1,3,
Finance Major with Private Credit and Commercial Banking Major Option,Pamplin College of Business,2026-2027,Major Requirements,BIT 2405,"Introduction to Business Statistics, Analytics, and Modeling #",3,
Finance Major with Private Credit and Commercial Banking Major Option,Pamplin College of Business,2026-2027,Major Requirements,BIT 3414,Operations and Supply Chain Management #,3,
Finance Major with Private Credit and Commercial Banking Major Option,Pamplin College of Business,2026-2027,Major Requirements,FIN 2164,Survey of Finance and Career Planning,1,
Finance Major with Private Credit and Commercial Banking Major Option,Pamplin College of Business,2026-2027,Major Requirements,FIN 4144,International Financial Management #,3,
Finance Major with Private Credit and Commercial Banking Major Option,Pamplin College of Business,2026-2027,Major Requirements,FIN 4214,Financial Modeling in Excel #,3,
Finance Major with Private Credit and Commercial Banking Major Option,Pamplin College of Business,2026-2027,Major Requirements,FIN 4234,Venture Capital and Investment Banking #,3,
Finance Major with Private Credit and Commercial Banking Major Option,Pamplin College of Business,2026-2027,Option Required Courses,ACIS 3115,Intermediate Financial Accounting #,3,
Finance Major with Private Credit and Commercial Banking Major Option,Pamplin College of Business,2026-2027,Option Required Courses,FIN 3254,Credit Risk Analysis #,3,
Finance Major with Private Credit and Commercial Banking Major Option,Pamplin College of Business,2026-2027,Option Required Courses,FIN 4224,Fixed Income Securities: Analysis and Management #,3,
Finance Major with Private Credit and Commercial Banking Major Option,Pamplin College of Business,2026-2027,Option Required Courses,FIN 4254,Bank Management and Financial Services #,3,
Finance Major with Private Credit and Commercial Banking Major Option,Pamplin College of Business,2026-2027,Pathways Concept 1 - Discourse,COMM 1015,Communication Skills (1F),3,
Finance Major with Private Credit and Commercial Banking Major Option,Pamplin College of Business,2026-2027,Pathways Concept 1 - Discourse,COMM 1016,Communication Skills (1F),3,
Finance Major with Private Credit and Commercial Banking Major Option,Pamplin College of Business,2026-2027,Pathways Concept 3 - Reasoning in the Social Sciences,ECON 2005,Principles of Economics 1,3,
Finance Major with Private Credit and Commercial Banking Major Option,Pamplin College of Business,2026-2027,Pathways Concept 3 - Reasoning in the Social Sciences,ECON 2006,Principles of Economics 1,3,
Finance Major with Private Credit and Commercial Banking Major Option,Pamplin College of Business,2026-2027,Pathways Concept 5 - Quantitative and Computational Thinking,MATH 1025,Elementary Calculus (5F),3,
Finance Major with Private Credit and Commercial Banking Major Option,Pamplin College of Business,2026-2027,Pathways Concept 5 - Quantitative and Computational Thinking,MATH 1026,Elementary Calculus (5F),3,
Finance Major with Private Credit and Commercial Banking Major Option,Pamplin College of Business,2026-2027,Pathways Concept 5 - Quantitative and Computational Thinking,BIT 2406,"Introduction to Business Statistics, Analytics, and Modeling (5A) 1",3,
Event & Experience Management Major,Pamplin College of Business,2026-2027,Degree Core Requirements,ACIS 2115,"Principles of Accounting 1,#",3,
Event & Experience Management Major,Pamplin College of Business,2026-2027,Degree Core Requirements,HTM 3414,Chef Lab: Culinary Operations Management #,4,
Event & Experience Management Major,Pamplin College of Business,2026-2027,Degree Core Requirements,HTM 3444,Hospitality Financial Management #,3,
Event & Experience Management Major,Pamplin College of Business,2026-2027,Degree Core Requirements,HTM 3524,Lodging Management #,3,
Event & Experience Management Major,Pamplin College of Business,2026-2027,Degree Core Requirements,HTM 4464,Human Resources Management in the Hospitality Industry #,3,
Event & Experience Management Major,Pamplin College of Business,2026-2027,Degree Core Requirements,HTM 4474,Hospitality & Tourism Law #,3,
Event & Experience Management Major,Pamplin College of Business,2026-2027,Degree Core Requirements,MGT 3404,"Principles of Management 1,#",3,
Event & Experience Management Major,Pamplin College of Business,2026-2027,College Requirements,ACIS 2116,Principles of Accounting 1,3,
Event & Experience Management Major,Pamplin College of Business,2026-2027,College Requirements,BUS 1004,Foundations of Business Problem-Solving,3,
Event & Experience Management Major,Pamplin College of Business,2026-2027,College Requirements,BUS 1204,AI Literacy for Business,3,
Event & Experience Management Major,Pamplin College of Business,2026-2027,College Requirements,BUS 2004,Intermediate Applications of Business Problem-Solving,3,
Event & Experience Management Major,Pamplin College of Business,2026-2027,College Requirements,BUS 3004,Advanced Applications of Business Problem-Solving,3,
Event & Experience Management Major,Pamplin College of Business,2026-2027,College Requirements,BUS 3900,Bridge Experience,0,
Event & Experience Management Major,Pamplin College of Business,2026-2027,College Requirements,BUS 4004,Capstone in Business Problem-Solving,3,
Event & Experience Management Major,Pamplin College of Business,2026-2027,College Requirements,FIN 3104,Introduction to Finance 1,3,
Event & Experience Management Major,Pamplin College of Business,2026-2027,College Requirements,MKTG 3104,Marketing Management 1,3,
Event & Experience Management Major,Pamplin College of Business,2026-2027,Major Requirements,HTM 1414,Introduction to Hospitality and Tourism Management #,3,
Event & Experience Management Major,Pamplin College of Business,2026-2027,Major Requirements,HTM 2104,Careers in Hospitality and Tourism,1,
Event & Experience Management Major,Pamplin College of Business,2026-2027,Major Requirements,HTM 2434,Hospitality Sales #,3,
Event & Experience Management Major,Pamplin College of Business,2026-2027,Major Requirements,HTM 2464,Designing the Service Experience #,3,
Event & Experience Management Major,Pamplin College of Business,2026-2027,Major Requirements,HTM 3424,Event Management #,3,
Event & Experience Management Major,Pamplin College of Business,2026-2027,Major Requirements,HTM 4434,Event and Experience Management Senior Workshop #,3,
Event & Experience Management Major,Pamplin College of Business,2026-2027,Major Requirements,HTM 4964,Field Study in HTM #,3,
Event & Experience Management Major,Pamplin College of Business,2026-2027,Major Requirements,ITDS 1114,Design Appreciation #,3,
Event & Experience Management Major,Pamplin College of Business,2026-2027,Major Requirements,MGT 2064,Foundations of Entrepreneurship #,3,
Event & Experience Management Major,Pamplin College of Business,2026-2027,Pathways Concept 1 - Discourse,ENGL 1105,First-Year Writing,3,
Event & Experience Management Major,Pamplin College of Business,2026-2027,Pathways Concept 1 - Discourse,ENGL 1106,First-Year Writing,3,
Event & Experience Management Major,Pamplin College of Business,2026-2027,Pathways Concept 3 - Reasoning in the Social Sciences,ECON 2005,Principles of Economics 1,3,
Event & Experience Management Major,Pamplin College of Business,2026-2027,Pathways Concept 3 - Reasoning in the Social Sciences,ECON 2006,Principles of Economics 1,3,
Event & Experience Management Major,Pamplin College of Business,2026-2027,Pathways Concept 5 - Quantitative and Computational Thinking,MATH 1025,Elementary Calculus (5F),3,
Event & Experience Management Major,Pamplin College of Business,2026-2027,Pathways Concept 5 - Quantitative and Computational Thinking,BIT 2405,"Introduction to Business Statistics, Analytics, and Modeling (5F)",3,
Event & Experience Management Major,Pamplin College of Business,2026-2027,Pathways Concept 5 - Quantitative and Computational Thinking,BIT 2406,"Introduction to Business Statistics, Analytics, and Modeling (5A) 1",3,
Hospitality and Tourism Management Major,Pamplin College of Business,2026-2027,Degree Core Requirements,ACIS 2115,"Principles of Accounting 1,#",3,
Hospitality and Tourism Management Major,Pamplin College of Business,2026-2027,Degree Core Requirements,HTM 3414,Chef Lab: Culinary Operations Management #,4,
Hospitality and Tourism Management Major,Pamplin College of Business,2026-2027,Degree Core Requirements,HTM 3444,Hospitality Financial Management #,3,
Hospitality and Tourism Management Major,Pamplin College of Business,2026-2027,Degree Core Requirements,HTM 3524,Lodging Management #,3,
Hospitality and Tourism Management Major,Pamplin College of Business,2026-2027,Degree Core Requirements,HTM 4464,Human Resources Management in the Hospitality Industry #,3,
Hospitality and Tourism Management Major,Pamplin College of Business,2026-2027,Degree Core Requirements,HTM 4474,Hospitality & Tourism Law #,3,
Hospitality and Tourism Management Major,Pamplin College of Business,2026-2027,Degree Core Requirements,MGT 3404,"Principles of Management 1,#",3,
Hospitality and Tourism Management Major,Pamplin College of Business,2026-2027,College Requirements,ACIS 2116,Principles of Accounting 1,3,
Hospitality and Tourism Management Major,Pamplin College of Business,2026-2027,College Requirements,BUS 1004,Foundations of Business Problem-Solving,3,
Hospitality and Tourism Management Major,Pamplin College of Business,2026-2027,College Requirements,BUS 1204,AI Literacy for Business,3,
Hospitality and Tourism Management Major,Pamplin College of Business,2026-2027,College Requirements,BUS 2004,Intermediate Applications of Business Problem-Solving,3,
Hospitality and Tourism Management Major,Pamplin College of Business,2026-2027,College Requirements,BUS 3004,Advanced Applications of Business Problem-Solving,3,
Hospitality and Tourism Management Major,Pamplin College of Business,2026-2027,College Requirements,BUS 3900,Bridge Experience,0,
Hospitality and Tourism Management Major,Pamplin College of Business,2026-2027,College Requirements,BUS 4004,Capstone in Business Problem-Solving,3,
Hospitality and Tourism Management Major,Pamplin College of Business,2026-2027,College Requirements,FIN 3104,Introduction to Finance 1,3,
Hospitality and Tourism Management Major,Pamplin College of Business,2026-2027,College Requirements,MKTG 3104,Marketing Management 1,3,
Hospitality and Tourism Management Major,Pamplin College of Business,2026-2027,Major Requirements,HTM 1414,Introduction to Hospitality and Tourism Management #,3,
Hospitality and Tourism Management Major,Pamplin College of Business,2026-2027,Major Requirements,HTM 2104,Careers in Hospitality and Tourism,1,
Hospitality and Tourism Management Major,Pamplin College of Business,2026-2027,Major Requirements,HTM 2464,Designing the Service Experience #,3,
Hospitality and Tourism Management Major,Pamplin College of Business,2026-2027,Major Requirements,HTM 3424,Event Management #,3,
Hospitality and Tourism Management Major,Pamplin College of Business,2026-2027,Major Requirements,HTM 4414,Restaurant Management: Design and Innovation #,3,
Hospitality and Tourism Management Major,Pamplin College of Business,2026-2027,Major Requirements,HTM 4454,Hospitality Revenue Management #,3,
Hospitality and Tourism Management Major,Pamplin College of Business,2026-2027,Major Requirements,HTM 4964,Field Study in HTM #,3,
Hospitality and Tourism Management Major,Pamplin College of Business,2026-2027,Major Requirements,ITDS 1114,Design Appreciation #,3,
Hospitality and Tourism Management Major,Pamplin College of Business,2026-2027,Major Requirements,MGT 2064,Foundations of Entrepreneurship #,3,
Hospitality and Tourism Management Major,Pamplin College of Business,2026-2027,Pathways Concept 1 - Discourse,ENGL 1105,First-Year Writing (1F),3,
Hospitality and Tourism Management Major,Pamplin College of Business,2026-2027,Pathways Concept 1 - Discourse,ENGL 1106,First-Year Writing (1F),3,
Hospitality and Tourism Management Major,Pamplin College of Business,2026-2027,Pathways Concept 3 - Reasoning in the Social Sciences,ECON 2005,Principles of Economics 1,3,
Hospitality and Tourism Management Major,Pamplin College of Business,2026-2027,Pathways Concept 3 - Reasoning in the Social Sciences,ECON 2006,Principles of Economics 1,3,
Hospitality and Tourism Management Major,Pamplin College of Business,2026-2027,Pathways Concept 5 - Quantitative and Computational Thinking,MATH 1025,Elementary Calculus (5F),3,
Hospitality and Tourism Management Major,Pamplin College of Business,2026-2027,Pathways Concept 5 - Quantitative and Computational Thinking,BIT 2405,"Introduction to Business Statistics, Analytics, and Modeling (5F)",3,
Hospitality and Tourism Management Major,Pamplin College of Business,2026-2027,Pathways Concept 5 - Quantitative and Computational Thinking,BIT 2406,"Introduction to Business Statistics, Analytics, and Modeling (5A) 1",3,
Human Resource Management Major,Pamplin College of Business,2026-2027,Degree Core Requirements,ACIS 2115,"Principles of Accounting 1,#",3,
Human Resource Management Major,Pamplin College of Business,2026-2027,Degree Core Requirements,BIT 3414,Operations and Supply Chain Management #,3,
Human Resource Management Major,Pamplin College of Business,2026-2027,Degree Core Requirements,MGT 2114,Principles of Project Management #,3,
Human Resource Management Major,Pamplin College of Business,2026-2027,Degree Core Requirements,MGT 3404,"Principles of Management 1,#",3,
Human Resource Management Major,Pamplin College of Business,2026-2027,Degree Core Requirements,MGT 3604,Managerial Analytics #,3,
Human Resource Management Major,Pamplin College of Business,2026-2027,Degree Core Requirements,MGT 3324,Organization Behavior #,3,
Human Resource Management Major,Pamplin College of Business,2026-2027,Degree Core Requirements,MKTG 3104,"Marketing Management 1,#",3,
Human Resource Management Major,Pamplin College of Business,2026-2027,College Requirements,ACIS 2116,Principles of Accounting 1,3,
Human Resource Management Major,Pamplin College of Business,2026-2027,College Requirements,BUS 1004,Foundations of Business Problem-Solving,3,
Human Resource Management Major,Pamplin College of Business,2026-2027,College Requirements,BUS 1204,AI Literacy for Business,3,
Human Resource Management Major,Pamplin College of Business,2026-2027,College Requirements,BUS 2004,Intermediate Applications of Business Problem-Solving,3,
Human Resource Management Major,Pamplin College of Business,2026-2027,College Requirements,BUS 3004,Advanced Applications of Business Problem-Solving,3,
Human Resource Management Major,Pamplin College of Business,2026-2027,College Requirements,BUS 3754,Internship in Business,1,
Human Resource Management Major,Pamplin College of Business,2026-2027,College Requirements,BUS 3900,Bridge Experience,0,
Human Resource Management Major,Pamplin College of Business,2026-2027,College Requirements,BUS 4004,Capstone in Business Problem-Solving,3,
Human Resource Management Major,Pamplin College of Business,2026-2027,College Requirements,FIN 3104,Introduction to Finance 1,3,
Human Resource Management Major,Pamplin College of Business,2026-2027,Major Requirements,BIT 2405,"Introduction to Business Statistics, Analytics, and Modeling #",3,
Human Resource Management Major,Pamplin College of Business,2026-2027,Major Requirements,HTM 2314,Introduction to International Business #,3,
Human Resource Management Major,Pamplin College of Business,2026-2027,Major Requirements,MGT 2104,Careers in Management,1,
Human Resource Management Major,Pamplin College of Business,2026-2027,Major Requirements,MGT 2064,Foundations of Entrepreneurship #,3,
Human Resource Management Major,Pamplin College of Business,2026-2027,Major Requirements,MGT 2504,Sustainable Business Management #,3,
Human Resource Management Major,Pamplin College of Business,2026-2027,Major Requirements,MGT 3344,"Employee & Labor Relations Law, Bargaining, and Dispute Resolution #",3,
Human Resource Management Major,Pamplin College of Business,2026-2027,Major Requirements,MGT 3414,Talent and Organizational Development #,3,
Human Resource Management Major,Pamplin College of Business,2026-2027,Major Requirements,MGT 3424,"Strategic Talent Planning, Acquisition, and Analytics #",3,
Human Resource Management Major,Pamplin College of Business,2026-2027,Major Requirements,MGT 4334,Ethical Leadership and Corporate Social Responsibility #,3,
Human Resource Management Major,Pamplin College of Business,2026-2027,Major Requirements,MGT 4344,Productivity and Quality Leadership #,3,
Human Resource Management Major,Pamplin College of Business,2026-2027,Major Requirements,MGT 4414,"Strategic Compensation, Benefits, and Rewards #",3,
Human Resource Management Major,Pamplin College of Business,2026-2027,Pathways Concept 1 - Discourse,ENGL 1105,First-Year Writing (1F),3,
Human Resource Management Major,Pamplin College of Business,2026-2027,Pathways Concept 1 - Discourse,ENGL 1106,First-Year Writing (1F),3,
Human Resource Management Major,Pamplin College of Business,2026-2027,Pathways Concept 3 - Reasoning in the Social Sciences,ECON 2005,Principles of Economics 1,3,
Human Resource Management Major,Pamplin College of Business,2026-2027,Pathways Concept 3 - Reasoning in the Social Sciences,ECON 2006,Principles of Economics 1,3,
Human Resource Management Major,Pamplin College of Business,2026-2027,Pathways Concept 5 - Quantitative and Computational Thinking,ACIS 1504,Introduction to Business Analytics and Business Intelligence (5F),3,
Human Resource Management Major,Pamplin College of Business,2026-2027,Pathways Concept 5 - Quantitative and Computational Thinking,MATH 1025,Elementary Calculus (5F),3,
Human Resource Management Major,Pamplin College of Business,2026-2027,Pathways Concept 5 - Quantitative and Computational Thinking,BIT 2406,"Introduction to Business Statistics, Analytics, and Modeling (5A) 1",3,
"Entrepreneurship, Innovation & Technology Management Major",Pamplin College of Business,2026-2027,Degree Core Requirements,ACIS 2115,"Principles of Accounting 1,#",3,
"Entrepreneurship, Innovation & Technology Management Major",Pamplin College of Business,2026-2027,Degree Core Requirements,BIT 3414,Operations and Supply Chain Management #,3,
"Entrepreneurship, Innovation & Technology Management Major",Pamplin College of Business,2026-2027,Degree Core Requirements,MGT 2114,Principles of Project Management #,3,
"Entrepreneurship, Innovation & Technology Management Major",Pamplin College of Business,2026-2027,Degree Core Requirements,MGT 3404,"Principles of Management 1,#",3,
"Entrepreneurship, Innovation & Technology Management Major",Pamplin College of Business,2026-2027,Degree Core Requirements,MGT 3604,Managerial Analytics #,3,
"Entrepreneurship, Innovation & Technology Management Major",Pamplin College of Business,2026-2027,Degree Core Requirements,MGT 3324,Organization Behavior #,3,
"Entrepreneurship, Innovation & Technology Management Major",Pamplin College of Business,2026-2027,Degree Core Requirements,MKTG 3104,"Marketing Management 1,#",3,
"Entrepreneurship, Innovation & Technology Management Major",Pamplin College of Business,2026-2027,College Requirements,ACIS 2116,Principles of Accounting 1,3,
"Entrepreneurship, Innovation & Technology Management Major",Pamplin College of Business,2026-2027,College Requirements,BUS 1004,Foundations of Business Problem-Solving,3,
"Entrepreneurship, Innovation & Technology Management Major",Pamplin College of Business,2026-2027,College Requirements,BUS 1204,AI Literacy for Business,3,
"Entrepreneurship, Innovation & Technology Management Major",Pamplin College of Business,2026-2027,College Requirements,BUS 2004,Intermediate Applications of Business Problem-Solving,3,
"Entrepreneurship, Innovation & Technology Management Major",Pamplin College of Business,2026-2027,College Requirements,BUS 3004,Advanced Applications of Business Problem-Solving,3,
"Entrepreneurship, Innovation & Technology Management Major",Pamplin College of Business,2026-2027,College Requirements,BUS 3754,Internship in Business,1,
"Entrepreneurship, Innovation & Technology Management Major",Pamplin College of Business,2026-2027,College Requirements,BUS 3900,Bridge Experience,0,
"Entrepreneurship, Innovation & Technology Management Major",Pamplin College of Business,2026-2027,College Requirements,BUS 4004,Capstone in Business Problem-Solving,3,
"Entrepreneurship, Innovation & Technology Management Major",Pamplin College of Business,2026-2027,College Requirements,FIN 3104,Introduction to Finance 1,3,
"Entrepreneurship, Innovation & Technology Management Major",Pamplin College of Business,2026-2027,Major Requirements,BIT 2405,"Introduction to Business Statistics, Analytics, and Modeling #",3,
"Entrepreneurship, Innovation & Technology Management Major",Pamplin College of Business,2026-2027,Major Requirements,MGT 2064,Foundations of Entrepreneurship #,3,
"Entrepreneurship, Innovation & Technology Management Major",Pamplin College of Business,2026-2027,Major Requirements,MGT 2104,Careers in Management,1,
"Entrepreneurship, Innovation & Technology Management Major",Pamplin College of Business,2026-2027,Major Requirements,MGT 2504,Sustainable Business Management #,3,
"Entrepreneurship, Innovation & Technology Management Major",Pamplin College of Business,2026-2027,Major Requirements,MGT 3064,Cornerstones of Entrepreneurship and Innovation #,3,
"Entrepreneurship, Innovation & Technology Management Major",Pamplin College of Business,2026-2027,Major Requirements,MGT 3074,Social Entrepreneurship #,3,
"Entrepreneurship, Innovation & Technology Management Major",Pamplin College of Business,2026-2027,Major Requirements,MGT 3084,"Digital Entrepreneurship, Innovation, and Product Development #",3,
"Entrepreneurship, Innovation & Technology Management Major",Pamplin College of Business,2026-2027,Major Requirements,MGT 3094,Global Entrepreneurship #,3,
"Entrepreneurship, Innovation & Technology Management Major",Pamplin College of Business,2026-2027,Major Requirements,MGT 4064,Developing Entrepreneurial Ventures #,3,
"Entrepreneurship, Innovation & Technology Management Major",Pamplin College of Business,2026-2027,Major Requirements,MGT 4334,Ethical Leadership and Corporate Social Responsibility #,3,
"Entrepreneurship, Innovation & Technology Management Major",Pamplin College of Business,2026-2027,Pathways Concept 1 - Discourse,ENGL 1105,First-Year Writing (1F),3,
"Entrepreneurship, Innovation & Technology Management Major",Pamplin College of Business,2026-2027,Pathways Concept 1 - Discourse,ENGL 1106,First-Year Writing (1F),3,
"Entrepreneurship, Innovation & Technology Management Major",Pamplin College of Business,2026-2027,Pathways Concept 3 - Reasoning in the Social Sciences,ECON 2005,Principles of Economics 1,3,
"Entrepreneurship, Innovation & Technology Management Major",Pamplin College of Business,2026-2027,Pathways Concept 3 - Reasoning in the Social Sciences,ECON 2006,Principles of Economics 1,3,
"Entrepreneurship, Innovation & Technology Management Major",Pamplin College of Business,2026-2027,Pathways Concept 5 - Quantitative and Computational Thinking,ACIS 1504,Introduction to Business Analytics and Business Intelligence (5F),3,
"Entrepreneurship, Innovation & Technology Management Major",Pamplin College of Business,2026-2027,Pathways Concept 5 - Quantitative and Computational Thinking,MATH 1025,Elementary Calculus (5F),3,
"Entrepreneurship, Innovation & Technology Management Major",Pamplin College of Business,2026-2027,Pathways Concept 5 - Quantitative and Computational Thinking,BIT 2406,"Introduction to Business Statistics, Analytics, and Modeling (5A) 1",3,
Management Consulting and Analytics Major,Pamplin College of Business,2026-2027,Degree Core Requirements,ACIS 2115,"Principles of Accounting 1,#",3,
Management Consulting and Analytics Major,Pamplin College of Business,2026-2027,Degree Core Requirements,BIT 3414,Operations and Supply Chain Management #,3,
Management Consulting and Analytics Major,Pamplin College of Business,2026-2027,Degree Core Requirements,MGT 2114,Principles of Project Management #,3,
Management Consulting and Analytics Major,Pamplin College of Business,2026-2027,Degree Core Requirements,MGT 3404,"Principles of Management 1,#",3,
Management Consulting and Analytics Major,Pamplin College of Business,2026-2027,Degree Core Requirements,MGT 3604,Managerial Analytics #,3,
Management Consulting and Analytics Major,Pamplin College of Business,2026-2027,Degree Core Requirements,MGT 3324,Organization Behavior #,3,
Management Consulting and Analytics Major,Pamplin College of Business,2026-2027,Degree Core Requirements,MKTG 3104,"Marketing Management 1,#",3,
Management Consulting and Analytics Major,Pamplin College of Business,2026-2027,College Requirements,ACIS 2116,Principles of Accounting 1,3,
Management Consulting and Analytics Major,Pamplin College of Business,2026-2027,College Requirements,BUS 1004,Foundations of Business Problem-Solving,3,
Management Consulting and Analytics Major,Pamplin College of Business,2026-2027,College Requirements,BUS 1204,AI Literacy for Business,3,
Management Consulting and Analytics Major,Pamplin College of Business,2026-2027,College Requirements,BUS 2004,Intermediate Applications of Business Problem-Solving,3,
Management Consulting and Analytics Major,Pamplin College of Business,2026-2027,College Requirements,BUS 3004,Advanced Applications of Business Problem-Solving,3,
Management Consulting and Analytics Major,Pamplin College of Business,2026-2027,College Requirements,BUS 3754,Internship in Business,1,
Management Consulting and Analytics Major,Pamplin College of Business,2026-2027,College Requirements,BUS 3900,Bridge Experience,0,
Management Consulting and Analytics Major,Pamplin College of Business,2026-2027,College Requirements,BUS 4004,Capstone in Business Problem-Solving,3,
Management Consulting and Analytics Major,Pamplin College of Business,2026-2027,College Requirements,FIN 3104,Introduction to Finance 1,3,
Management Consulting and Analytics Major,Pamplin College of Business,2026-2027,Major Requirements,BIT 2405,"Introduction to Business Statistics, Analytics, and Modeling #",3,
Management Consulting and Analytics Major,Pamplin College of Business,2026-2027,Major Requirements,HTM 2314,Introduction to International Business #,3,
Management Consulting and Analytics Major,Pamplin College of Business,2026-2027,Major Requirements,MGT 2064,Foundations of Entrepreneurship #,3,
Management Consulting and Analytics Major,Pamplin College of Business,2026-2027,Major Requirements,MGT 2104,Careers in Management,1,
Management Consulting and Analytics Major,Pamplin College of Business,2026-2027,Major Requirements,MGT 2504,Sustainable Business Management #,3,
Management Consulting and Analytics Major,Pamplin College of Business,2026-2027,Major Requirements,MGT 2614,Foundations of Management Consulting and Data Analytics #,3,
Management Consulting and Analytics Major,Pamplin College of Business,2026-2027,Major Requirements,MGT 3614,Strategy and Competition Analytics #,3,
Management Consulting and Analytics Major,Pamplin College of Business,2026-2027,Major Requirements,MGT 4084,Management Consulting #,3,
Management Consulting and Analytics Major,Pamplin College of Business,2026-2027,Major Requirements,MGT 4334,Ethical Leadership and Corporate Social Responsibility #,3,
Management Consulting and Analytics Major,Pamplin College of Business,2026-2027,Major Requirements,MGT 4344,Productivity and Quality Leadership #,3,
Management Consulting and Analytics Major,Pamplin College of Business,2026-2027,Pathways Concept 1 - Discourse,ENGL 1105,First-Year Writing (1F),3,
Management Consulting and Analytics Major,Pamplin College of Business,2026-2027,Pathways Concept 1 - Discourse,ENGL 1106,First-Year Writing (1F),3,
Management Consulting and Analytics Major,Pamplin College of Business,2026-2027,Pathways Concept 3 - Reasoning in the Social Sciences,ECON 2005,Principles of Economics 1,3,
Management Consulting and Analytics Major,Pamplin College of Business,2026-2027,Pathways Concept 3 - Reasoning in the Social Sciences,ECON 2006,Principles of Economics 1,3,
Management Consulting and Analytics Major,Pamplin College of Business,2026-2027,Pathways Concept 5 - Quantitative and Computational Thinking,ACIS 1504,Introduction to Business Analytics and Business Intelligence (5F),3,
Management Consulting and Analytics Major,Pamplin College of Business,2026-2027,Pathways Concept 5 - Quantitative and Computational Thinking,MATH 1025,Elementary Calculus (5F),3,
Management Consulting and Analytics Major,Pamplin College of Business,2026-2027,Pathways Concept 5 - Quantitative and Computational Thinking,BIT 2406,"Introduction to Business Statistics, Analytics, and Modeling (5A) 1",3,
Management Major,Pamplin College of Business,2026-2027,Degree Core Requirements,ACIS 2115,"Principles of Accounting 1,#",3,
Management Major,Pamplin College of Business,2026-2027,Degree Core Requirements,BIT 3414,Operations and Supply Chain Management #,3,
Management Major,Pamplin College of Business,2026-2027,Degree Core Requirements,MGT 2114,Principles of Project Management #,3,
Management Major,Pamplin College of Business,2026-2027,Degree Core Requirements,MGT 3404,"Principles of Management 1,#",3,
Management Major,Pamplin College of Business,2026-2027,Degree Core Requirements,MGT 3604,Managerial Analytics #,3,
Management Major,Pamplin College of Business,2026-2027,Degree Core Requirements,MGT 3324,Organization Behavior #,3,
Management Major,Pamplin College of Business,2026-2027,Degree Core Requirements,MKTG 3104,"Marketing Management 1,#",3,
Management Major,Pamplin College of Business,2026-2027,College Requirements,ACIS 2116,Principles of Accounting 1,3,
Management Major,Pamplin College of Business,2026-2027,College Requirements,BUS 1004,Foundations of Business Problem-Solving,3,
Management Major,Pamplin College of Business,2026-2027,College Requirements,BUS 1204,AI Literacy for Business,3,
Management Major,Pamplin College of Business,2026-2027,College Requirements,BUS 2004,Intermediate Applications of Business Problem-Solving,3,
Management Major,Pamplin College of Business,2026-2027,College Requirements,BUS 3004,Advanced Applications of Business Problem-Solving,3,
Management Major,Pamplin College of Business,2026-2027,College Requirements,BUS 3754,Internship in Business,1,
Management Major,Pamplin College of Business,2026-2027,College Requirements,BUS 3900,Bridge Experience,0,
Management Major,Pamplin College of Business,2026-2027,College Requirements,BUS 4004,Capstone in Business Problem-Solving,3,
Management Major,Pamplin College of Business,2026-2027,College Requirements,FIN 3104,Introduction to Finance 1,3,
Management Major,Pamplin College of Business,2026-2027,Major Requirements,BIT 2405,"Introduction to Business Statistics, Analytics, and Modeling #",3,
Management Major,Pamplin College of Business,2026-2027,Major Requirements,HTM/MGT 2314,Introduction to International Business #,3,
Management Major,Pamplin College of Business,2026-2027,Major Requirements,MGT 2064,Foundations of Entrepreneurship #,3,
Management Major,Pamplin College of Business,2026-2027,Major Requirements,MGT 2104,Careers in Management,1,
Management Major,Pamplin College of Business,2026-2027,Major Requirements,MGT 2504,Sustainable Business Management #,3,
Management Major,Pamplin College of Business,2026-2027,Major Requirements,MGT 2614,Foundations of Management Consulting and Data Analytics #,3,
Management Major,Pamplin College of Business,2026-2027,Major Requirements,MGT 3334,Managing Human Resources #,3,
Management Major,Pamplin College of Business,2026-2027,Major Requirements,MGT 4334,Ethical Leadership and Corporate Social Responsibility #,3,
Management Major,Pamplin College of Business,2026-2027,Major Requirements,MGT 4344,Productivity and Quality Leadership #,3,
Management Major,Pamplin College of Business,2026-2027,Major Requirements,MGT 4354,Leadership: Advances in Skills and Concepts #,3,
Management Major,Pamplin College of Business,2026-2027,Pathways Concept 1 - Discourse,ENGL 1105,First-Year Writing (1F),3,
Management Major,Pamplin College of Business,2026-2027,Pathways Concept 1 - Discourse,ENGL 1106,First-Year Writing (1F),3,
Management Major,Pamplin College of Business,2026-2027,Pathways Concept 3 - Reasoning in the Social Sciences,ECON 2005,Principles of Economics 1,3,
Management Major,Pamplin College of Business,2026-2027,Pathways Concept 3 - Reasoning in the Social Sciences,ECON 2006,Principles of Economics 1,3,
Management Major,Pamplin College of Business,2026-2027,Pathways Concept 5 - Quantitative and Computational Thinking,ACIS 1504,Introduction to Business Analytics and Business Intelligence (5F),3,
Management Major,Pamplin College of Business,2026-2027,Pathways Concept 5 - Quantitative and Computational Thinking,MATH 1025,Elementary Calculus (5F),3,
Management Major,Pamplin College of Business,2026-2027,Pathways Concept 5 - Quantitative and Computational Thinking,BIT 2406,"Introduction to Business Statistics, Analytics, and Modeling (5A) 1",3,
Marketing Management Major,Pamplin College of Business,2026-2027,Degree Core Requirements,MKTG 3164,Introduction to Digital Marketing Strategy #,3,
Marketing Management Major,Pamplin College of Business,2026-2027,Degree Core Requirements,MKTG 4114,Introduction to AI in Marketing #,3,
Marketing Management Major,Pamplin College of Business,2026-2027,Degree Core Requirements,MKTG 4154,Marketing Research #,3,
Marketing Management Major,Pamplin College of Business,2026-2027,Degree Core Requirements,MKTG 4204,Consumer Behavior #,3,
Marketing Management Major,Pamplin College of Business,2026-2027,Degree Core Requirements,MKTG 4264,Analytics for Marketing #,3,
Marketing Management Major,Pamplin College of Business,2026-2027,Degree Core Requirements,MKTG 4554,Principles of Professional Selling #,3,
Marketing Management Major,Pamplin College of Business,2026-2027,Degree Core Requirements,MKTG 4754,Strategic Marketing #,3,
Marketing Management Major,Pamplin College of Business,2026-2027,College Requirements,ACIS 2115,Principles of Accounting 1,3,
Marketing Management Major,Pamplin College of Business,2026-2027,College Requirements,ACIS 2116,Principles of Accounting 1,3,
Marketing Management Major,Pamplin College of Business,2026-2027,College Requirements,BUS 1004,Foundations of Business Problem-Solving,3,
Marketing Management Major,Pamplin College of Business,2026-2027,College Requirements,BUS 1204,AI Literacy for Business,3,
Marketing Management Major,Pamplin College of Business,2026-2027,College Requirements,BUS 2004,Intermediate Applications of Business Problem-Solving,3,
Marketing Management Major,Pamplin College of Business,2026-2027,College Requirements,BUS 3004,Advanced Applications of Business Problem-Solving,3,
Marketing Management Major,Pamplin College of Business,2026-2027,College Requirements,BUS 3754,Internship in Business,1,
Marketing Management Major,Pamplin College of Business,2026-2027,College Requirements,BUS 3900,Bridge Experience,0,
Marketing Management Major,Pamplin College of Business,2026-2027,College Requirements,BUS 4004,Capstone in Business Problem-Solving,3,
Marketing Management Major,Pamplin College of Business,2026-2027,College Requirements,FIN 3104,Introduction to Finance 1,3,
Marketing Management Major,Pamplin College of Business,2026-2027,College Requirements,MGT 3404,Principles of Management 1,3,
Marketing Management Major,Pamplin College of Business,2026-2027,College Requirements,MKTG 3104,"Marketing Management 1,#",3,
Marketing Management Major,Pamplin College of Business,2026-2027,Major Requirements,MKTG 2104,Careers in Marketing,1,
Marketing Management Major,Pamplin College of Business,2026-2027,Major Requirements,MKTG 4164,Social Media and Content Marketing #,3,
Marketing Management Major,Pamplin College of Business,2026-2027,Major Requirements,MKTG 4174,Analytics & Metrics for Digital Marketing Strategy #,3,
Marketing Management Major,Pamplin College of Business,2026-2027,Major Requirements,MKTG 4304,Marketing Communications #,3,
Marketing Management Major,Pamplin College of Business,2026-2027,Pathways Concept 1 - Discourse,COMM 1015,Communication Skills (1F),3,
Marketing Management Major,Pamplin College of Business,2026-2027,Pathways Concept 1 - Discourse,COMM 1016,Communication Skills (1F),3,
Marketing Management Major,Pamplin College of Business,2026-2027,Pathways Concept 3 - Reasoning in the Social Sciences,ECON 2005,Principles of Economics 1,3,
Marketing Management Major,Pamplin College of Business,2026-2027,Pathways Concept 3 - Reasoning in the Social Sciences,ECON 2006,Principles of Economics 1,3,
Marketing Management Major,Pamplin College of Business,2026-2027,Pathways Concept 5 - Quantitative and Computational Thinking,MATH 1025,Elementary Calculus (5F),3,
Marketing Management Major,Pamplin College of Business,2026-2027,Pathways Concept 5 - Quantitative and Computational Thinking,BIT 2405,"Introduction to Business Statistics, Analytics, and Modeling (5F)",3,
Marketing Management Major,Pamplin College of Business,2026-2027,Pathways Concept 5 - Quantitative and Computational Thinking,BIT 2406,"Introduction to Business Statistics, Analytics, and Modeling (5A) 1",3,
Professional Sales in Marketing Major,Pamplin College of Business,2026-2027,Degree Core Requirements,MKTG 3164,Introduction to Digital Marketing Strategy #,3,
Professional Sales in Marketing Major,Pamplin College of Business,2026-2027,Degree Core Requirements,MKTG 4114,Introduction to AI in Marketing #,3,
Professional Sales in Marketing Major,Pamplin College of Business,2026-2027,Degree Core Requirements,MKTG 4154,Marketing Research #,3,
Professional Sales in Marketing Major,Pamplin College of Business,2026-2027,Degree Core Requirements,MKTG 4204,Consumer Behavior #,3,
Professional Sales in Marketing Major,Pamplin College of Business,2026-2027,Degree Core Requirements,MKTG 4264,Analytics for Marketing #,3,
Professional Sales in Marketing Major,Pamplin College of Business,2026-2027,Degree Core Requirements,MKTG 4554,Principles of Professional Selling #,3,
Professional Sales in Marketing Major,Pamplin College of Business,2026-2027,Degree Core Requirements,MKTG 4754,Strategic Marketing #,3,
Professional Sales in Marketing Major,Pamplin College of Business,2026-2027,College Requirements,ACIS 2115,Principles of Accounting 1,3,
Professional Sales in Marketing Major,Pamplin College of Business,2026-2027,College Requirements,ACIS 2116,Principles of Accounting 1,3,
Professional Sales in Marketing Major,Pamplin College of Business,2026-2027,College Requirements,BUS 1004,Foundations of Business Problem-Solving,3,
Professional Sales in Marketing Major,Pamplin College of Business,2026-2027,College Requirements,BUS 1204,AI Literacy for Business,3,
Professional Sales in Marketing Major,Pamplin College of Business,2026-2027,College Requirements,BUS 2004,Intermediate Applications of Business Problem-Solving,3,
Professional Sales in Marketing Major,Pamplin College of Business,2026-2027,College Requirements,BUS 3004,Advanced Applications of Business Problem-Solving,3,
Professional Sales in Marketing Major,Pamplin College of Business,2026-2027,College Requirements,BUS 3754,Internship in Business,1,
Professional Sales in Marketing Major,Pamplin College of Business,2026-2027,College Requirements,BUS 3900,Bridge Experience,0,
Professional Sales in Marketing Major,Pamplin College of Business,2026-2027,College Requirements,BUS 4004,Capstone in Business Problem-Solving,3,
Professional Sales in Marketing Major,Pamplin College of Business,2026-2027,College Requirements,FIN 3104,Introduction to Finance 1,3,
Professional Sales in Marketing Major,Pamplin College of Business,2026-2027,College Requirements,MGT 3404,Principles of Management 1,3,
Professional Sales in Marketing Major,Pamplin College of Business,2026-2027,College Requirements,MKTG 3104,"Marketing Management 1,#",3,
Professional Sales in Marketing Major,Pamplin College of Business,2026-2027,Major Requirements,MKTG 2104,Careers in Marketing,1,
Professional Sales in Marketing Major,Pamplin College of Business,2026-2027,Major Requirements,MKTG 4054,Sales Technology #,3,
Professional Sales in Marketing Major,Pamplin College of Business,2026-2027,Major Requirements,MKTG 4454,Sales Force Management #,3,
Professional Sales in Marketing Major,Pamplin College of Business,2026-2027,Major Requirements,MKTG 4604,Retail Management #,3,
Professional Sales in Marketing Major,Pamplin College of Business,2026-2027,Major Requirements,MKTG 4774,Advanced Professional Selling #,3,
Professional Sales in Marketing Major,Pamplin College of Business,2026-2027,Pathways Concept 1 - Discourse,COMM 1015,Communication Skills (1F),3,
Professional Sales in Marketing Major,Pamplin College of Business,2026-2027,Pathways Concept 1 - Discourse,COMM 1016,Communication Skills (1F),3,
Professional Sales in Marketing Major,Pamplin College of Business,2026-2027,Pathways Concept 3 - Reasoning in the Social Sciences,ECON 2005,Principles of Economics 1,3,
Professional Sales in Marketing Major,Pamplin College of Business,2026-2027,Pathways Concept 3 - Reasoning in the Social Sciences,ECON 2006,Principles of Economics 1,3,
Professional Sales in Marketing Major,Pamplin College of Business,2026-2027,Pathways Concept 5 - Quantitative and Computational Thinking,MATH 1025,Elementary Calculus (5F),3,
Professional Sales in Marketing Major,Pamplin College of Business,2026-2027,Pathways Concept 5 - Quantitative and Computational Thinking,BIT 2405,"Introduction to Business Statistics, Analytics, and Modeling (5F)",3,
Professional Sales in Marketing Major,Pamplin College of Business,2026-2027,Pathways Concept 5 - Quantitative and Computational Thinking,BIT 2406,"Introduction to Business Statistics, Analytics, and Modeling (5A) 1",3,
Real Estate Major,Pamplin College of Business,2026-2027,Degree Core Requirements,ACIS 2115,"Principles of Accounting 1,#",3,
Real Estate Major,Pamplin College of Business,2026-2027,Degree Core Requirements,FIN 3104,"Introduction to Finance 1,#",3,
Real Estate Major,Pamplin College of Business,2026-2027,Degree Core Requirements,REAL/UAP 2004,Principles of Real Estate #,3,
Real Estate Major,Pamplin College of Business,2026-2027,Degree Core Requirements,REAL 3024,Applied Real Estate Development #,3,
Real Estate Major,Pamplin College of Business,2026-2027,Degree Core Requirements,REAL 3034,Real Estate Market Analysis #,3,
Real Estate Major,Pamplin College of Business,2026-2027,Degree Core Requirements,REAL 3044,Financing Real Estate Projects #,3,
Real Estate Major,Pamplin College of Business,2026-2027,Degree Core Requirements,REAL 4754,Real Estate Law #,3,
Real Estate Major,Pamplin College of Business,2026-2027,College Requirements,ACIS 2116,Principles of Accounting 1,3,
Real Estate Major,Pamplin College of Business,2026-2027,College Requirements,BUS 1004,Foundations of Business Problem-Solving,3,
Real Estate Major,Pamplin College of Business,2026-2027,College Requirements,BUS 1204,AI Literacy for Business,3,
Real Estate Major,Pamplin College of Business,2026-2027,College Requirements,BUS 2004,Intermediate Applications of Business Problem-Solving,3,
Real Estate Major,Pamplin College of Business,2026-2027,College Requirements,BUS 3004,Advanced Applications of Business Problem-Solving,3,
Real Estate Major,Pamplin College of Business,2026-2027,College Requirements,BUS 3754,Internship in Business,1,
Real Estate Major,Pamplin College of Business,2026-2027,College Requirements,BUS 3900,Bridge Experience,0,
Real Estate Major,Pamplin College of Business,2026-2027,College Requirements,BUS 4004,Capstone in Business Problem-Solving,3,
Real Estate Major,Pamplin College of Business,2026-2027,College Requirements,MGT 3404,Principles of Management 1,3,
Real Estate Major,Pamplin College of Business,2026-2027,College Requirements,MKTG 3104,Marketing Management 1,3,
Real Estate Major,Pamplin College of Business,2026-2027,Major Requirements,PM 2664,Introduction to Property Management #,3,
Real Estate Major,Pamplin College of Business,2026-2027,Major Requirements,REAL 1014,Careers in Real Estate,1,
Real Estate Major,Pamplin College of Business,2026-2027,Major Requirements,REAL 2034,"Real Estate Data Analysis 2,#",3,
Real Estate Major,Pamplin College of Business,2026-2027,Major Requirements,REAL 4024,Sustainable Real Estate Development #,3,
Real Estate Major,Pamplin College of Business,2026-2027,Major Requirements,REAL 4074,Residential Real Estate Studio #,3,
Real Estate Major,Pamplin College of Business,2026-2027,Pathways Concept 1 - Discourse,COMM 1015,Communication Skills (1F),3,
Real Estate Major,Pamplin College of Business,2026-2027,Pathways Concept 1 - Discourse,COMM 1016,Communication Skills (1F),3,
Real Estate Major,Pamplin College of Business,2026-2027,Pathways Concept 3 - Reasoning in the Social Sciences,ECON 2005,Principles of Economics 1,3,
Real Estate Major,Pamplin College of Business,2026-2027,Pathways Concept 3 - Reasoning in the Social Sciences,ECON 2006,Principles of Economics 1,3,
Real Estate Major,Pamplin College of Business,2026-2027,Pathways Concept 5 - Quantitative and Computational Thinking,BIT 2406,"Introduction to Business Statistics, Analytics, and Modeling (5A) 1",3,
Public Health Major,Veterinary Medicine,2026-2027,Degree Core Requirements,PHS 1004,BSPH Essentials,1,
Public Health Major,Veterinary Medicine,2026-2027,Degree Core Requirements,PHS 1514,Personal Health,3,
Public Health Major,Veterinary Medicine,2026-2027,Degree Core Requirements,PHS 2004,Introduction to Public Health,3,
Public Health Major,Veterinary Medicine,2026-2027,Degree Core Requirements,PHS 3014,Introduction to Environmental Health,3,
Public Health Major,Veterinary Medicine,2026-2027,Degree Core Requirements,PHS 3074,Public Health Professional and Practicum Prep,1,
Public Health Major,Veterinary Medicine,2026-2027,Degree Core Requirements,PHS 3534,Drug Education,3,
Public Health Major,Veterinary Medicine,2026-2027,Degree Core Requirements,PHS 3634,Epidemiologic Concepts of Health and Disease,3,
Public Health Major,Veterinary Medicine,2026-2027,Degree Core Requirements,PHS 3654,Rural Health,3,
Public Health Major,Veterinary Medicine,2026-2027,Degree Core Requirements,PHS 4014,Public Health Program Planning and Evaluation,3,
Public Health Major,Veterinary Medicine,2026-2027,Degree Core Requirements,PHS 4044,Public Health Policy and Administration,3,
Public Health Major,Veterinary Medicine,2026-2027,Degree Core Requirements,PHS 4054,Concepts in One Health,3,
Public Health Major,Veterinary Medicine,2026-2027,Degree Core Requirements,PHS 4064,Modeling Infectious Diseases,3,
Public Health Major,Veterinary Medicine,2026-2027,Degree Core Requirements,PHS 4074,Practicum in Public Health,2,
Public Health Major,Veterinary Medicine,2026-2027,Degree Core Requirements,HNFE 1004,"Foods, Nutrition And Exercise",3,
Public Health Major,Veterinary Medicine,2026-2027,Degree Core Requirements,HNFE 2664,Behavioral Theory in Health Promotion,3,
Public Health Major,Veterinary Medicine,2026-2027,Degree Core Requirements,ADV 2134,Introduction to Health Communication,3,
Public Health Major,Veterinary Medicine,2026-2027,Pathways Concept 1 - Discourse,ENGL 1105,First-Year Writing ( Pathway 1f ),3,
Public Health Major,Veterinary Medicine,2026-2027,Pathways Concept 1 - Discourse,ENGL 1106,First-Year Writing ( Pathway 1f ),3,
Public Health Major,Veterinary Medicine,2026-2027,Pathways Concept 3 - Reasoning in the Social Sciences,PSYC 1004,Introductory Psychology ( Pathway 3 ),3,
Public Health Major,Veterinary Medicine,2026-2027,Pathways Concept 3 - Reasoning in the Social Sciences,SOC 1004,Introductory Sociology ( Pathway 3 ),3,
Public Health Major,Veterinary Medicine,2026-2027,Pathways Concept 4 - Reasoning in the Natural Sciences,BIOL 1105,Principles of Biology ( Pathway 4 ),3,
Public Health Major,Veterinary Medicine,2026-2027,Pathways Concept 4 - Reasoning in the Natural Sciences,BIOL 1106,Principles of Biology ( Pathway 4 ),3,
Public Health Major,Veterinary Medicine,2026-2027,Pathways Concept 5 - Quantitative and Computational Thinking,MATH 1014,Precalculus with Transcendental Functions ( Pathway 5f ),3,
Public Health Major,Veterinary Medicine,2026-2027,Pathways Concept 5 - Quantitative and Computational Thinking,STAT 2004,Introductory Statistics ( Pathway 5f ),3,
Public Health Major,Veterinary Medicine,2026-2027,Pathways Concept 5 - Quantitative and Computational Thinking,STAT 3604,Statistics for Social Science ( Pathway 5a ),3,
Public Health Major with Pre-Medical Professions Option,Veterinary Medicine,2026-2027,Degree Core Requirements,PHS 1004,BSPH Essentials,1,
Public Health Major with Pre-Medical Professions Option,Veterinary Medicine,2026-2027,Degree Core Requirements,PHS 1514,Personal Health,3,
Public Health Major with Pre-Medical Professions Option,Veterinary Medicine,2026-2027,Degree Core Requirements,PHS 2004,Introduction to Public Health,3,
Public Health Major with Pre-Medical Professions Option,Veterinary Medicine,2026-2027,Degree Core Requirements,PHS 3014,Introduction to Environmental Health,3,
Public Health Major with Pre-Medical Professions Option,Veterinary Medicine,2026-2027,Degree Core Requirements,PHS 3074,Public Health Professional and Practicum Prep,1,
Public Health Major with Pre-Medical Professions Option,Veterinary Medicine,2026-2027,Degree Core Requirements,PHS 3534,Drug Education,3,
Public Health Major with Pre-Medical Professions Option,Veterinary Medicine,2026-2027,Degree Core Requirements,PHS 3634,Epidemiologic Concepts of Health and Disease,3,
Public Health Major with Pre-Medical Professions Option,Veterinary Medicine,2026-2027,Degree Core Requirements,PHS 3654,Rural Health,3,
Public Health Major with Pre-Medical Professions Option,Veterinary Medicine,2026-2027,Degree Core Requirements,PHS 4014,Public Health Program Planning and Evaluation,3,
Public Health Major with Pre-Medical Professions Option,Veterinary Medicine,2026-2027,Degree Core Requirements,PHS 4044,Public Health Policy and Administration,3,
Public Health Major with Pre-Medical Professions Option,Veterinary Medicine,2026-2027,Degree Core Requirements,PHS 4054,Concepts in One Health,3,
Public Health Major with Pre-Medical Professions Option,Veterinary Medicine,2026-2027,Degree Core Requirements,PHS 4064,Modeling Infectious Diseases,3,
Public Health Major with Pre-Medical Professions Option,Veterinary Medicine,2026-2027,Degree Core Requirements,PHS 4074,Practicum in Public Health,2,
Public Health Major with Pre-Medical Professions Option,Veterinary Medicine,2026-2027,Degree Core Requirements,HNFE 1004,"Foods, Nutrition And Exercise",3,
Public Health Major with Pre-Medical Professions Option,Veterinary Medicine,2026-2027,Degree Core Requirements,HNFE 2664,Behavioral Theory in Health Promotion,3,
Public Health Major with Pre-Medical Professions Option,Veterinary Medicine,2026-2027,Degree Core Requirements,ADV 2134,Introduction to Health Communication,3,
Public Health Major with Pre-Medical Professions Option,Veterinary Medicine,2026-2027,Option Required Courses,BIOL 1115,Principles of Biology Laboratory,1,
Public Health Major with Pre-Medical Professions Option,Veterinary Medicine,2026-2027,Option Required Courses,BIOL 1116,Principles of Biology Laboratory,1,
Public Health Major with Pre-Medical Professions Option,Veterinary Medicine,2026-2027,Option Required Courses,CHEM 1035,General Chemistry and General Chemistry Laboratory,4,
Public Health Major with Pre-Medical Professions Option,Veterinary Medicine,2026-2027,Option Required Courses,CHEM 1036,General Chemistry and General Chemistry Laboratory,4,
Public Health Major with Pre-Medical Professions Option,Veterinary Medicine,2026-2027,Option Required Courses,BCHM 2024,Concepts of Biochemistry,3,
Public Health Major with Pre-Medical Professions Option,Veterinary Medicine,2026-2027,Pathways Concept 1 - Discourse,ENGL 1105,First-Year Writing,3,
Public Health Major with Pre-Medical Professions Option,Veterinary Medicine,2026-2027,Pathways Concept 1 - Discourse,ENGL 1106,First-Year Writing,3,
Public Health Major with Pre-Medical Professions Option,Veterinary Medicine,2026-2027,Pathways Concept 1 - Discourse,COMM 2004,Public Speaking,3,
Public Health Major with Pre-Medical Professions Option,Veterinary Medicine,2026-2027,Pathways Concept 3 - Reasoning in the Social Sciences,PSYC 1004,Introductory Psychology ( Pathway 3 ),3,
Public Health Major with Pre-Medical Professions Option,Veterinary Medicine,2026-2027,Pathways Concept 3 - Reasoning in the Social Sciences,SOC 1004,Introductory Sociology ( Pathway 3 ),3,
Public Health Major with Pre-Medical Professions Option,Veterinary Medicine,2026-2027,Pathways Concept 4 - Reasoning in the Natural Sciences,BIOL 1105,Principles of Biology ( Pathway 4 ),3,
Public Health Major with Pre-Medical Professions Option,Veterinary Medicine,2026-2027,Pathways Concept 4 - Reasoning in the Natural Sciences,BIOL 1106,Principles of Biology ( Pathway 4 ),3,
Public Health Major with Pre-Medical Professions Option,Veterinary Medicine,2026-2027,Pathways Concept 5 - Quantitative and Computational Thinking,MATH 1025,Elementary Calculus,3,
Public Health Major with Pre-Medical Professions Option,Veterinary Medicine,2026-2027,Pathways Concept 5 - Quantitative and Computational Thinking,MATH 1026,Elementary Calculus,3,
Public Health Major with Pre-Medical Professions Option,Veterinary Medicine,2026-2027,Pathways Concept 5 - Quantitative and Computational Thinking,STAT 3615,Biological Statistics,3,
Public Health Major with Pre-Veterinary Professions Option,Veterinary Medicine,2026-2027,Degree Core Requirements,PHS 1004,BSPH Essentials,1,
Public Health Major with Pre-Veterinary Professions Option,Veterinary Medicine,2026-2027,Degree Core Requirements,PHS 1514,Personal Health,3,
Public Health Major with Pre-Veterinary Professions Option,Veterinary Medicine,2026-2027,Degree Core Requirements,PHS 2004,Introduction to Public Health,3,
Public Health Major with Pre-Veterinary Professions Option,Veterinary Medicine,2026-2027,Degree Core Requirements,PHS 3014,Introduction to Environmental Health,3,
Public Health Major with Pre-Veterinary Professions Option,Veterinary Medicine,2026-2027,Degree Core Requirements,PHS 3074,Public Health Professional and Practicum Prep,1,
Public Health Major with Pre-Veterinary Professions Option,Veterinary Medicine,2026-2027,Degree Core Requirements,PHS 3534,Drug Education,3,
Public Health Major with Pre-Veterinary Professions Option,Veterinary Medicine,2026-2027,Degree Core Requirements,PHS 3634,Epidemiologic Concepts of Health and Disease,3,
Public Health Major with Pre-Veterinary Professions Option,Veterinary Medicine,2026-2027,Degree Core Requirements,PHS 4014,Public Health Program Planning and Evaluation,3,
Public Health Major with Pre-Veterinary Professions Option,Veterinary Medicine,2026-2027,Degree Core Requirements,PHS 4044,Public Health Policy and Administration,3,
Public Health Major with Pre-Veterinary Professions Option,Veterinary Medicine,2026-2027,Degree Core Requirements,PHS 4054,Concepts in One Health,3,
Public Health Major with Pre-Veterinary Professions Option,Veterinary Medicine,2026-2027,Degree Core Requirements,PHS 4064,Modeling Infectious Diseases,3,
Public Health Major with Pre-Veterinary Professions Option,Veterinary Medicine,2026-2027,Degree Core Requirements,PHS 4074,Practicum in Public Health,2,
Public Health Major with Pre-Veterinary Professions Option,Veterinary Medicine,2026-2027,Degree Core Requirements,HNFE 1004,"Foods, Nutrition And Exercise",3,
Public Health Major with Pre-Veterinary Professions Option,Veterinary Medicine,2026-2027,Degree Core Requirements,HNFE 2664,Behavioral Theory in Health Promotion,3,
Public Health Major with Pre-Veterinary Professions Option,Veterinary Medicine,2026-2027,Degree Core Requirements,PHS 3654,Rural Health,3,
Public Health Major with Pre-Veterinary Professions Option,Veterinary Medicine,2026-2027,Degree Core Requirements,ADV 2134,Introduction to Health Communication,3,
Public Health Major with Pre-Veterinary Professions Option,Veterinary Medicine,2026-2027,Option Required Courses,BIOL 1115,Principles of Biology Laboratory,1,
Public Health Major with Pre-Veterinary Professions Option,Veterinary Medicine,2026-2027,Option Required Courses,BIOL 1116,Principles of Biology Laboratory,1,
Public Health Major with Pre-Veterinary Professions Option,Veterinary Medicine,2026-2027,Option Required Courses,CHEM 1035,General Chemistry and General Chemistry Laboratory,4,
Public Health Major with Pre-Veterinary Professions Option,Veterinary Medicine,2026-2027,Option Required Courses,CHEM 1036,General Chemistry and General Chemistry Laboratory,4,
Public Health Major with Pre-Veterinary Professions Option,Veterinary Medicine,2026-2027,Option Required Courses,CHEM 2535,Organic Chemistry and Organic Chemistry Laboratory,4,
Public Health Major with Pre-Veterinary Professions Option,Veterinary Medicine,2026-2027,Option Required Courses,PHYS 2205,General Physics and General Physics Laboratory,4,
Public Health Major with Pre-Veterinary Professions Option,Veterinary Medicine,2026-2027,Option Required Courses,BCHM 2024,Concepts of Biochemistry,3,
Public Health Major with Pre-Veterinary Professions Option,Veterinary Medicine,2026-2027,Pathways Concept 1 - Discourse,ENGL 1105,First-Year Writing ( Pathway 1f ),3,
Public Health Major with Pre-Veterinary Professions Option,Veterinary Medicine,2026-2027,Pathways Concept 1 - Discourse,ENGL 1106,First-Year Writing ( Pathway 1f ),3,
Public Health Major with Pre-Veterinary Professions Option,Veterinary Medicine,2026-2027,Pathways Concept 1 - Discourse,COMM 2004,Public Speaking,3,
Public Health Major with Pre-Veterinary Professions Option,Veterinary Medicine,2026-2027,Pathways Concept 3 - Reasoning in the Social Sciences,PSYC 1004,Introductory Psychology ( Pathway 3 ),3,
Public Health Major with Pre-Veterinary Professions Option,Veterinary Medicine,2026-2027,Pathways Concept 3 - Reasoning in the Social Sciences,SOC 1004,Introductory Sociology ( Pathway 3 ),3,
Public Health Major with Pre-Veterinary Professions Option,Veterinary Medicine,2026-2027,Pathways Concept 4 - Reasoning in the Natural Sciences,BIOL 1105,Principles of Biology ( Pathway 4 ),3,
Public Health Major with Pre-Veterinary Professions Option,Veterinary Medicine,2026-2027,Pathways Concept 4 - Reasoning in the Natural Sciences,BIOL 1106,Principles of Biology ( Pathway 4 ),3,
Public Health Major with Pre-Veterinary Professions Option,Veterinary Medicine,2026-2027,Pathways Concept 5 - Quantitative and Computational Thinking,MATH 1025,Elementary Calculus ( Pathway 5f ),3,
Public Health Major with Pre-Veterinary Professions Option,Veterinary Medicine,2026-2027,Pathways Concept 5 - Quantitative and Computational Thinking,MATH 1026,Elementary Calculus ( Pathway 5f ),3,
Public Health Major with Pre-Veterinary Professions Option,Veterinary Medicine,2026-2027,Pathways Concept 5 - Quantitative and Computational Thinking,STAT 3615,Biological Statistics ( Pathway 5a ),3,
